parcelx	LH_Vis_1	LH_Vis_2	LH_Vis_3	LH_Vis_4	LH_Vis_5	LH_Vis_6	LH_Vis_7	LH_Vis_8	LH_Vis_9	LH_Vis_10	LH_Vis_11	LH_Vis_12	LH_Vis_13	LH_Vis_14	LH_SomMot_1	LH_SomMot_2	LH_SomMot_3	LH_SomMot_4	LH_SomMot_5	LH_SomMot_6	LH_SomMot_7	LH_SomMot_8	LH_SomMot_9	LH_SomMot_10	LH_SomMot_11	LH_SomMot_12	LH_SomMot_13	LH_SomMot_14	LH_SomMot_15	LH_SomMot_16	LH_DorsAttn_Post_1	LH_DorsAttn_Post_2	LH_DorsAttn_Post_3	LH_DorsAttn_Post_4	LH_DorsAttn_Post_5	LH_DorsAttn_Post_6	LH_DorsAttn_Post_7	LH_DorsAttn_Post_8	LH_DorsAttn_Post_9	LH_DorsAttn_Post_10	LH_DorsAttn_FEF_1	LH_DorsAttn_FEF_2	LH_DorsAttn_PrCv_1	LH_SalVentAttn_ParOper_1	LH_SalVentAttn_ParOper_2	LH_SalVentAttn_ParOper_3	LH_SalVentAttn_FrOperIns_1	LH_SalVentAttn_FrOperIns_2	LH_SalVentAttn_FrOperIns_3	LH_SalVentAttn_FrOperIns_4	LH_SalVentAttn_PFCl_1	LH_SalVentAttn_Med_1	LH_SalVentAttn_Med_2	LH_SalVentAttn_Med_3	LH_Limbic_OFC_1	LH_Limbic_OFC_2	LH_Limbic_TempPole_1	LH_Limbic_TempPole_2	LH_Limbic_TempPole_3	LH_Limbic_TempPole_4	LH_Cont_Par_1	LH_Cont_Par_2	LH_Cont_Par_3	LH_Cont_Temp_1	LH_Cont_OFC_1	LH_Cont_PFCl_1	LH_Cont_PFCl_2	LH_Cont_PFCl_3	LH_Cont_PFCl_4	LH_Cont_PFCl_5	LH_Cont_pCun_1	LH_Cont_Cing_1	LH_Cont_Cing_2	LH_Default_Temp_1	LH_Default_Temp_2	LH_Default_Temp_3	LH_Default_Temp_4	LH_Default_Temp_5	LH_Default_Par_1	LH_Default_Par_2	LH_Default_Par_3	LH_Default_Par_4	LH_Default_PFC_1	LH_Default_PFC_2	LH_Default_PFC_3	LH_Default_PFC_4	LH_Default_PFC_5	LH_Default_PFC_6	LH_Default_PFC_7	LH_Default_PFC_8	LH_Default_PFC_9	LH_Default_PFC_10	LH_Default_PFC_11	LH_Default_PFC_12	LH_Default_PFC_13	LH_Default_pCunPCC_1	LH_Default_pCunPCC_2	LH_Default_pCunPCC_3	LH_Default_pCunPCC_4	LH_Default_PHC_1	RH_Vis_1	RH_Vis_2	RH_Vis_3	RH_Vis_4	RH_Vis_5	RH_Vis_6	RH_Vis_7	RH_Vis_8	RH_Vis_9	RH_Vis_10	RH_Vis_11	RH_Vis_12	RH_Vis_13	RH_Vis_14	RH_Vis_15	RH_SomMot_1	RH_SomMot_2	RH_SomMot_3	RH_SomMot_4	RH_SomMot_5	RH_SomMot_6	RH_SomMot_7	RH_SomMot_8	RH_SomMot_9	RH_SomMot_10	RH_SomMot_11	RH_SomMot_12	RH_SomMot_13	RH_SomMot_14	RH_SomMot_15	RH_SomMot_16	RH_SomMot_17	RH_SomMot_18	RH_SomMot_19	RH_DorsAttn_Post_1	RH_DorsAttn_Post_2	RH_DorsAttn_Post_3	RH_DorsAttn_Post_4	RH_DorsAttn_Post_5	RH_DorsAttn_Post_6	RH_DorsAttn_Post_7	RH_DorsAttn_Post_8	RH_DorsAttn_Post_9	RH_DorsAttn_Post_10	RH_DorsAttn_FEF_1	RH_DorsAttn_FEF_2	RH_DorsAttn_PrCv_1	RH_SalVentAttn_TempOccPar_1	RH_SalVentAttn_TempOccPar_2	RH_SalVentAttn_TempOccPar_3	RH_SalVentAttn_PrC_1	RH_SalVentAttn_FrOperIns_1	RH_SalVentAttn_FrOperIns_2	RH_SalVentAttn_FrOperIns_3	RH_SalVentAttn_FrOperIns_4	RH_SalVentAttn_Med_1	RH_SalVentAttn_Med_2	RH_SalVentAttn_Med_3	RH_Limbic_OFC_1	RH_Limbic_OFC_2	RH_Limbic_OFC_3	RH_Limbic_TempPole_1	RH_Limbic_TempPole_2	RH_Limbic_TempPole_3	RH_Cont_Par_1	RH_Cont_Par_2	RH_Cont_Par_3	RH_Cont_Temp_1	RH_Cont_PFCv_1	RH_Cont_PFCl_1	RH_Cont_PFCl_2	RH_Cont_PFCl_3	RH_Cont_PFCl_4	RH_Cont_PFCl_5	RH_Cont_PFCl_6	RH_Cont_PFCl_7	RH_Cont_pCun_1	RH_Cont_Cing_1	RH_Cont_Cing_2	RH_Cont_PFCmp_1	RH_Cont_PFCmp_2	RH_Default_Par_1	RH_Default_Par_2	RH_Default_Par_3	RH_Default_Temp_1	RH_Default_Temp_2	RH_Default_Temp_3	RH_Default_Temp_4	RH_Default_Temp_5	RH_Default_PFCv_1	RH_Default_PFCdPFCm_1	RH_Default_PFCdPFCm_2	RH_Default_PFCdPFCm_3	RH_Default_PFCdPFCm_4	RH_Default_PFCdPFCm_5	RH_Default_PFCdPFCm_6	RH_Default_PFCdPFCm_7	RH_Default_pCunPCC_1	RH_Default_pCunPCC_2	RH_Default_pCunPCC_3
LH_Vis_1	1.0	0.3265	0.3917	0.3013	0.1356	0.2378	0.3319	0.4613	0.3755	0.4014	0.5361	0.3921	0.4686	0.5744	0.1129	0.0896	0.1067	-0.1649	0.0632	-0.0765	0.2785	-0.0948	0.0137	-0.1901	0.0205	0.0231	-0.0335	0.1173	-0.0635	-0.0847	0.1326	0.2647	0.3208	0.2213	0.2043	0.0223	0.2204	0.3302	0.0133	-0.0176	0.062	-0.1348	-0.0994	-0.0471	0.2487	0.2978	0.3089	-0.0724	0.2381	-0.2003	0.1351	-0.0036	0.132	-0.44	-0.0364	0.1299	0.2049	-0.2538	0.29	0.1006	-0.1124	-0.3013	-0.0365	-0.2468	-0.1053	-0.2644	-0.1571	-0.2146	-0.5746	-0.246	0.151	0.122	-0.2207	-0.331	-0.3069	-0.4057	-0.365	-0.447	-0.3282	-0.1967	-0.171	-0.5827	-0.2837	-0.2862	-0.2855	-0.3354	-0.3748	-0.2218	-0.4558	0.0375	-0.4777	-0.4811	-0.4368	-0.3053	-0.5713	-0.1108	-0.2913	-0.4633	-0.2785	0.1842	0.2201	0.2357	0.3632	0.3033	0.4085	0.0863	0.1315	0.1448	0.4041	0.2644	0.4833	0.3436	0.312	0.4856	0.5245	0.0366	-0.0941	0.2936	-0.0222	0.1013	0.2729	0.0171	0.3095	0.1361	0.2575	0.0952	-0.1297	-0.1848	0.0481	0.1302	0.3601	0.0426	-0.0379	-0.1025	0.5062	0.4826	0.236	0.3487	0.279	0.2837	0.4671	0.3793	0.2181	0.3241	0.4854	-0.0228	0.4571	0.2366	0.1938	0.4122	0.4833	0.3913	0.2015	0.1741	0.3164	0.1905	0.4604	0.1509	0.1845	0.1273	-0.0244	0.2575	0.2513	0.1209	0.4648	0.0449	-0.0048	-0.0575	-0.0143	-0.0063	-0.1601	0.394	0.1042	0.3412	0.1158	-0.1318	0.199	0.1466	0.1451	0.0514	-0.1193	-0.0046	0.0569	-0.1272	0.0284	-0.1998	-0.1625	-0.0945	0.0826	0.2849	-0.2598	-0.0072	0.1719	-0.3009	-0.1937	0.0495	-0.2599	0.0265	-0.1127	0.1091
LH_Vis_2	0.3265	1.0	0.325	0.236	0.5252	0.0908	0.3888	0.5349	0.6375	0.2333	0.3212	0.1779	0.297	0.5227	0.0677	0.1883	0.2895	0.1398	-0.0194	0.1547	0.2659	0.3832	-0.1243	-0.1206	-0.021	-0.0597	0.0968	-0.2759	0.0416	0.1256	-0.0924	-0.3194	-0.1581	-0.1053	-0.1981	-0.4819	-0.4136	0.2959	-0.4998	0.0792	-0.3808	-0.6245	-0.6012	0.0648	-0.0661	-0.1751	0.3653	-0.328	0.222	-0.1767	-0.2294	-0.243	0.0029	-0.277	-0.0437	-0.0046	0.1335	-0.2073	0.0743	0.2463	-0.3029	-0.4429	-0.5392	-0.3845	-0.3531	-0.3601	-0.323	-0.5406	-0.4694	-0.5483	-0.2584	-0.182	-0.0713	0.0508	-0.1619	0.0414	0.0454	-0.231	0.0616	-0.5669	-0.0009	-0.2465	-0.0816	-0.2492	0.1063	-0.2752	-0.1698	-0.0907	-0.1198	-0.0258	-0.1002	-0.2696	-0.2636	-0.6037	-0.2977	-0.4398	-0.1993	-0.4382	-0.2028	-0.1879	0.1924	-0.3286	0.6561	0.5195	0.614	0.4574	-0.0717	0.5653	0.2013	0.1302	0.4442	0.4116	0.1173	0.3147	0.1518	0.0234	-0.1913	0.2593	0.2962	0.3653	0.1985	0.1286	0.4344	0.0864	0.5581	0.14	-0.0798	-0.0502	-0.0673	0.1864	0.0051	0.4715	0.0061	0.1277	0.4552	0.6378	0.0539	-0.0855	0.0804	-0.1401	0.1486	0.213	-0.2965	0.1186	0.1408	-0.3588	0.3273	0.5441	0.399	0.2768	0.2271	0.0776	0.2276	-0.3601	0.4833	0.3547	0.2101	0.1917	-0.0668	0.0789	-0.0047	0.2064	0.189	-0.0503	0.2394	-0.1661	-0.1443	-0.0769	-0.131	-0.179	-0.3245	0.1669	-0.0388	0.1069	-0.239	-0.0114	-0.1503	-0.0804	-0.0714	0.069	-0.14	-0.2668	0.3192	0.0338	0.3676	0.1264	-0.0259	0.2983	0.4645	0.4476	-0.1571	-0.0872	-0.0834	0.0598	0.206	-0.2004	-0.1727	-0.3438	-0.1409	0.0538
LH_Vis_3	0.3917	0.325	1.0	0.0301	0.1682	0.1683	0.0758	0.4378	0.3234	0.0412	0.798	0.007	-0.0209	0.3946	0.1269	0.1033	-0.0444	0.1004	-0.0482	0.0548	0.4038	0.081	0.0522	-0.0257	0.3651	0.0336	0.1064	0.1775	0.1245	0.3033	0.366	0.3908	0.3038	0.4526	0.377	-0.0167	0.1816	0.193	-0.1511	0.0357	-0.1208	-0.2113	-0.1181	0.1459	0.3153	0.2902	0.0044	-0.0888	0.2235	0.0013	-0.0043	0.1028	-0.0202	-0.1037	0.0896	-0.0589	0.3685	0.0835	0.2294	0.0732	-0.3536	-0.2143	-0.0745	-0.1818	-0.0424	-0.0639	-0.2033	-0.0147	-0.1351	-0.1166	-0.1394	-0.2165	-0.0976	0.0161	-0.1912	-0.0611	-0.1958	-0.0394	-0.153	-0.3656	-0.2222	-0.2763	0.0131	-0.2636	0.0963	-0.1403	-0.0394	-0.0558	-0.1677	0.1746	-0.2062	-0.098	-0.1255	-0.3111	-0.175	-0.2409	-0.3167	-0.3124	-0.3742	0.1913	0.3236	0.2391	0.3245	0.1345	0.7238	-0.0066	-0.0014	0.1771	0.1657	-0.0216	0.6132	0.1443	0.0214	0.0359	0.2713	-0.0995	-0.0393	0.1302	0.091	0.0383	0.259	0.0935	0.2942	-0.0624	0.3297	0.259	-0.1138	0.255	-0.1173	0.239	0.3975	0.2342	0.3341	0.4148	0.5378	0.2707	0.3289	0.0539	0.3805	-0.1398	0.4166	0.4728	-0.0937	0.3997	0.0917	-0.2355	0.159	0.0627	0.1767	0.3915	0.383	0.0725	0.2219	0.0673	0.3001	0.2231	0.1267	0.0737	-0.1209	0.0047	-0.3127	0.2198	-0.1412	0.0801	0.0076	-0.3386	-0.2886	-0.3176	-0.3095	-0.1971	-0.3138	0.0754	-0.1762	0.0037	-0.0476	-0.2125	-0.1903	-0.2401	-0.247	0.0832	-0.2015	-0.3004	-0.2439	-0.2538	0.2738	-0.2947	-0.0406	-0.2137	0.0441	0.0219	-0.3127	-0.2046	0.13	-0.391	-0.2046	-0.277	-0.4438	-0.2223	-0.37	-0.2497
LH_Vis_4	0.3013	0.236	0.0301	1.0	0.1085	0.2729	0.4544	0.1271	0.0964	0.6655	0.0313	0.562	0.5653	0.1928	0.0201	-0.0243	0.1107	-0.1295	0.0956	-0.1552	0.0196	0.1894	-0.0366	-0.1064	-0.1992	-0.1291	-0.1051	0.0522	-0.0718	-0.0347	0.0912	0.1974	0.2354	0.0114	0.0237	0.1772	0.0536	-0.0809	0.0207	-0.0953	0.0755	-0.0624	0.034	-0.0742	0.1278	0.2779	0.265	0.1475	0.2238	-0.0831	0.0443	0.1713	0.1227	-0.2334	-0.1777	-0.0734	-0.0755	-0.2302	-0.0282	-0.1062	0.0248	0.1089	0.1939	0.118	0.0193	0.034	0.0599	-0.1184	-0.2026	0.0681	0.252	0.0696	-0.221	-0.4629	-0.1775	-0.4215	-0.1753	-0.4566	-0.2014	0.1698	-0.2141	-0.1772	-0.1508	-0.3638	-0.3683	-0.5508	-0.3631	-0.3973	-0.3509	-0.1703	-0.3451	-0.1392	-0.1625	-0.0882	-0.4715	-0.0322	-0.0018	-0.0652	0.1249	0.0572	-0.0341	-0.0989	-0.0024	0.5132	-0.0347	0.1318	0.1195	-0.0412	0.762	0.6369	-0.1971	0.2496	0.5583	0.4769	0.0929	0.0561	-0.2573	0.3492	0.1308	0.1678	0.156	-0.0611	0.2538	0.246	0.1261	0.3109	0.0113	-0.2552	0.1641	0.1597	0.1297	0.1779	-0.1748	-0.1677	0.2184	0.4117	-0.0169	0.2677	0.1247	0.1619	0.1543	0.0442	0.1681	0.0559	0.222	-0.212	0.3351	0.1885	0.1713	0.2734	0.2566	0.1445	0.1526	0.2677	0.2315	0.2933	0.2022	0.1866	0.0864	0.179	-0.2562	0.0091	-0.0106	0.0133	0.4333	0.1853	0.2119	0.243	0.2171	0.1482	0.1329	0.2377	0.2803	0.1101	-0.1052	0.1422	0.3253	-0.1145	-0.1127	0.0927	-0.0944	0.2133	0.2925	0.0541	-0.2605	0.0472	-0.0934	0.1939	-0.0789	0.0499	-0.117	-0.0974	0.0372	-0.0575	-0.1964	-0.0035	-0.1806	0.0488	0.136	0.24
LH_Vis_5	0.1356	0.5252	0.1682	0.1085	1.0	-0.0374	0.5587	0.5642	0.7368	0.1126	0.1424	-0.0254	0.1457	0.3767	0.3153	0.4045	0.2851	0.0596	0.0057	-0.1443	-0.0671	0.2036	-0.1034	0.2424	0.1449	0.0789	0.2686	-0.3786	0.2075	0.338	-0.091	-0.2605	-0.1138	-0.1938	-0.3176	-0.4028	-0.3809	0.274	-0.3805	0.1294	-0.4992	-0.4067	-0.5788	0.4	-0.098	-0.2877	0.3366	-0.2511	0.0295	-0.4927	-0.1176	-0.194	0.0396	-0.305	-0.0149	-0.0734	-0.1691	-0.218	-0.227	-0.0372	-0.2224	-0.1374	-0.3328	-0.0684	-0.029	-0.1363	-0.2073	-0.2513	-0.3047	-0.4294	-0.1484	-0.0814	-0.138	-0.1628	0.0142	-0.1514	-0.1083	-0.1745	0.0623	-0.3265	-0.274	-0.0112	-0.0233	-0.0941	-0.0264	-0.0297	-0.336	0.0396	-0.0319	0.0772	-0.0932	-0.1935	-0.1008	-0.2477	-0.1806	-0.295	-0.0531	-0.0718	-0.2146	-0.2107	0.0641	-0.2356	0.3102	0.205	0.4526	0.6319	0.0635	0.8093	0.1652	0.0745	0.2157	0.3334	0.1069	0.174	0.061	0.1546	0.1299	-0.0758	0.274	0.159	0.1022	-0.3505	0.4374	-0.0482	0.3868	-0.0276	0.0955	0.0822	-0.1128	0.2632	-0.2698	0.2593	0.2605	0.1116	0.0491	0.5576	-0.1483	-0.1619	-0.0324	-0.0672	-0.0504	0.0893	-0.2186	0.0675	-0.1055	-0.2077	0.0347	0.5033	0.6281	0.1143	-0.0308	0.0425	0.2408	-0.3464	0.2806	0.099	0.2797	-0.0184	-0.068	0.0613	-0.1051	-0.083	0.0117	-0.0859	0.0841	-0.0814	-0.1188	-0.0826	-0.018	-0.1178	-0.0848	0.176	-0.1178	0.2377	-0.1011	-0.0355	-0.1294	-0.0748	-0.1564	0.2078	-0.1841	-0.3033	0.0842	0.1034	0.0361	-0.131	-0.0652	0.0455	0.341	0.0407	-0.1511	0.244	0.0761	-0.1406	0.1426	0.0001	-0.0547	-0.214	-0.1489	-0.0056
LH_Vis_6	0.2378	0.0908	0.1683	0.2729	-0.0374	1.0	0.138	-0.0511	-0.1042	0.2922	0.0065	0.2251	0.1405	0.0628	-0.0333	-0.0335	0.025	-0.1164	0.0629	0.247	0.2647	-0.0662	-0.0972	-0.0543	-0.3052	0.0251	-0.0967	0.0049	-0.2855	-0.0598	0.3133	-0.0756	0.0922	0.0227	-0.0589	-0.0129	-0.0301	-0.0689	-0.0812	-0.4057	0.0569	0.1179	-0.1385	-0.1159	-0.0122	-0.0467	0.1408	0.0261	0.0159	-0.0737	-0.2226	0.2477	-0.0053	-0.1112	0.3921	0.1386	0.156	0.2468	0.1875	-0.0168	-0.4026	-0.0961	-0.0269	0.0562	-0.0557	-0.1546	-0.1449	-0.1698	-0.1597	0.1255	0.1826	-0.2046	-0.119	-0.1907	0.1109	-0.0825	-0.3397	-0.0856	-0.3027	-0.0616	-0.3597	-0.1187	-0.1531	0.0801	-0.2229	-0.0594	-0.2671	0.1074	-0.1395	0.203	-0.1659	-0.0877	-0.2698	-0.0233	-0.1881	0.1173	-0.0781	-0.008	-0.2281	0.3973	0.2826	0.2261	0.0199	0.0793	0.0922	-0.0641	0.134	-0.1781	0.1854	0.2723	-0.0369	0.0162	0.2961	0.159	-0.0209	0.1398	-0.1237	0.1129	0.103	0.1011	0.1892	0.2916	0.1778	0.0197	0.259	0.0259	-0.0252	-0.2668	-0.0712	-0.0194	0.0092	-0.1033	-0.0342	0.083	0.1926	0.0351	0.0388	0.0098	0.0179	0.1033	0.0384	-0.12	0.0126	-0.2099	0.019	-0.0493	0.0565	-0.1542	-0.0243	0.1356	0.3013	0.0823	0.2541	0.158	0.0757	0.1359	0.0812	0.0097	0.2546	0.2412	0.113	0.1876	0.2487	0.0594	-0.133	-0.0329	0.1138	0.0231	0.0559	-0.0147	0.0984	-0.108	0.1681	-0.1709	-0.1325	-0.0641	0.1908	0.0042	0.0972	0.3004	-0.1316	0.0854	-0.2194	-0.0581	-0.0467	0.153	-0.0067	-0.2046	-0.3638	-0.0312	0.203	0.325	0.0874	-0.2093	-0.2763	-0.0273	0.0869	0.1616	0.1495	0.0996
LH_Vis_7	0.3319	0.3888	0.0758	0.4544	0.5587	0.138	1.0	0.2933	0.4892	0.5522	0.0306	0.4582	0.5471	0.4176	0.0629	-0.0156	0.2437	-0.1065	0.1161	-0.0432	0.025	0.1549	-0.0989	-0.0069	0.0481	0.011	0.2775	-0.1224	0.1504	0.0725	0.2259	0.0678	0.2909	-0.1148	-0.0587	0.0533	0.0015	0.4233	-0.1136	0.1703	-0.3886	-0.2623	-0.2748	0.0941	-0.0334	-0.0289	0.2821	-0.2842	0.2477	-0.4707	-0.2214	-0.1606	0.0383	-0.3726	0.1661	0.1871	0.0285	-0.1574	-0.0439	0.13	-0.1834	0.1354	-0.0642	0.1459	-0.0778	-0.1533	-0.4227	-0.0882	-0.3076	-0.1849	0.3601	0.1526	-0.0532	-0.4372	-0.1955	-0.4777	-0.2481	-0.3794	-0.2007	-0.0571	-0.3938	-0.2992	-0.3738	-0.2591	-0.3797	-0.3459	-0.6204	-0.2992	-0.4648	-0.1801	-0.4983	-0.4826	-0.3227	-0.4014	-0.6567	0.0691	0.1081	0.06	-0.1866	0.097	0.2224	0.039	0.1083	0.4358	0.0803	0.5989	0.165	0.3062	0.6407	0.4441	0.0354	0.4194	0.5349	0.5065	0.4041	-0.0761	-0.0876	0.0316	0.046	0.0882	-0.0051	-0.156	0.3969	0.0536	0.2772	0.1396	-0.0498	-0.0902	-0.0916	0.2224	-0.0154	0.1504	0.0236	0.004	0.2297	0.5198	0.0021	0.099	0.1042	0.3616	0.1898	0.2077	0.1275	0.2468	0.1772	-0.2998	0.2046	0.4705	0.4362	0.1757	0.3673	0.2591	0.034	-0.1571	0.0915	-0.0144	0.4582	-0.2186	0.3262	0.1607	-0.1421	0.1586	0.2279	0.1027	0.2981	0.102	0.2595	0.2197	-0.0953	0.0834	-0.1563	0.3113	0.2673	0.0636	-0.2566	-0.0328	0.3592	0.1176	-0.0525	0.067	-0.4472	0.0647	0.0588	0.0606	-0.147	-0.0093	-0.2046	-0.0293	-0.0555	-0.1136	-0.1582	0.2189	0.154	-0.3131	-0.4211	-0.0481	-0.4594	0.0491	0.1322	0.2983
LH_Vis_8	0.4613	0.5349	0.4378	0.1271	0.5642	-0.0511	0.2933	1.0	0.7471	0.2137	0.4702	0.0837	0.2947	0.606	0.1758	0.436	0.2826	0.1113	0.0302	-0.1019	0.4268	0.3113	0.128	-0.0587	0.2793	0.2253	0.231	-0.1117	-0.0637	0.1579	-0.1426	-0.1644	-0.144	0.2116	0.1737	-0.3967	-0.2777	0.4715	-0.384	0.0456	-0.2491	-0.4625	-0.5413	0.3526	0.1779	0.0316	0.3834	-0.1894	0.3319	-0.217	0.0849	-0.1271	0.1263	-0.3532	-0.2128	-0.0681	-0.0577	-0.401	0.1467	-0.0187	-0.2319	-0.4521	-0.4175	-0.464	-0.2383	-0.414	-0.2965	-0.359	-0.6296	-0.6631	-0.093	0.0717	-0.0958	-0.1198	-0.2524	-0.0429	-0.1674	-0.2274	0.0864	-0.502	0.0489	-0.2858	-0.0139	-0.3004	-0.1659	-0.0108	-0.2468	-0.0924	-0.1448	0.1863	-0.2029	-0.4116	-0.2272	-0.4175	-0.2844	-0.3016	-0.0668	-0.3934	-0.166	-0.2644	0.0246	-0.202	0.512	0.2865	0.7701	0.3375	-0.079	0.6372	0.238	0.0872	0.5752	0.4922	0.2346	0.3767	0.2325	0.1068	0.0889	0.0675	0.1205	0.2472	0.3059	-0.1645	0.5375	0.0709	0.5502	0.0726	-0.1569	0.0124	0.0606	0.3823	0.1943	0.3081	0.1871	0.0155	0.33	0.7345	0.1652	-0.0142	0.2287	-0.0448	0.3502	0.3888	-0.2236	0.1008	0.1142	-0.2745	0.2599	0.568	0.4548	0.3585	0.0363	0.2141	0.1415	-0.277	0.4686	0.284	0.3408	0.2434	-0.1204	-0.2083	-0.0851	0.1142	-0.0433	-0.1145	0.272	-0.2748	-0.4051	-0.3971	-0.2127	-0.335	-0.3188	0.2451	-0.3438	0.5216	0.0289	-0.1538	-0.0264	0.072	0.1942	0.2655	-0.1967	-0.4075	0.1868	-0.0466	0.2752	-0.284	0.0311	-0.0378	0.3924	0.2625	-0.4252	0.0316	0.2239	-0.2098	0.1849	-0.1902	-0.1356	-0.2162	-0.1461	0.0093
LH_Vis_9	0.3755	0.6375	0.3234	0.0964	0.7368	-0.1042	0.4892	0.7471	1.0	0.1848	0.384	0.0797	0.3828	0.62	0.1012	0.2423	0.1821	0.0246	-0.0921	-0.1059	0.1686	0.3167	-0.0481	0.0393	0.1863	0.1099	0.2754	-0.2927	0.0946	0.0951	-0.1147	-0.2301	-0.0987	-0.0525	-0.1406	-0.5102	-0.2904	0.5087	-0.3253	0.1372	-0.3271	-0.505	-0.6544	0.1227	-0.0403	-0.1551	0.2659	-0.2374	0.107	-0.3662	0.1001	-0.159	0.1651	-0.3162	-0.0791	-0.0197	-0.1151	-0.305	0.0434	0.1475	-0.1551	-0.4592	-0.5148	-0.4053	-0.2113	-0.4183	-0.1889	-0.4272	-0.5837	-0.6642	-0.1354	-0.0095	-0.0963	-0.1039	-0.2481	-0.101	0.0	-0.2305	0.0364	-0.4735	-0.0119	-0.3062	0.0146	-0.2824	0.0085	-0.0215	-0.2367	-0.0434	-0.1084	0.1641	-0.136	-0.394	-0.2096	-0.3825	-0.1937	-0.4287	-0.1571	-0.3339	-0.2105	-0.2603	0.2065	-0.1646	0.6308	0.3994	0.6772	0.4777	0.1586	0.7678	0.2293	0.0373	0.5402	0.6126	0.1389	0.3991	0.2763	-0.0441	-0.0498	-0.0545	0.0936	0.0779	0.1726	-0.1985	0.403	0.0358	0.541	0.0393	-0.0493	0.0589	0.0176	0.2475	-0.0803	0.3018	0.1104	0.0276	0.2502	0.6959	0.0457	-0.1922	0.0686	-0.0991	0.1853	0.3171	-0.1972	0.1473	-0.0041	-0.2441	0.1313	0.5928	0.5033	0.1849	0.0421	0.0929	0.1114	-0.4102	0.3901	0.1771	0.3834	0.1345	-0.1103	-0.0994	-0.0746	0.1387	0.1025	-0.0803	0.212	-0.234	-0.2918	-0.281	-0.2532	-0.2492	-0.2998	0.1309	-0.3124	0.4656	-0.0136	-0.1783	-0.1589	0.0322	-0.007	0.2003	-0.1789	-0.3778	0.2477	-0.0417	0.2305	-0.25	-0.0756	0.0469	0.4874	0.2133	-0.3598	0.0068	0.2402	-0.1201	0.2249	-0.0147	-0.2298	-0.3566	-0.2387	-0.0005
LH_Vis_10	0.4014	0.2333	0.0412	0.6655	0.1126	0.2922	0.5522	0.2137	0.1848	1.0	0.1635	0.6257	0.5957	0.3797	-0.0776	-0.1352	0.0595	0.05	0.1504	-0.0877	0.359	0.2086	-0.0832	-0.2692	-0.2749	-0.0084	0.0698	0.0624	-0.1714	-0.0696	0.3072	0.2296	0.4464	0.1107	0.1731	0.2734	0.2171	0.3027	0.0774	-0.0057	0.0526	-0.1451	-0.0038	-0.0039	0.2696	0.3539	0.5148	-0.0082	0.4396	-0.0343	0.0153	0.2505	0.2123	-0.1415	0.0129	0.1017	0.0776	-0.1423	0.2902	0.0987	-0.13	-0.0284	0.115	-0.0778	-0.3122	-0.3339	-0.1125	-0.2693	-0.4456	-0.1294	0.5556	0.093	-0.2387	-0.4692	-0.5007	-0.3656	-0.2026	-0.438	-0.0421	0.0396	-0.0875	-0.5973	-0.1933	-0.4352	-0.432	-0.5788	-0.489	-0.4792	-0.6287	-0.0719	-0.577	-0.4598	-0.5174	-0.4026	-0.6458	0.2237	0.0751	-0.2188	0.1136	0.1712	0.2846	0.2187	0.0474	0.5563	0.0414	0.1254	0.2355	-0.0602	0.7666	0.7747	0.0247	0.2199	0.7747	0.6027	0.3908	-0.1303	-0.3408	0.2105	-0.0564	0.3003	0.3018	-0.0496	0.4594	0.3557	0.3447	0.1564	-0.0436	-0.4265	0.1675	0.3389	0.2229	0.1043	-0.2692	-0.2752	0.4579	0.5113	0.0955	0.3062	0.1704	0.4922	0.46	0.2386	0.3524	0.0837	0.4207	-0.1818	0.451	0.3269	0.1325	0.3882	0.5696	0.5102	0.0926	0.1822	0.2936	0.3223	0.4656	0.225	0.352	0.0702	-0.0896	0.2981	0.2727	0.3921	0.4684	0.1071	0.3778	0.1943	0.1353	-0.0802	-0.1224	0.1631	0.365	0.1297	-0.1531	-0.0207	0.6787	0.1825	0.0523	0.1384	-0.3284	0.3086	0.2564	-0.1654	-0.0309	0.0776	0.0873	0.1091	-0.1173	0.1439	-0.1312	-0.0849	0.0546	-0.3946	-0.4193	-0.1639	-0.2487	0.3429	0.2941	0.5515
LH_Vis_11	0.5361	0.3212	0.798	0.0313	0.1424	0.0065	0.0306	0.4702	0.384	0.1635	1.0	0.0686	0.0276	0.5285	0.0353	0.0883	-0.1192	0.0111	-0.0576	-0.0158	0.3395	0.1165	-0.0369	-0.143	0.3461	-0.0294	0.055	0.2091	0.0006	0.2024	0.2226	0.4499	0.412	0.4758	0.4276	0.0365	0.3771	0.3452	0.0275	0.1325	-0.0791	-0.1966	-0.0845	0.0008	0.3921	0.4298	0.0946	-0.2193	0.2015	-0.0455	0.1028	0.0642	0.0922	-0.2529	0.0594	-0.06	0.3507	-0.112	0.3502	0.0845	-0.2013	-0.3199	-0.0728	-0.3967	-0.1903	-0.2874	-0.1978	-0.1929	-0.3212	-0.3104	0.0068	-0.0393	-0.1683	-0.0647	-0.4057	-0.1062	-0.2479	-0.277	-0.1672	-0.284	-0.065	-0.4831	-0.0765	-0.3399	-0.0246	-0.2867	-0.1449	-0.2151	-0.3745	0.0389	-0.361	-0.3346	-0.3507	-0.3836	-0.2973	-0.1756	-0.312	-0.5273	-0.2202	0.1831	0.2103	0.2941	0.4422	0.1455	0.7009	0.0219	0.0839	0.2743	0.1684	0.0084	0.8271	0.1198	0.046	0.1462	0.5546	-0.1079	-0.1054	0.1946	-0.0605	0.0313	0.2993	0.0505	0.3315	0.0408	0.3449	0.1683	-0.1911	0.0447	-0.1046	0.2571	0.496	0.1252	0.1479	0.1951	0.615	0.3763	0.4445	0.2927	0.4338	0.0806	0.6942	0.7054	0.2017	0.5333	0.3585	0.0023	0.3799	0.1774	0.0851	0.5055	0.459	0.3156	0.268	0.0518	0.3543	0.2073	0.2777	0.1793	-0.1434	0.0461	-0.2205	0.3358	0.0759	0.2135	0.3852	-0.182	-0.1619	-0.297	-0.3817	-0.2688	-0.3496	0.2668	-0.0927	0.2595	0.1034	-0.2098	-0.0047	0.0031	-0.1286	0.0575	-0.1001	-0.0974	0.0299	-0.2973	0.3118	-0.2981	-0.0266	-0.0655	0.1289	0.2201	-0.3573	-0.3203	0.1919	-0.3893	-0.1275	-0.1017	-0.3241	-0.09	-0.2858	-0.028
LH_Vis_12	0.3921	0.1779	0.007	0.562	-0.0254	0.2251	0.4582	0.0837	0.0797	0.6257	0.0686	1.0	0.5863	0.3594	0.011	-0.2019	0.1648	0.144	0.233	0.1766	0.3604	0.3073	-0.0268	-0.1133	-0.1058	-0.0209	0.0701	-0.025	-0.12	0.0602	0.1766	0.2302	0.403	-0.017	0.0196	0.1045	0.1906	0.1683	0.0397	-0.1015	0.1206	-0.2006	0.0204	-0.0027	0.1809	0.258	0.4071	-0.0466	0.3752	0.0606	-0.2045	0.1866	0.1827	-0.102	0.1627	0.2313	0.1504	0.0566	0.2745	0.3767	-0.165	-0.0897	-0.0492	0.01	-0.1913	-0.1965	-0.3529	-0.1047	-0.4126	-0.0706	0.4244	0.2078	-0.1688	-0.237	-0.3592	-0.274	-0.1028	-0.1807	-0.1875	-0.0502	-0.1224	-0.4743	-0.3954	-0.1833	-0.2727	-0.4008	-0.3479	-0.2163	-0.4815	-0.2182	-0.4582	-0.5163	-0.4186	-0.4153	-0.5543	0.1631	0.074	-0.1951	-0.1426	0.3232	0.3065	0.1394	0.1771	0.4059	-0.0258	0.14	0.2732	-0.1068	0.5266	0.4083	0.0343	0.1681	0.7027	0.5797	0.3564	-0.0914	-0.0597	0.37	0.0749	0.1997	0.2195	0.1666	0.3142	0.1932	0.2723	0.3675	-0.0916	-0.2318	0.041	0.0421	0.1316	0.1188	-0.1432	0.0625	0.312	0.3277	0.0364	0.1511	0.0688	0.3487	0.2123	0.0993	0.2463	0.1457	0.2586	-0.2779	0.1734	0.187	0.1651	0.339	0.3556	0.2634	0.1006	-0.0543	0.1253	0.2282	0.4953	0.0885	0.2599	0.1107	-0.0883	0.3985	0.2491	0.293	0.3203	0.0379	0.1736	0.0891	0.006	-0.0905	-0.2073	0.0558	0.1495	-0.0249	-0.2562	-0.2331	0.464	0.0255	0.1372	0.0565	-0.5077	0.1338	0.006	-0.1708	-0.0627	-0.0084	-0.0505	-0.1692	-0.009	-0.1807	-0.0933	-0.0786	0.1612	-0.3666	-0.5083	-0.158	-0.4454	0.1942	0.1084	0.197
LH_Vis_13	0.4686	0.297	-0.0209	0.5653	0.1457	0.1405	0.5471	0.2947	0.3828	0.5957	0.0276	0.5863	1.0	0.6561	0.1585	-0.068	0.1825	-0.1418	-0.2618	0.0295	0.1848	-0.068	-0.2931	-0.2515	-0.2091	-0.328	0.14	-0.3876	-0.1236	-0.1735	-0.0233	-0.0091	0.2487	-0.3306	-0.2524	-0.0526	0.012	0.3978	-0.0729	0.044	0.0096	-0.2502	-0.2557	-0.0806	-0.292	-0.028	0.3598	-0.0077	0.1258	-0.165	0.1851	-0.1589	0.2051	-0.2552	-0.0069	0.2024	-0.2241	-0.2871	0.0905	0.0669	0.136	-0.0648	-0.1247	0.0418	0.0031	-0.1741	-0.1329	-0.0593	-0.528	-0.2262	0.3979	0.2876	-0.0994	-0.4441	-0.2055	-0.4304	-0.0329	-0.2985	-0.3043	-0.0305	0.0132	-0.344	-0.2759	-0.4132	-0.4107	-0.204	-0.288	-0.4136	-0.3443	0.0105	-0.3371	-0.37	-0.2135	-0.243	-0.4128	-0.217	-0.0946	-0.1766	-0.0793	-0.052	0.3389	-0.0451	0.3498	0.5757	0.1777	0.3427	0.0904	0.1838	0.6559	0.4594	0.1141	0.7221	0.5951	0.8472	0.3479	-0.0305	-0.1775	0.1295	-0.204	-0.0631	0.0013	0.0824	0.3456	-0.1677	0.2365	0.0018	-0.3876	-0.4534	-0.1854	-0.0243	-0.191	0.1614	-0.2492	-0.1007	0.2659	0.5954	-0.3355	0.0412	-0.2692	0.3468	0.0487	0.1096	0.0913	-0.0604	0.0183	-0.3128	0.1834	0.5464	0.4276	0.0025	0.2308	0.1616	0.046	-0.079	0.0062	-0.0417	0.453	-0.0222	0.1532	-0.0077	-0.0291	0.1209	0.2001	0.1407	0.383	0.0912	0.1481	0.1111	-0.0509	0.0693	-0.0554	0.2195	0.0953	0.3714	-0.0477	-0.1076	0.3061	0.2308	0.171	0.0832	-0.2904	0.0534	0.3347	0.0647	-0.1659	-0.0088	-0.2012	0.0422	0.1536	0.0615	-0.238	0.0907	0.2294	-0.1832	-0.1613	0.0732	-0.3179	-0.1168	0.115	0.3517
LH_Vis_14	0.5744	0.5227	0.3946	0.1928	0.3767	0.0628	0.4176	0.606	0.62	0.3797	0.5285	0.3594	0.6561	1.0	0.1631	0.0689	0.1096	-0.1123	-0.207	0.0957	0.3919	0.0258	-0.3598	-0.2273	0.0599	-0.2692	0.1917	-0.3607	-0.1401	0.094	0.0694	0.0258	0.3727	-0.0886	-0.1021	-0.2073	0.1234	0.6879	-0.19	0.166	-0.2294	-0.4376	-0.4686	0.0679	-0.108	-0.0523	0.3156	-0.2031	0.1379	-0.2701	0.0217	-0.2187	0.0967	-0.3221	0.0672	0.0979	-0.0647	-0.2854	0.2427	0.1215	-0.1774	-0.3302	-0.3791	-0.2559	-0.1796	-0.413	-0.3326	-0.3227	-0.6094	-0.5065	0.2231	0.1175	-0.1149	-0.2683	-0.3266	-0.2393	-0.146	-0.2968	-0.1912	-0.3107	-0.0729	-0.4653	-0.2842	-0.3592	-0.2727	-0.178	-0.2931	-0.2993	-0.3849	0.0796	-0.3526	-0.5205	-0.3845	-0.5259	-0.3944	-0.2895	-0.1931	-0.4848	-0.2262	0.0341	0.4307	0.0528	0.6663	0.4495	0.6005	0.4766	0.146	0.49	0.3767	0.2342	0.6677	0.6221	0.4075	0.7017	0.634	-0.1322	-0.0946	0.0593	-0.1621	0.0253	0.0846	0.0388	0.4692	-0.2536	0.4754	-0.1443	-0.3975	-0.3144	-0.3337	0.0908	-0.009	0.1834	-0.1278	0.1098	0.4478	0.7221	-0.0746	0.0692	-0.1183	0.2599	0.3727	0.543	0.0726	0.1445	0.0936	-0.2709	0.2175	0.5273	0.4362	0.1739	0.3905	0.2707	0.1761	-0.205	0.1327	-0.0069	0.4594	0.0472	-0.0139	0.0003	-0.0086	0.274	0.182	0.1852	0.3464	-0.1313	-0.0004	-0.1085	-0.2749	-0.215	-0.3102	0.1771	-0.052	0.3702	-0.0314	-0.2081	0.1805	0.2163	0.1677	0.1796	-0.3479	-0.0525	0.2554	-0.0792	0.1241	-0.1189	-0.1635	-0.0087	0.2079	0.1691	-0.3183	-0.0347	0.1813	-0.2874	-0.111	-0.0558	-0.3191	-0.117	-0.0059	0.2644
LH_SomMot_1	0.1129	0.0677	0.1269	0.0201	0.3153	-0.0333	0.0629	0.1758	0.1012	-0.0776	0.0353	0.011	0.1585	0.1631	1.0	0.7386	0.4758	0.2459	0.0326	0.1688	-0.0533	-0.2552	-0.1693	0.1751	0.0356	-0.1863	0.1916	-0.31	0.12	0.378	-0.1065	0.0641	0.1179	-0.2154	-0.3312	-0.0746	-0.0653	-0.1445	-0.0595	0.1209	-0.1386	0.065	-0.0745	0.6066	-0.1437	-0.0387	0.3104	-0.0331	0.0606	-0.4247	0.084	-0.2051	0.0912	-0.3245	-0.0998	0.0972	-0.0201	-0.2282	-0.1807	-0.0774	0.133	0.2125	0.0648	0.388	0.5015	0.3328	-0.2754	0.2686	-0.1072	0.18	-0.1181	0.0224	-0.2304	-0.3038	0.48	-0.3384	-0.0108	0.0842	-0.3694	0.0782	-0.205	0.1163	-0.362	-0.1863	-0.2112	-0.07	-0.2329	-0.0916	-0.0894	-0.0413	-0.2281	0.122	0.2057	0.1694	-0.0766	-0.3622	-0.5617	-0.0871	-0.562	0.0572	0.178	0.0405	0.1965	0.0099	0.1822	0.3271	-0.0701	0.234	0.0399	-0.1209	-0.0255	0.146	-0.0759	0.1297	-0.0361	0.5758	0.443	0.2605	0.341	0.1342	0.1876	0.0546	0.2406	-0.2215	0.142	0.0521	-0.1623	0.191	-0.3068	-0.0195	-0.2808	0.0811	0.1887	0.2886	0.1806	0.222	-0.279	0.004	-0.1841	0.1185	-0.2377	-0.1093	-0.0768	-0.0424	-0.024	0.0181	0.1012	0.3122	0.6805	0.1461	0.0507	0.0924	0.3876	0.0735	0.0857	-0.0901	0.2842	0.0456	-0.122	0.0138	-0.4372	-0.2166	-0.1435	0.0664	0.001	0.2506	0.0549	0.2008	0.0301	0.2886	0.1259	0.3109	0.1222	0.0963	0.1446	0.1219	-0.2543	-0.2557	-0.2079	-0.1488	-0.0937	-0.1255	-0.2014	0.31	-0.2824	-0.018	-0.1405	-0.0539	0.1931	-0.087	-0.1514	-0.0517	-0.1459	-0.3698	-0.0951	0.2246	0.0308	-0.3257	-0.3869	-0.1786
LH_SomMot_2	0.0896	0.1883	0.1033	-0.0243	0.4045	-0.0335	-0.0156	0.436	0.2423	-0.1352	0.0883	-0.2019	-0.068	0.0689	0.7386	1.0	0.5673	0.2554	0.2481	0.1567	-0.0116	0.027	-0.0043	0.2101	0.1559	0.0376	0.1413	-0.1125	0.0663	0.3729	-0.1661	-0.1451	-0.2013	0.0594	-0.1412	-0.2995	-0.2718	-0.1454	-0.1373	-0.0027	-0.1302	-0.0514	-0.2231	0.6297	0.0644	0.0464	0.3834	-0.0839	0.2418	-0.3635	0.1141	-0.1475	0.1528	-0.4388	-0.1509	0.019	-0.0099	-0.2723	-0.1068	-0.1557	-0.0251	-0.0616	-0.1267	-0.0015	0.3061	0.0326	-0.2541	0.0305	-0.1632	-0.1129	-0.1953	-0.0214	-0.1741	-0.1803	0.3624	-0.1302	-0.0926	0.0222	-0.0868	-0.0558	-0.1068	0.109	-0.1194	-0.0912	-0.2105	-0.014	-0.2163	-0.0049	0.007	0.0469	-0.1302	0.0123	0.0615	0.1313	-0.0646	-0.2177	-0.3539	-0.0814	-0.3738	0.0016	-0.0244	-0.0092	0.2534	-0.0569	0.3113	0.262	-0.1482	0.3973	-0.0655	-0.1631	0.0555	0.0954	-0.1541	-0.0139	-0.1486	0.7229	0.5087	0.3284	0.4664	0.3197	0.3705	0.076	0.2752	-0.0151	0.3358	0.1475	-0.0501	0.2772	-0.0806	0.2186	-0.0467	0.171	0.2659	0.1467	0.1297	0.27	0.021	-0.1067	0.0636	-0.0599	-0.0535	-0.1042	-0.1827	-0.0737	0.0237	0.0198	0.1638	0.3579	0.5706	0.2995	-0.094	0.1499	0.436	-0.0738	0.3799	0.1022	0.2189	0.2775	-0.1646	-0.0332	-0.3248	-0.0966	-0.1601	-0.0868	0.0062	0.0232	-0.1876	-0.0973	-0.0727	0.0005	0.0403	0.2729	-0.0762	0.2152	0.1183	0.1218	-0.2421	-0.1371	-0.1207	-0.0537	-0.02	-0.2364	-0.0903	0.1799	-0.045	-0.011	0.1295	-0.011	0.2412	0.1411	-0.1015	-0.0353	-0.1692	-0.1971	0.1637	0.1768	0.2222	-0.2496	-0.2652	-0.1773
LH_SomMot_3	0.1067	0.2895	-0.0444	0.1107	0.2851	0.025	0.2437	0.2826	0.1821	0.0595	-0.1192	0.1648	0.1825	0.1096	0.4758	0.5673	1.0	0.4956	0.4509	0.3459	0.172	0.1109	0.1966	0.1828	0.0648	0.1575	0.2177	-0.2182	0.2591	0.3021	-0.1509	-0.1757	-0.2348	-0.0986	-0.1213	-0.2524	-0.417	-0.0421	-0.3644	0.265	-0.2322	-0.2636	-0.2698	0.621	0.0768	0.0132	0.6395	-0.2639	0.4165	-0.3306	-0.2497	-0.2586	-0.0256	-0.3556	-0.0818	0.1001	0.06	-0.0709	-0.2118	0.1879	-0.1739	-0.026	-0.2484	0.0121	0.1464	-0.0692	-0.4217	-0.0773	-0.2738	-0.1488	0.0481	0.1421	0.0618	-0.062	0.1267	-0.1215	0.0428	-0.0115	-0.0195	-0.2693	-0.1903	-0.0567	-0.3319	-0.0881	-0.2336	-0.1692	-0.3436	-0.1022	-0.2093	-0.1768	-0.2274	-0.1719	-0.0859	-0.2083	-0.3635	-0.1034	-0.098	0.1129	-0.2208	-0.0967	0.0077	-0.0606	0.2082	-0.0094	0.1438	0.2084	-0.1215	0.2636	0.1478	-0.0324	-0.062	0.1886	-0.0577	0.1286	-0.1737	0.5794	0.4564	0.5382	0.602	0.614	0.569	0.3688	0.3582	0.1528	0.4433	0.3627	0.0271	0.2942	0.0473	0.2425	0.0095	0.462	0.3269	0.3062	0.1217	0.2345	-0.0139	-0.1305	0.0212	0.1145	-0.1937	-0.2527	-0.2973	0.1527	0.0507	-0.198	0.227	0.4	0.5087	0.3978	0.01	0.2055	0.5347	-0.2178	0.4668	0.1505	0.2548	0.1841	0.071	-0.0032	-0.2593	-0.0834	0.0209	-0.1552	0.0647	0.0612	-0.0563	0.0481	-0.074	0.0393	-0.2271	0.2777	0.0443	-0.0169	-0.2068	0.0907	0.0046	0.0419	0.131	-0.0961	-0.2102	-0.227	-0.0639	0.1798	0.0343	0.1826	0.0073	0.0629	0.2355	0.0297	0.0183	-0.0022	-0.2894	-0.1912	-0.0038	-0.0932	0.0149	-0.1903	-0.0616	-0.0208
LH_SomMot_4	-0.1649	0.1398	0.1004	-0.1295	0.0596	-0.1164	-0.1065	0.1113	0.0246	0.05	0.0111	0.144	-0.1418	-0.1123	0.2459	0.2554	0.4956	1.0	0.3289	0.3142	0.3714	0.3369	0.3719	0.2091	0.1924	0.3326	0.2361	0.0325	0.2692	0.4621	0.0902	-0.0314	-0.1709	0.2279	0.1568	-0.168	-0.3095	-0.1171	-0.2916	0.295	-0.0128	-0.412	-0.0877	0.5915	0.3719	0.1931	0.5245	-0.1347	0.4417	0.2246	-0.1528	0.102	0.0365	0.2837	-0.046	0.1265	0.3027	0.2677	0.0625	0.3851	-0.3277	-0.2066	-0.2831	-0.15	-0.1728	-0.0935	-0.2162	-0.0552	-0.0866	-0.1375	-0.0839	-0.0576	-0.0031	0.3258	-0.2036	0.2371	0.2051	0.2992	0.2522	-0.3628	0.1195	-0.2541	-0.1012	0.0403	0.1531	-0.0895	0.0443	0.0427	-0.0674	-0.1508	-0.0126	-0.0558	-0.1833	-0.3098	-0.0803	-0.0284	-0.0495	-0.0518	-0.142	-0.012	0.1434	0.1235	0.1196	0.0142	0.2033	-0.0154	0.0128	0.1038	-0.0987	-0.0847	0.0723	-0.1308	-0.0839	-0.1133	-0.2024	0.1158	0.2546	0.263	0.5347	0.6466	0.5536	0.268	0.3681	0.3805	0.4529	0.4172	0.2161	0.3958	0.2909	0.3009	0.2255	0.3817	0.402	0.3432	0.2259	0.0318	0.1088	-0.2451	0.199	-0.0435	-0.0413	-0.1271	-0.2183	0.1672	0.0175	-0.2223	0.1223	0.2234	0.2933	0.4062	-0.0203	0.1657	0.4067	-0.2143	0.4915	0.4552	0.2144	0.4244	-0.011	-0.1975	-0.1054	0.1263	0.0347	0.274	-0.125	-0.2491	-0.2079	-0.1718	-0.1751	-0.2506	-0.3915	-0.0359	-0.1371	-0.1731	-0.2172	-0.176	-0.0376	-0.1854	-0.0314	-0.1451	-0.3584	-0.2236	-0.2263	-0.2137	0.4083	0.0855	0.3921	-0.1054	0.1996	-0.1327	0.0581	-0.246	-0.3627	-0.2931	-0.0231	-0.4333	-0.1532	-0.0406	-0.1535	-0.1271
LH_SomMot_5	0.0632	-0.0194	-0.0482	0.0956	0.0057	0.0629	0.1161	0.0302	-0.0921	0.1504	-0.0576	0.233	-0.2618	-0.207	0.0326	0.2481	0.4509	0.3289	1.0	0.096	0.0673	0.3611	0.4766	0.2143	0.2186	0.5455	0.0393	0.4311	0.2019	0.2396	0.186	0.1633	0.0465	0.4145	0.3507	0.1101	0.0113	-0.2127	0.0639	0.0769	0.0223	0.0664	0.1346	0.3257	0.6715	0.4429	0.2614	-0.0021	0.4211	-0.134	-0.2877	0.2729	0.0707	-0.1461	0.1029	0.0674	0.2738	0.016	0.0471	0.2029	-0.2785	0.0288	0.0359	-0.0665	0.0277	-0.0249	-0.2548	-0.0687	-0.0587	0.0837	0.1134	0.106	-0.0726	-0.0435	-0.0722	-0.0865	-0.2071	-0.1552	0.045	0.0047	-0.3176	-0.174	-0.1728	0.101	-0.0817	-0.2936	-0.3514	0.0381	-0.2911	-0.1873	-0.3282	-0.1933	-0.2051	-0.1258	-0.3886	0.3464	0.0426	0.0501	-0.0545	0.2865	-0.0454	0.2298	-0.1792	-0.0416	-0.175	-0.1606	0.2738	-0.1918	0.0541	-0.0378	-0.2256	-0.3631	0.029	-0.1862	-0.061	0.1926	0.2249	0.3535	0.5907	0.5392	0.508	0.0473	0.0274	0.5732	0.203	0.4409	0.4613	0.449	0.4176	0.3746	0.4333	0.1847	0.2183	0.0603	0.0986	-0.0994	0.5462	0.1153	0.4983	0.1171	0.2251	-0.0828	0.1192	0.3551	0.371	0.1165	0.2605	-0.1557	-0.0547	0.6037	0.1946	0.295	0.2666	0.1409	0.4022	0.2392	0.2447	0.2536	0.2636	0.1314	-0.1902	0.1372	-0.0113	-0.0032	0.0835	0.0346	0.0533	0.0512	0.156	0.0036	-0.1544	0.1285	0.1597	-0.2046	-0.0826	0.0638	0.1944	-0.0743	0.0858	-0.0207	-0.1394	0.0827	-0.2554	-0.0701	0.0703	0.1042	0.0564	-0.0965	-0.2655	0.0068	0.1363	-0.191	-0.16	-0.2141	-0.3284	-0.1349	-0.0641	0.2598	-0.0224	-0.06
LH_SomMot_6	-0.0765	0.1547	0.0548	-0.1552	-0.1443	0.247	-0.0432	-0.1019	-0.1059	-0.0877	-0.0158	0.1766	0.0295	0.0957	0.1688	0.1567	0.3459	0.3142	0.096	1.0	0.3832	0.0899	-0.1919	0.1163	0.1048	-0.1006	0.131	-0.2313	-0.0786	0.3239	0.0555	-0.2311	-0.0966	-0.1012	-0.1849	-0.2393	-0.0919	0.0905	-0.1958	-0.1692	-0.0101	-0.2489	-0.2107	0.1965	-0.1877	-0.2173	0.1919	-0.3961	0.1493	0.0622	-0.4949	-0.1672	-0.2145	0.001	0.3304	0.2273	0.2087	0.2644	0.1807	0.4407	-0.336	-0.172	-0.3545	-0.0651	-0.1987	-0.1976	-0.4401	-0.2086	-0.0223	-0.1271	0.0133	-0.0966	-0.0093	0.1801	0.1364	0.2422	-0.0254	0.3138	-0.0191	-0.1651	-0.0256	-0.0012	-0.3791	0.2634	0.0456	-0.0111	-0.0017	0.1318	-0.0191	-0.1729	0.0245	-0.1793	-0.2095	-0.2877	-0.0275	0.0859	-0.0357	-0.0344	-0.2294	0.2806	0.3958	0.1438	0.2317	-0.0025	0.1112	0.1331	-0.1332	0.0159	-0.1558	-0.1258	0.0757	-0.0571	0.07	0.1145	0.0651	0.282	0.3041	0.3029	0.1148	0.2139	0.2119	0.8477	0.2505	-0.1065	0.419	0.0935	-0.134	-0.0156	-0.2425	-0.1021	-0.078	0.1469	0.1815	0.4998	0.1852	-0.0064	-0.0416	-0.2959	-0.151	0.032	-0.0991	-0.1618	-0.173	-0.0977	-0.0068	-0.2713	-0.0588	0.058	0.1366	0.0578	0.0764	-0.0819	0.2496	-0.399	-0.0628	-0.1172	0.102	-0.0141	0.0335	0.0943	0.1347	0.1903	0.2146	0.032	-0.2889	-0.232	-0.0144	-0.0784	-0.312	-0.2009	-0.2208	-0.255	-0.0058	-0.4279	-0.4877	-0.159	0.0294	0.0461	0.0273	-0.2566	-0.3973	0.0287	-0.2346	-0.1407	0.2229	0.3878	0.19	-0.1226	-0.0718	-0.1766	0.3685	0.0609	-0.3192	-0.0825	-0.126	-0.2239	-0.0692	0.0483	0.1135	0.0065
LH_SomMot_7	0.2785	0.2659	0.4038	0.0196	-0.0671	0.2647	0.025	0.4268	0.1686	0.359	0.3395	0.3604	0.1848	0.3919	-0.0533	-0.0116	0.172	0.3714	0.0673	0.3832	1.0	0.305	0.1236	-0.0619	0.1065	0.2141	0.223	0.0587	-0.0807	0.1843	0.227	0.0399	0.1655	0.2524	0.2677	-0.1145	0.0418	0.433	-0.1273	-0.0841	0.1956	-0.2854	-0.2205	0.1847	0.2768	0.1159	0.4388	-0.1247	0.4333	0.3549	-0.1061	0.2319	0.1315	0.1908	-0.0096	0.1299	0.2723	0.2309	0.571	0.391	-0.4201	-0.466	-0.2981	-0.4028	-0.4502	-0.5087	-0.295	-0.2891	-0.4051	-0.3823	0.1521	-0.0767	-0.0618	0.196	-0.3809	0.3068	0.0927	0.2408	0.2754	-0.4244	0.1864	-0.5015	-0.0894	-0.1347	0.0418	-0.093	-0.003	-0.0401	-0.2454	0.1535	-0.178	-0.4322	-0.4251	-0.545	-0.2421	0.1181	0.0291	-0.3604	-0.0907	0.1868	0.3657	0.24	0.3543	0.2818	0.4057	-0.0398	-0.1145	0.0182	0.1406	0.237	0.4081	0.1303	0.3604	0.3836	0.3197	-0.0468	-0.0096	0.1875	-0.0084	0.366	0.3969	0.3507	0.4963	0.1652	0.5301	0.2688	-0.0537	-0.0863	0.127	0.2435	0.2869	0.2361	0.145	0.2818	0.3604	0.2693	0.1084	-0.1483	0.108	0.0963	0.3554	0.1937	-0.0354	0.0731	0.1761	-0.3689	0.0843	0.2272	0.0555	0.2677	0.2723	0.2854	0.0835	-0.1757	0.2775	0.3241	0.3275	0.2833	0.1146	-0.0999	-0.0259	0.4758	0.1746	0.2701	-0.0494	-0.4366	-0.2092	-0.3727	-0.2114	-0.5231	-0.5306	-0.2204	-0.2062	-0.0442	-0.3038	-0.4268	0.2938	0.0739	0.2354	0.0285	-0.5434	-0.1816	-0.1694	-0.4544	0.3901	-0.109	0.2998	-0.2441	0.0691	-0.054	-0.19	-0.1327	-0.0217	-0.4702	-0.2718	-0.4613	-0.2463	0.2297	0.0647	0.077
LH_SomMot_8	-0.0948	0.3832	0.081	0.1894	0.2036	-0.0662	0.1549	0.3113	0.3167	0.2086	0.1165	0.3073	-0.068	0.0258	-0.2552	0.027	0.1109	0.3369	0.3611	0.0899	0.305	1.0	0.325	-0.0907	0.1581	0.4034	0.1154	0.1273	0.049	0.1638	0.0336	-0.1077	-0.1702	0.3653	0.2472	-0.2799	-0.2941	0.1014	-0.2515	-0.0623	0.0408	-0.4839	-0.3243	0.048	0.3347	0.1321	0.2447	-0.2147	0.3714	0.1718	-0.2571	0.1617	0.1606	0.0124	0.1801	0.1935	0.2826	0.1917	0.2952	0.4616	-0.3032	-0.4018	-0.4165	-0.4668	-0.5181	-0.4515	-0.263	-0.4438	-0.2114	-0.4491	-0.0203	0.0505	-0.075	0.2231	-0.3531	0.3404	0.0898	-0.0016	0.3978	-0.3604	0.1778	-0.2388	0.0478	0.0224	0.1443	-0.0743	-0.0345	0.0243	-0.134	-0.1422	-0.0494	-0.4257	-0.3627	-0.4785	-0.1364	0.0731	0.2502	-0.2015	0.1873	0.0149	-0.0441	-0.1412	0.2051	0.2404	0.2326	0.0583	0.126	0.1972	0.0857	0.0494	0.1357	-0.0219	0.153	-0.0015	-0.0336	-0.0402	-0.0433	0.069	0.3239	0.4197	0.2738	0.0213	0.279	0.4229	0.3934	0.5203	0.1839	0.0828	0.2842	0.399	0.3257	0.3168	0.1166	0.009	0.234	0.2165	0.402	-0.1624	0.3868	-0.1476	0.2779	0.0551	-0.1557	0.132	0.1649	-0.3128	0.1842	0.2824	0.047	0.3817	-0.0289	0.0825	0.0355	-0.4297	0.3991	0.4671	0.1976	0.2375	0.0907	-0.0504	0.1498	0.3282	0.1575	0.0901	0.0962	-0.3845	-0.3191	-0.2891	-0.1249	-0.4766	-0.4552	-0.1312	-0.2189	-0.043	-0.3326	-0.279	0.1151	0.0199	0.048	0.1092	-0.3098	-0.2508	0.1087	-0.3043	0.5273	0.0495	0.2907	0.0599	0.1946	0.1255	-0.0038	-0.2082	0.0038	-0.0514	0.0433	-0.4568	-0.2279	0.0329	-0.003	0.0142
LH_SomMot_9	0.0137	-0.1243	0.0522	-0.0366	-0.1034	-0.0972	-0.0989	0.128	-0.0481	-0.0832	-0.0369	-0.0268	-0.2931	-0.3598	-0.1693	-0.0043	0.1966	0.3719	0.4766	-0.1919	0.1236	0.325	1.0	0.0687	0.3805	0.812	0.33	0.5306	0.5098	0.0567	0.0655	0.1269	-0.1889	0.5392	0.5739	0.0974	-0.1272	-0.1014	-0.059	0.3381	0.1051	0.0459	0.1603	0.1742	0.5574	0.2745	0.0418	0.0338	0.1724	0.164	-0.0182	0.189	0.0178	0.157	-0.1745	0.1065	0.3124	0.0765	0.0439	0.0521	-0.1924	-0.1105	0.0403	-0.0896	-0.0398	0.0264	0.0718	0.0058	0.0126	0.0232	-0.2748	-0.0198	0.1971	0.2759	-0.1096	0.1138	-0.0726	0.0323	0.1781	-0.1091	-0.0517	-0.0567	0.0084	0.224	0.1103	0.003	-0.0287	0.1586	0.0574	-0.2181	0.0655	-0.0179	0.0244	0.0514	-0.0908	0.086	0.0712	0.0757	0.1189	-0.054	-0.3128	-0.0369	-0.2496	-0.0167	-0.0707	-0.3068	-0.0189	-0.1845	-0.0391	-0.168	-0.0867	-0.1728	-0.1794	-0.3282	-0.2406	-0.0492	-0.0012	0.0391	0.3721	0.3159	0.2468	-0.2281	-0.1132	0.698	-0.0714	0.3905	0.5474	0.496	0.7407	0.5335	0.4846	0.3309	0.5285	0.0715	-0.0509	-0.2219	0.438	0.0298	0.6343	-0.247	0.1176	0.0141	-0.1884	0.3919	0.0924	-0.0641	0.1014	-0.1589	-0.312	0.2757	-0.1838	-0.0703	-0.0347	-0.029	0.2506	0.326	-0.041	0.1963	0.1896	-0.1129	0.0535	0.0299	-0.0333	-0.1648	-0.0729	-0.1494	-0.2871	-0.1409	-0.0638	-0.0176	-0.3052	0.0872	-0.1519	-0.1409	-0.0793	-0.0818	-0.1295	-0.3038	0.0184	-0.171	0.0061	-0.1564	-0.3153	-0.197	0.3487	-0.0815	0.0929	-0.2605	-0.0762	-0.0632	0.0498	-0.067	-0.1107	0.0157	0.0018	-0.401	-0.1345	0.039	-0.1235	-0.2902
LH_SomMot_10	-0.1901	-0.1206	-0.0257	-0.1064	0.2424	-0.0543	-0.0069	-0.0587	0.0393	-0.2692	-0.143	-0.1133	-0.2515	-0.2273	0.1751	0.2101	0.1828	0.2091	0.2143	0.1163	-0.0619	-0.0907	0.0687	1.0	0.4699	0.255	-0.019	0.0589	0.3447	0.6091	0.1601	-0.2136	-0.0772	-0.0844	-0.2116	-0.2491	-0.1552	-0.2402	0.0264	-0.0976	-0.0374	-0.0241	-0.1592	0.3245	0.0562	-0.0805	-0.0544	0.0722	-0.0622	-0.0794	-0.0171	0.3093	0.0969	0.188	-0.1073	-0.3748	-0.1538	0.1129	-0.3529	-0.075	-0.2122	-0.0592	-0.0574	-0.0135	0.2605	0.143	0.0826	0.2477	0.0969	0.0118	-0.0801	-0.0941	0.0092	0.0742	0.0926	0.0493	-0.1061	0.1953	0.0479	-0.0125	-0.3018	0.1449	0.0981	0.3182	0.2918	0.0539	0.0247	0.4346	0.3417	0.2993	0.2294	0.2328	0.0832	0.2456	0.1504	0.0652	0.0407	0.3001	-0.1756	0.108	0.0831	0.2854	-0.0204	-0.049	-0.0616	0.1276	0.0024	0.157	-0.1678	-0.1014	-0.2137	-0.3072	-0.175	-0.1121	-0.1778	0.1079	0.2799	-0.0513	0.1645	-0.0684	0.0389	-0.0504	0.0251	0.0247	0.0953	0.1661	0.5406	0.4746	0.0792	-0.0939	-0.214	0.0773	0.4063	0.4001	-0.2871	-0.1786	-0.117	-0.3472	-0.1149	-0.1921	-0.3142	-0.3863	-0.056	0.0294	-0.1751	0.0172	-0.1931	-0.133	0.1667	-0.0942	-0.1799	-0.1641	0.1372	-0.0469	0.0242	-0.0037	0.1778	0.1218	-0.3319	0.0379	-0.323	-0.2889	-0.3447	-0.1449	-0.2582	-0.1751	-0.2061	-0.2329	0.012	-0.0783	0.0701	0.0418	-0.2318	0.0004	-0.1172	-0.2284	-0.1628	-0.2869	-0.1902	-0.0224	-0.1652	-0.1113	-0.3708	-0.1422	-0.2945	-0.2578	0.0249	-0.3217	-0.1167	-0.4239	0.2024	0.2274	0.0975	-0.0077	0.0623	0.1911	0.015	0.1445	-0.1044	-0.3444
LH_SomMot_11	0.0205	-0.021	0.3651	-0.1992	0.1449	-0.3052	0.0481	0.2793	0.1863	-0.2749	0.3461	-0.1058	-0.2091	0.0599	0.0356	0.1559	0.0648	0.1924	0.2186	0.1048	0.1065	0.1581	0.3805	0.4699	1.0	0.3536	0.3511	0.3898	0.5154	0.6005	0.2554	0.1241	0.0584	0.4507	0.3991	-0.1136	0.1065	0.217	0.0005	0.336	-0.1103	-0.1721	-0.0862	0.2803	0.2978	0.1696	-0.1798	-0.2595	0.0523	-0.0298	-0.0177	0.0544	0.1071	0.0334	0.0115	-0.0484	0.1331	-0.0243	0.058	-0.018	-0.2849	-0.1763	-0.1737	-0.2026	0.0444	-0.0504	-0.2136	0.1455	0.0481	-0.2646	-0.1408	0.1504	0.1996	0.1565	-0.1584	0.0419	-0.2698	0.0564	-0.0089	-0.0766	-0.1554	-0.0499	-0.1293	0.3291	0.1356	0.0695	-0.0318	0.2235	0.1048	-0.0821	0.0746	-0.1492	-0.1224	-0.052	-0.074	0.0618	0.0536	0.0461	-0.0787	0.1343	0.0175	0.2073	0.0646	0.0417	0.252	0.1809	-0.0464	0.2386	-0.0655	-0.2734	0.2743	-0.1211	-0.1466	-0.1206	0.1753	-0.132	0.197	-0.0807	0.0383	-0.0992	0.0847	-0.0828	0.085	0.1203	0.1361	0.2757	0.3309	0.5777	0.09	0.2865	0.3142	0.244	0.5497	0.5109	0.075	-0.0495	0.3427	-0.179	0.4526	-0.2103	0.2178	0.2144	-0.0446	0.5132	-0.0468	-0.1919	0.0147	0.0786	0.0527	0.1697	-0.0777	-0.1413	0.0408	-0.2766	0.0548	-0.0625	0.2757	0.0344	-0.2122	0.0092	-0.1398	0.0178	-0.151	-0.1113	-0.0471	-0.4103	-0.4285	-0.4145	-0.5022	-0.2552	-0.3369	0.1625	-0.3404	0.0095	-0.2198	-0.3845	-0.1698	-0.1878	-0.0891	-0.216	-0.3159	-0.1307	-0.3436	-0.3822	0.2146	-0.2136	0.0954	-0.4102	-0.1175	-0.2806	0.0002	0.0244	0.1533	-0.0819	-0.082	-0.1988	-0.3515	0.0438	-0.1151	-0.2895
LH_SomMot_12	0.0231	-0.0597	0.0336	-0.1291	0.0789	0.0251	0.011	0.2253	0.1099	-0.0084	-0.0294	-0.0209	-0.328	-0.2692	-0.1863	0.0376	0.1575	0.3326	0.5455	-0.1006	0.2141	0.4034	0.812	0.255	0.3536	1.0	0.2931	0.4617	0.3604	0.1026	0.0925	-0.0334	-0.1599	0.4882	0.4585	0.0287	-0.1175	0.0205	-0.0158	0.1499	0.0295	0.0194	0.0079	0.2057	0.5649	0.1327	0.0781	0.012	0.1233	-0.001	-0.0906	0.2894	0.0044	0.1193	-0.1226	-0.0463	0.1786	0.023	0.0947	0.1091	-0.2623	-0.1826	-0.0042	-0.2226	-0.1634	-0.1299	-0.024	-0.1562	-0.2161	-0.1213	-0.1232	0.0124	-0.05	0.0853	-0.1713	0.0561	-0.2383	-0.0377	0.1601	-0.1348	-0.1263	-0.1605	0.0723	0.1863	0.0511	-0.0209	-0.2068	0.1842	-0.0417	-0.0435	-0.1087	-0.1648	-0.1139	-0.0719	-0.1696	0.1895	0.1224	-0.0287	0.0421	-0.0279	-0.2059	0.0628	-0.2155	-0.0579	0.0109	-0.2135	0.0531	-0.0711	-0.2012	-0.106	-0.0448	-0.2942	-0.0559	-0.2391	-0.089	-0.1061	0.0427	-0.0234	0.344	0.2644	0.2713	-0.2225	-0.0275	0.7054	0.1258	0.2623	0.5549	0.3573	0.6758	0.4525	0.378	0.2214	0.4476	-0.0531	-0.0393	-0.0718	0.4588	0.0468	0.5474	-0.0645	0.2043	0.0305	-0.0447	0.218	0.1741	0.1188	0.1215	-0.1476	-0.2082	0.2441	-0.0637	0.1178	-0.091	-0.0115	0.258	0.2283	0.1194	0.1951	0.1844	-0.246	0.1201	0.0532	0.0123	-0.1101	-0.058	-0.1318	-0.1816	-0.165	0.0085	-0.1091	-0.1612	0.0475	-0.1158	-0.0185	-0.0437	-0.0927	0.032	-0.1622	0.0729	-0.0547	-0.0735	-0.0483	-0.2595	-0.1338	0.2595	-0.1266	0.0808	-0.2593	-0.1569	-0.0795	0.06	0.0265	0.0096	-0.1031	-0.0735	-0.2618	-0.0278	0.2004	-0.0131	-0.1285
LH_SomMot_13	-0.0335	0.0968	0.1064	-0.1051	0.2686	-0.0967	0.2775	0.231	0.2754	0.0698	0.055	0.0701	0.14	0.1917	0.1916	0.1413	0.2177	0.2361	0.0393	0.131	0.223	0.1154	0.33	-0.019	0.3511	0.2931	1.0	-0.0808	0.5306	0.1391	0.0632	0.1008	0.1549	0.0148	0.0249	0.0583	0.0726	0.5212	-0.0271	0.5188	-0.2214	-0.058	-0.1207	0.2693	-0.017	-0.1674	0.1948	-0.3669	-0.0196	-0.2045	-0.1336	-0.3203	0.1313	0.0273	0.0225	0.3197	0.0488	-0.1488	0.1575	0.174	-0.0593	0.0806	-0.0922	0.1832	-0.0078	-0.0798	-0.328	-0.08	-0.2199	-0.1275	-0.0417	0.1043	-0.0191	-0.047	0.0714	-0.156	-0.0363	0.0447	-0.0553	0.0846	-0.1586	-0.0559	-0.2911	-0.0246	-0.157	-0.0441	-0.3321	-0.1694	-0.2383	-0.4075	-0.2566	-0.265	-0.0398	-0.14	-0.2646	-0.0231	-0.0603	0.0974	-0.0874	0.006	0.1735	-0.0704	0.0176	0.1905	0.1297	0.2279	-0.0804	0.1385	0.1044	-0.1244	0.112	0.1063	0.1192	0.1288	0.2075	-0.0611	0.0735	-0.0459	0.03	0.0091	-0.0112	-0.1092	0.0446	0.1657	0.1902	0.1112	0.0561	0.1623	0.1569	0.4992	-0.0765	0.4854	0.4302	0.2324	0.1096	0.1837	-0.022	-0.0497	0.1106	0.1266	0.1162	0.2538	-0.0732	0.2815	-0.0501	-0.1652	-0.0311	0.3093	0.1866	-0.0501	0.1103	0.0588	-0.0551	-0.3477	-0.1205	-0.2451	0.2424	-0.166	0.3808	-0.0653	0.0967	0.1858	0.2015	0.0241	0.0143	-0.011	0.14	0.1378	-0.3041	0.1059	-0.2423	0.0969	0.0839	-0.1181	-0.2035	-0.0035	-0.0187	-0.0531	-0.0953	-0.4244	-0.3197	0.0957	-0.1164	0.0338	0.281	0.191	-0.0742	-0.0863	-0.0748	-0.1438	0.0325	0.0472	0.0001	-0.1942	-0.2799	-0.1938	-0.2197	-0.0793	0.0995	0.172
LH_SomMot_14	0.1173	-0.2759	0.1775	0.0522	-0.3786	0.0049	-0.1224	-0.1117	-0.2927	0.0624	0.2091	-0.025	-0.3876	-0.3607	-0.31	-0.1125	-0.2182	0.0325	0.4311	-0.2313	0.0587	0.1273	0.5306	0.0589	0.3898	0.4617	-0.0808	1.0	0.1844	0.0425	0.4156	0.4789	0.2603	0.738	0.7641	0.4112	0.4575	-0.1212	0.5113	0.1477	0.3089	0.3098	0.4863	-0.1689	0.7004	0.6652	-0.2564	0.1014	0.1914	0.2213	0.2268	0.4478	0.1938	0.0532	-0.067	-0.0102	0.3885	0.1417	0.314	-0.0813	-0.093	-0.0653	0.3241	-0.178	-0.0332	-0.0514	0.1732	0.1227	0.1781	0.1521	0.0425	-0.0326	0.014	0.0307	-0.2936	-0.039	-0.2315	-0.166	-0.0102	0.2541	0.0125	-0.3199	0.0308	0.116	-0.0433	-0.2797	-0.0831	-0.0164	-0.1459	-0.15	-0.1298	-0.0972	-0.252	0.1457	-0.2222	0.377	0.0177	-0.0925	0.086	0.3004	-0.1976	0.3954	-0.277	-0.0277	-0.1928	-0.3341	0.088	-0.4302	0.0151	0.1032	-0.019	-0.4413	-0.0423	-0.2481	0.1654	-0.2387	-0.2031	0.0616	0.1037	0.0958	0.1568	-0.1288	-0.124	0.5522	-0.1113	0.3164	0.3915	0.4005	0.4575	0.2696	0.7436	-0.1384	0.103	-0.1346	0.1482	-0.2785	0.6604	0.2692	0.7376	0.0218	0.5423	0.2167	0.4198	0.4038	0.3934	0.2508	0.2657	-0.352	-0.4831	0.362	0.2298	0.1969	-0.1303	0.3275	0.2055	0.2854	0.1133	0.27	0.0524	0.1151	-0.1286	0.1991	0.0271	0.1576	0.165	-0.0778	-0.0542	-0.0967	-0.158	-0.0847	-0.0797	0.157	0.1005	-0.0413	0.0734	-0.1068	0.187	-0.1585	-0.1347	-0.1836	0.0511	0.2768	-0.2007	-0.4026	0.0884	-0.1263	0.2252	-0.2459	-0.3739	0.0062	-0.0268	-0.2193	-0.0322	-0.0802	-0.2562	-0.0575	-0.1471	0.3698	0.01	-0.0937
LH_SomMot_15	-0.0635	0.0416	0.1245	-0.0718	0.2075	-0.2855	0.1504	-0.0637	0.0946	-0.1714	0.0006	-0.12	-0.1236	-0.1401	0.12	0.0663	0.2591	0.2692	0.2019	-0.0786	-0.0807	0.049	0.5098	0.3447	0.5154	0.3604	0.5306	0.1844	1.0	0.3293	0.1764	0.1831	0.0897	0.1153	0.0431	0.0404	-0.0083	0.0128	0.0008	0.5876	-0.1712	-0.0175	0.0869	0.3021	0.2051	0.0288	0.0149	-0.001	0.0165	-0.0472	0.0287	-0.0069	0.1522	0.1987	-0.1756	0.0104	0.1037	0.0489	-0.1664	-0.0204	-0.0296	0.0819	0.0825	0.1772	0.2375	0.2286	0.0249	0.2098	0.1018	0.1222	-0.2869	-0.0594	0.1235	0.1753	0.0921	-0.1634	-0.0395	0.0757	0.0042	0.0436	-0.2675	0.053	-0.1036	0.1456	0.1848	-0.0634	-0.0222	0.0986	0.0806	-0.2095	0.0176	0.1095	0.1349	0.0838	-0.0978	-0.0868	-0.1324	0.2334	-0.079	0.0281	-0.054	0.0653	-0.1575	0.1842	-0.0716	0.0027	-0.0616	0.0293	-0.0077	-0.2215	-0.0852	-0.1003	-0.2475	-0.2022	-0.0739	-0.0309	0.0606	0.0432	0.2962	0.0276	0.0179	-0.2094	-0.173	0.252	-0.1509	0.3444	0.4124	0.5062	0.2584	0.293	0.0297	0.5622	0.6221	0.357	-0.0752	-0.1969	0.0563	-0.1285	0.2134	-0.2112	-0.1294	-0.0277	-0.1374	0.5195	-0.0886	-0.1186	-0.0436	0.0204	0.0932	-0.0262	-0.0419	-0.1934	0.0222	-0.0836	0.0268	-0.0373	0.1011	-0.0947	0.067	-0.0081	-0.1253	-0.0437	-0.1559	-0.1621	-0.1044	-0.0806	-0.1064	0.0138	-0.0891	0.1395	-0.1767	0.1381	-0.0548	-0.2219	-0.15	-0.1192	-0.3104	-0.3763	-0.274	-0.4656	-0.1478	-0.0808	-0.3399	-0.1051	0.1375	-0.1056	-0.1524	-0.1659	-0.0444	-0.1969	0.0467	0.0028	-0.0704	-0.0363	-0.1417	-0.1303	-0.2882	-0.0863	-0.1854	-0.2716
LH_SomMot_16	-0.0847	0.1256	0.3033	-0.0347	0.338	-0.0598	0.0725	0.1579	0.0951	-0.0696	0.2024	0.0602	-0.1735	0.094	0.378	0.3729	0.3021	0.4621	0.2396	0.3239	0.1843	0.1638	0.0567	0.6091	0.6005	0.1026	0.1391	0.0425	0.3293	1.0	0.3868	-0.0313	0.1069	0.2008	0.0226	-0.2616	-0.1227	-0.0439	-0.2412	0.1415	-0.2242	-0.3726	-0.2605	0.6287	0.1486	0.0617	0.1682	-0.2334	0.1986	-0.0856	-0.2226	0.1607	0.0442	0.0119	0.1006	-0.0391	0.238	0.2172	-0.0578	0.0783	-0.528	-0.1624	-0.2538	-0.0565	0.098	-0.0008	-0.2402	0.0835	0.0649	-0.1577	-0.0877	-0.1547	0.128	0.0933	-0.0394	0.0883	-0.1918	0.1542	0.073	-0.1961	-0.3295	-0.0633	-0.1664	0.3136	0.1123	-0.1115	-0.096	0.2538	0.0729	0.0174	0.0843	-0.0099	-0.2276	-0.1179	-0.0897	0.009	-0.0454	0.0483	-0.265	0.2818	0.2763	0.3009	0.1911	0.0404	0.237	0.3919	0.0239	0.3554	0.0402	-0.0402	0.1094	-0.1812	-0.035	-0.0873	-0.0493	0.1567	0.328	0.103	0.2505	0.2768	0.2497	0.0966	0.3849	0.0345	0.367	0.2317	0.3601	0.424	-0.1037	0.2641	0.0595	0.2417	0.4746	0.6626	0.1518	0.0384	0.019	-0.3041	0.1546	-0.2103	-0.0643	-0.0806	-0.1987	0.1996	-0.1085	-0.3643	0.0217	0.1046	0.3226	0.2339	0.0536	-0.0362	0.3852	-0.2371	0.2392	0.2136	0.2849	0.1929	-0.2522	0.1736	-0.2869	0.0069	-0.1611	0.1742	-0.2205	-0.3919	-0.272	-0.2401	-0.284	-0.2793	-0.321	0.059	-0.1557	-0.2091	-0.4151	-0.3018	-0.081	-0.3324	-0.233	-0.0184	-0.435	-0.1759	-0.4099	-0.3588	0.0753	-0.0175	0.2736	-0.3084	0.0008	-0.2797	0.2002	0.0411	-0.1613	-0.2202	-0.07	-0.2698	-0.2012	0.1014	-0.1095	-0.2775
LH_DorsAttn_Post_1	0.1326	-0.0924	0.366	0.0912	-0.091	0.3133	0.2259	-0.1426	-0.1147	0.3072	0.2226	0.1766	-0.0233	0.0694	-0.1065	-0.1661	-0.1509	0.0902	0.186	0.0555	0.227	0.0336	0.0655	0.1601	0.2554	0.0925	0.0632	0.4156	0.1764	0.3868	1.0	0.2959	0.4978	0.5174	0.3985	0.2202	0.3032	0.1029	0.1017	0.0273	0.0923	-0.1027	0.0592	-0.0063	0.2985	0.3449	-0.0717	-0.0238	0.2331	0.0795	-0.0564	0.4892	0.1351	0.1094	0.4184	0.1402	0.5508	0.4484	0.3714	0.0348	-0.5349	-0.1033	0.06	-0.0707	-0.1535	-0.2222	-0.1124	0.0976	0.1153	0.0784	0.3397	-0.2404	0.1818	-0.0259	-0.3931	-0.0182	-0.2278	-0.0383	-0.0766	0.0208	-0.3188	-0.4534	-0.1129	0.2484	-0.0511	-0.1991	-0.1702	0.1258	-0.1804	0.117	-0.1581	-0.2182	-0.5195	-0.1686	-0.3029	0.3759	0.1215	0.0499	-0.1116	0.6044	0.5277	0.7151	-0.0106	0.1707	0.0374	0.0311	0.3104	-0.1997	0.3312	0.3598	0.1068	-0.1633	0.2407	0.023	0.2664	-0.2877	-0.3326	-0.2175	-0.1666	-0.0003	0.1337	-0.0339	0.2028	0.1602	0.1335	0.2449	0.3315	0.166	0.0214	0.3466	0.3628	-0.12	0.1565	0.2759	0.4319	-0.121	0.3334	-0.0448	0.3745	0.0752	0.3149	0.0925	0.1943	0.2311	0.1047	-0.2443	0.1315	-0.0727	-0.1277	0.1938	0.5295	0.1818	0.0097	0.1563	0.0571	0.2156	0.2815	0.0991	0.1622	0.3466	-0.0765	0.3834	0.2377	0.4517	-0.1522	-0.3607	0.039	-0.1046	-0.189	-0.2412	-0.2977	-0.0415	0.1767	-0.3001	-0.3931	-0.366	0.3346	-0.045	-0.1751	0.0717	-0.4003	0.1408	-0.4005	-0.5897	0.1547	0.0755	0.2977	-0.3635	-0.4773	-0.1128	0.2056	0.0547	0.0086	-0.3206	-0.4533	-0.3438	-0.4221	0.44	0.1868	0.05
LH_DorsAttn_Post_2	0.2647	-0.3194	0.3908	0.1974	-0.2605	-0.0756	0.0678	-0.1644	-0.2301	0.2296	0.4499	0.2302	-0.0091	0.0258	0.0641	-0.1451	-0.1757	-0.0314	0.1633	-0.2311	0.0399	-0.1077	0.1269	-0.2136	0.1241	-0.0334	0.1008	0.4789	0.1831	-0.0313	0.2959	1.0	0.7372	0.3786	0.4848	0.7245	0.7674	0.0573	0.5248	0.3252	0.175	0.3729	0.6421	-0.0756	0.5028	0.634	-0.0656	0.1331	0.1524	0.0389	0.2416	0.1385	0.1361	-0.0684	0.044	0.2061	0.2941	0.0897	0.2301	0.0936	0.2666	0.4008	0.6002	0.3252	0.2727	0.2965	0.0258	0.3694	0.1383	0.4629	0.2283	0.1704	-0.2552	-0.2849	-0.1489	-0.4419	-0.1285	-0.1963	-0.2947	0.3536	-0.1677	-0.3337	-0.2155	-0.4055	-0.2382	-0.4478	-0.1912	-0.502	-0.566	-0.326	-0.5356	-0.0966	-0.0473	0.0369	-0.3551	0.1013	-0.2953	-0.096	-0.121	0.2968	0.0648	0.3908	-0.2479	0.0073	-0.1336	-0.2608	0.121	-0.4071	0.276	0.0668	0.0981	-0.1848	0.099	-0.0031	0.4319	-0.1149	-0.0007	0.2259	0.0275	-0.0213	0.0928	-0.094	-0.1083	0.1329	-0.1786	0.2412	-0.0856	0.1228	0.0471	0.1705	0.4577	-0.0261	0.0571	-0.0478	0.2911	-0.0403	0.3332	0.534	0.366	0.3907	0.5148	0.4653	0.5333	0.534	0.4596	0.2515	0.262	-0.2098	-0.1329	0.3427	0.5227	0.2995	0.0244	0.5057	0.0194	-0.0424	0.1703	-0.0291	0.2961	0.1532	-0.3618	0.1866	-0.0242	0.3531	0.3921	0.2977	0.3461	0.2788	-0.0684	0.2854	-0.045	0.2775	0.3817	-0.0341	0.3018	0.0849	0.1919	-0.0717	-0.2481	-0.2902	-0.025	0.2799	-0.1736	-0.0717	-0.1574	-0.2044	-0.1869	-0.119	-0.31	-0.1298	-0.3053	-0.4963	-0.0113	-0.5356	-0.6221	0.0562	-0.3964	0.0647	-0.2038	0.0369
LH_DorsAttn_Post_3	0.3208	-0.1581	0.3038	0.2354	-0.1138	0.0922	0.2909	-0.144	-0.0987	0.4464	0.412	0.403	0.2487	0.3727	0.1179	-0.2013	-0.2348	-0.1709	0.0465	-0.0966	0.1655	-0.1702	-0.1889	-0.0772	0.0584	-0.1599	0.1549	0.2603	0.0897	0.1069	0.4978	0.7372	1.0	0.1499	0.2024	0.6002	0.8303	0.3171	0.5529	0.237	0.0975	0.2821	0.349	-0.0955	0.2568	0.428	-0.031	0.0523	0.0922	-0.1261	0.131	0.2057	0.2202	-0.0728	0.1459	0.1424	0.2056	0.0168	0.27	0.0258	0.0802	0.2727	0.4283	0.2701	0.1646	0.0368	-0.0918	0.2262	-0.0748	0.295	0.4846	0.1092	-0.2655	-0.424	-0.2336	-0.4963	-0.2444	-0.2754	-0.3726	0.384	-0.2889	-0.4598	-0.3603	-0.3457	-0.3468	-0.4815	-0.3714	-0.4617	-0.6063	-0.1674	-0.598	-0.2874	-0.2704	-0.0848	-0.4458	0.1924	-0.2614	-0.1918	-0.2054	0.4819	0.3643	0.57	-0.015	0.2276	-0.1152	0.0683	0.2346	-0.3069	0.3936	0.3328	0.1688	-0.07	0.3828	0.3694	0.6959	-0.2614	-0.1764	0.0712	-0.198	-0.157	-0.082	-0.1081	0.0465	-0.0356	-0.0448	0.0442	-0.1097	-0.1361	-0.1938	0.0612	0.1981	-0.1107	-0.1116	0.0159	0.3556	0.1105	0.1151	0.4509	0.0746	0.5603	0.5198	0.512	0.6593	0.3767	0.3641	0.1607	0.2419	-0.0828	-0.0216	0.1827	0.6916	0.3963	-0.0324	0.3752	-0.1662	-0.1401	0.428	-0.0585	0.2283	0.1487	-0.3113	0.2559	0.0823	0.5	0.3598	0.2541	0.5083	0.314	-0.0981	0.1475	-0.0694	0.2433	0.4554	-0.009	0.1139	-0.0827	0.4225	-0.001	-0.2159	-0.1699	-0.2837	0.4596	-0.1391	-0.1597	-0.2559	-0.1631	-0.2402	-0.2031	-0.3927	-0.1892	-0.1972	-0.2606	0.111	-0.5758	-0.724	0.1207	-0.4198	0.2942	-0.0062	0.2484
LH_DorsAttn_Post_4	0.2213	-0.1053	0.4526	0.0114	-0.1938	0.0227	-0.1148	0.2116	-0.0525	0.1107	0.4758	-0.017	-0.3306	-0.0886	-0.2154	0.0594	-0.0986	0.2279	0.4145	-0.1012	0.2524	0.3653	0.5392	-0.0844	0.4507	0.4882	0.0148	0.738	0.1153	0.2008	0.5174	0.3786	0.1499	1.0	0.867	0.2136	0.2318	0.0023	0.0792	0.1039	0.2012	-0.0591	0.1848	0.0469	0.761	0.6225	-0.0276	-0.0099	0.3477	0.1865	0.0707	0.3924	0.082	-0.0309	0.0947	0.0638	0.5306	0.1837	0.4422	0.0172	-0.3865	-0.2716	0.0639	-0.4087	-0.2941	-0.2754	-0.031	-0.0734	-0.0216	-0.0988	0.0455	-0.0491	0.034	0.0981	-0.4598	0.1165	-0.2952	-0.1461	0.0908	-0.1159	-0.0325	-0.4132	-0.0071	0.1288	-0.0596	-0.1493	-0.0839	0.0533	-0.1837	-0.0341	-0.1718	-0.2616	-0.4148	-0.1694	-0.2439	0.2933	0.0862	-0.2018	0.1069	0.3004	-0.0122	0.4005	-0.0948	-0.0044	0.2298	-0.323	0.2194	-0.1751	0.0942	0.0746	0.3138	-0.2671	-0.0136	-0.2593	0.1459	-0.1601	-0.1401	0.0049	0.1032	0.2491	0.4097	-0.0656	0.1006	0.528	0.1378	0.4048	0.2882	0.3032	0.4184	0.5395	0.8296	0.0417	0.2768	0.0443	0.434	-0.0835	0.8114	0.1972	0.8519	-0.0482	0.6261	0.3158	0.1445	0.434	0.3532	-0.0129	0.339	-0.1153	-0.2675	0.5508	0.2381	0.2376	0.0495	0.1321	0.3673	0.4071	0.1124	0.3004	0.0395	0.0245	0.0231	0.3262	0.1012	0.24	0.0761	-0.3592	-0.2794	-0.3375	-0.2123	-0.3447	-0.3052	0.0935	-0.0922	-0.0378	-0.0565	-0.247	0.1567	-0.0308	0.007	0.0023	-0.1165	-0.0103	-0.2387	-0.5	0.4311	-0.0784	0.366	-0.2508	-0.292	0.0722	-0.0164	-0.2381	-0.0254	-0.2261	-0.1721	-0.4003	-0.2151	0.2869	-0.0099	-0.08
LH_DorsAttn_Post_5	0.2043	-0.1981	0.377	0.0237	-0.3176	-0.0589	-0.0587	0.1737	-0.1406	0.1731	0.4276	0.0196	-0.2524	-0.1021	-0.3312	-0.1412	-0.1213	0.1568	0.3507	-0.1849	0.2677	0.2472	0.5739	-0.2116	0.3991	0.4585	0.0249	0.7641	0.0431	0.0226	0.3985	0.4848	0.2024	0.867	1.0	0.4267	0.3514	0.1209	0.1503	0.2158	0.2045	0.0676	0.352	-0.0509	0.7084	0.6167	-0.0682	-0.0587	0.3277	0.2286	0.0367	0.258	-0.0655	0.0014	0.0267	0.0997	0.5124	0.0735	0.3834	-0.002	-0.2222	-0.0526	0.2177	-0.2562	-0.2713	-0.1789	-0.0758	-0.0202	0.0703	-0.0365	0.1601	0.1091	0.1105	0.0542	-0.4897	0.0553	-0.2293	-0.1774	0.1105	-0.0343	0.0549	-0.3805	-0.0144	-0.0006	-0.1239	-0.2004	-0.1141	-0.1483	-0.3104	-0.1903	-0.2416	-0.2959	-0.3076	-0.2149	-0.2909	0.359	0.1576	-0.1546	0.1912	0.1265	-0.136	0.3001	-0.1858	-0.0665	0.0934	-0.2918	0.0502	-0.2734	0.1554	0.1013	0.2605	-0.1774	0.0605	-0.1874	0.2312	-0.3009	-0.1723	-0.0104	-0.0286	0.1883	0.2824	-0.1074	0.0808	0.4874	0.0112	0.312	0.1908	0.2716	0.4075	0.4986	0.8717	-0.0579	0.213	-0.026	0.3603	-0.095	0.7275	0.347	0.8117	0.1068	0.6701	0.4554	0.2039	0.5005	0.3934	-0.002	0.365	-0.1358	-0.4036	0.4978	0.2522	0.2986	-0.0986	0.2072	0.2398	0.2709	0.0387	0.2309	0.1628	-0.0435	-0.0759	0.2304	0.1247	0.2007	0.1894	-0.1763	-0.1179	-0.1906	-0.2701	-0.204	-0.3575	0.1482	0.044	-0.0499	-0.0396	-0.1245	0.2989	0.0653	0.0827	-0.0457	-0.0696	0.0706	-0.158	-0.3905	0.3731	-0.0945	0.25	-0.186	-0.2534	0.0652	-0.1586	-0.3093	-0.0455	-0.2472	-0.2652	-0.4401	-0.2835	0.2909	0.0462	0.0132
LH_DorsAttn_Post_6	0.0223	-0.4819	-0.0167	0.1772	-0.4028	-0.0129	0.0533	-0.3967	-0.5102	0.2734	0.0365	0.1045	-0.0526	-0.2073	-0.0746	-0.2995	-0.2524	-0.168	0.1101	-0.2393	-0.1145	-0.2799	0.0974	-0.2491	-0.1136	0.0287	0.0583	0.4112	0.0404	-0.2616	0.2202	0.7245	0.6002	0.2136	0.4267	1.0	0.7235	-0.0203	0.5117	0.2422	0.1998	0.5939	0.809	-0.2043	0.3312	0.3479	-0.235	0.2225	-0.0966	0.0434	0.0923	0.0405	-0.2276	0.0661	-0.0885	0.0387	0.1272	-0.1136	0.0268	-0.1704	0.3836	0.6911	0.8663	0.502	0.1779	0.3954	0.1364	0.3369	0.281	0.6561	0.3444	0.1645	-0.2228	-0.3487	-0.0957	-0.4476	-0.1916	-0.2412	-0.1954	0.5231	-0.1325	-0.1036	-0.2007	-0.2936	-0.3721	-0.4625	-0.2511	-0.5402	-0.4684	-0.4106	-0.4846	0.0475	0.0977	0.0948	-0.2659	0.284	-0.0532	0.0362	0.1721	0.0971	-0.1628	0.2114	-0.5935	-0.082	-0.4919	-0.3191	-0.0708	-0.6395	0.2004	0.2108	-0.2194	-0.2812	0.1741	-0.0215	0.3223	-0.2335	-0.1269	0.0119	-0.166	-0.0986	-0.1699	-0.1737	-0.3197	0.1682	-0.3986	-0.0383	-0.0331	-0.139	0.1434	0.0974	0.2891	-0.1608	-0.0091	-0.2564	0.0866	-0.1857	0.2235	0.7447	0.19	0.5859	0.3738	0.3651	0.5601	0.2933	0.4267	0.3897	0.3059	-0.3384	-0.3358	0.0714	0.4312	0.2803	-0.2366	0.634	-0.3091	-0.3038	-0.1374	-0.1248	0.3832	-0.0052	-0.2004	-0.0837	0.0162	0.204	0.3065	0.5866	0.6853	0.5515	0.2009	0.4702	0.2557	0.235	0.6556	-0.1985	0.2727	0.3417	0.4034	0.0167	-0.0971	-0.3636	0.1629	0.5502	-0.1052	0.1804	-0.2846	0.0041	-0.2315	0.009	-0.508	-0.1228	-0.1844	-0.3551	-0.1656	-0.3127	-0.6109	0.0424	-0.1218	0.288	0.1212	0.2818
LH_DorsAttn_Post_7	0.2204	-0.4136	0.1816	0.0536	-0.3809	-0.0301	0.0015	-0.2777	-0.2904	0.2171	0.3771	0.1906	0.012	0.1234	-0.0653	-0.2718	-0.417	-0.3095	0.0113	-0.0919	0.0418	-0.2941	-0.1272	-0.1552	0.1065	-0.1175	0.0726	0.4575	-0.0083	-0.1227	0.3032	0.7674	0.8303	0.2318	0.3514	0.7235	1.0	0.227	0.7806	0.1777	0.2636	0.5497	0.6297	-0.2885	0.2989	0.4362	-0.2683	0.1127	-0.0857	0.0155	0.2242	0.1859	0.1091	0.0009	0.0254	0.0158	0.1095	-0.0702	0.3041	-0.0589	0.2616	0.3118	0.5846	0.2335	0.1437	0.0953	0.0636	0.2257	0.0989	0.37	0.3861	0.1269	-0.2391	-0.3334	-0.1756	-0.4032	-0.2409	-0.2011	-0.3183	0.5804	-0.1008	-0.3062	-0.2282	-0.2302	-0.2835	-0.3707	-0.2172	-0.3722	-0.472	-0.2398	-0.4702	-0.18	-0.1275	0.1218	-0.263	0.3319	-0.1792	-0.1564	-0.0295	0.4268	0.1073	0.4968	-0.2094	0.0039	-0.2578	-0.1812	0.1739	-0.4588	0.1062	0.1548	0.1327	-0.2465	0.241	0.1662	0.6715	-0.3093	-0.1389	0.0468	-0.3266	-0.3273	-0.173	-0.0742	-0.206	0.0008	-0.2456	-0.0968	-0.1392	-0.0958	-0.0734	-0.0765	0.2907	-0.295	-0.1707	-0.1172	0.1589	-0.1074	0.2322	0.5273	0.1543	0.4978	0.5617	0.549	0.7653	0.3414	0.3811	0.3975	0.1216	-0.3201	-0.3227	0.0677	0.4941	0.2858	-0.1948	0.4604	-0.3208	-0.3065	0.1886	-0.1004	0.1732	0.0716	-0.2184	0.2109	0.0571	0.3366	0.3138	0.3118	0.4892	0.2623	-0.1375	0.1762	0.1278	0.1048	0.3813	-0.0128	0.2444	0.0116	0.3719	0.0309	-0.1521	-0.3001	-0.0537	0.6134	-0.0907	-0.1366	-0.2465	-0.1614	-0.1712	-0.1684	-0.4453	-0.1961	-0.1752	-0.2922	0.0946	-0.3702	-0.6264	0.247	-0.2141	0.377	0.0731	0.2223
LH_DorsAttn_Post_8	0.3302	0.2959	0.193	-0.0809	0.274	-0.0689	0.4233	0.4715	0.5087	0.3027	0.3452	0.1683	0.3978	0.6879	-0.1445	-0.1454	-0.0421	-0.1171	-0.2127	0.0905	0.433	0.1014	-0.1014	-0.2402	0.217	0.0205	0.5212	-0.1212	0.0128	-0.0439	0.1029	0.0573	0.3171	0.0023	0.1209	-0.0203	0.227	1.0	-0.025	0.3514	-0.2061	-0.305	-0.349	-0.1113	-0.1129	-0.1693	0.1563	-0.4789	0.0329	-0.2017	-0.0483	-0.3474	0.0943	-0.1715	0.157	0.3164	-0.0213	-0.1445	0.3952	0.2582	-0.112	-0.1971	-0.3033	-0.2349	-0.365	-0.5256	-0.3543	-0.3927	-0.4293	-0.5434	0.2729	0.2598	-0.0619	-0.1959	-0.371	-0.0786	-0.0728	-0.1967	0.0479	-0.1048	0.0641	-0.4239	-0.2701	-0.1753	-0.268	-0.1038	-0.336	-0.3133	-0.4486	-0.1826	-0.3269	-0.681	-0.4302	-0.5055	-0.3913	0.0228	0.0786	-0.2253	0.034	-0.0946	0.3363	0.0259	0.3861	0.2961	0.3291	0.4382	-0.0196	0.3378	0.2229	0.1238	0.4998	0.3722	0.3797	0.4956	0.6752	-0.3486	-0.1354	-0.1944	-0.3556	-0.0991	-0.075	-0.0423	0.33	-0.089	0.3598	-0.1507	-0.2294	-0.2434	-0.1677	0.2749	0.0587	0.1315	-0.0224	-0.0281	0.3059	0.5313	0.0054	0.0359	0.014	0.3598	0.4751	0.5529	0.1432	0.1511	0.2026	-0.1895	0.1366	0.4625	0.1204	-0.0518	0.3644	0.2492	-0.2237	-0.3707	-0.0783	-0.2245	0.4183	-0.097	0.3265	-0.0045	0.2456	0.2968	0.4378	0.203	0.2894	-0.1356	0.1516	0.0006	-0.4342	-0.1895	-0.4102	0.0717	0.0885	0.2044	-0.1741	-0.1266	0.341	0.4438	0.1734	-0.1527	-0.3616	0.1387	0.2595	-0.1291	0.2636	0.0882	-0.013	0.0451	0.0257	0.0926	-0.1362	0.0397	0.0778	-0.2231	-0.1939	-0.1818	-0.2692	0.0711	0.2862	0.4815
LH_DorsAttn_Post_9	0.0133	-0.4998	-0.1511	0.0207	-0.3805	-0.0812	-0.1136	-0.384	-0.3253	0.0774	0.0275	0.0397	-0.0729	-0.19	-0.0595	-0.1373	-0.3644	-0.2916	0.0639	-0.1958	-0.1273	-0.2515	-0.059	0.0264	0.0005	-0.0158	-0.0271	0.5113	0.0008	-0.2412	0.1017	0.5248	0.5529	0.0792	0.1503	0.5117	0.7806	-0.025	1.0	0.0543	0.4566	0.6469	0.5481	-0.3505	0.2278	0.4297	-0.2595	0.2644	-0.1079	0.0674	0.472	0.3124	0.4166	0.08	-0.0877	-0.0294	-0.0831	-0.0493	0.2443	-0.1253	0.4215	0.2199	0.5015	0.157	0.2481	0.0995	0.2918	0.3286	0.1413	0.3309	0.3324	0.134	-0.2898	-0.2749	-0.0211	-0.2716	-0.035	-0.1	-0.2247	0.7278	0.1015	-0.1689	0.0401	-0.1487	-0.1568	-0.1703	-0.0726	-0.2163	-0.2147	-0.0707	-0.2413	-0.0347	-0.019	0.4427	-0.0575	0.354	-0.1332	-0.0039	0.053	0.3438	-0.0086	0.4458	-0.262	-0.0549	-0.4422	-0.2168	0.1876	-0.4561	-0.0817	0.1392	-0.1804	-0.3414	0.0987	0.1124	0.3983	-0.1456	-0.1391	0.0561	-0.199	-0.3408	-0.2207	-0.126	-0.2821	0.0809	-0.3171	-0.0225	0.0008	0.02	0.0769	-0.1538	0.1287	-0.3991	-0.2953	-0.3444	-0.1104	-0.221	0.1113	0.2527	0.0337	0.3588	0.3324	0.1621	0.8249	0.0832	0.2664	0.571	-0.0565	-0.3043	-0.3183	-0.0642	0.1923	0.25	-0.2341	0.414	-0.2511	-0.1883	0.2584	0.0666	0.0694	0.0675	-0.1858	0.1224	0.0001	0.3147	0.2552	0.2788	0.3635	0.1643	-0.0046	0.1373	0.3332	0.0495	0.2536	0.1884	0.3767	0.016	0.3032	0.0243	-0.2646	-0.2475	0.0877	0.6126	0.0472	-0.1076	-0.3809	-0.1932	-0.0079	-0.126	-0.3582	-0.1753	-0.0664	-0.156	0.1575	-0.1707	-0.3679	0.5649	0.078	0.4008	0.0776	0.1718
LH_DorsAttn_Post_10	-0.0176	0.0792	0.0357	-0.0953	0.1294	-0.4057	0.1703	0.0456	0.1372	-0.0057	0.1325	-0.1015	0.044	0.166	0.1209	-0.0027	0.265	0.295	0.0769	-0.1692	-0.0841	-0.0623	0.3381	-0.0976	0.336	0.1499	0.5188	0.1477	0.5876	0.1415	0.0273	0.3252	0.237	0.1039	0.2158	0.2422	0.1777	0.3514	0.0543	1.0	-0.3282	-0.0709	0.1181	0.2095	0.1837	0.1136	0.1103	-0.2234	0.0112	-0.2562	0.094	-0.354	0.028	-0.0737	-0.1723	0.1651	0.0835	-0.1591	-0.0829	0.0214	0.1042	0.1689	0.0451	0.1527	0.1396	0.0699	-0.0896	0.0445	-0.0352	-0.0025	-0.0678	0.182	0.1245	-0.0598	-0.1256	-0.2871	0.009	-0.2232	-0.1217	0.0883	-0.0934	-0.2056	-0.3176	-0.12	-0.2182	-0.2945	-0.2534	-0.3573	-0.3053	-0.5205	-0.2125	-0.1096	-0.0479	-0.1056	-0.2869	-0.2077	-0.2213	-0.0179	0.0057	-0.221	-0.0594	-0.0537	0.0179	0.1356	-0.0229	0.2038	0.0032	0.1124	0.0753	-0.1308	0.1665	0.0824	-0.2001	-0.0225	0.2327	-0.2097	-0.0272	0.0361	0.2123	0.1815	0.0587	-0.1894	-0.015	0.2361	0.0208	0.0176	0.1077	0.3162	0.1359	0.3647	0.1456	0.3808	0.2276	0.1006	0.1541	0.1177	0.1209	0.1927	0.2454	0.1876	0.1803	0.3719	0.0983	0.5256	0.1179	0.0572	0.2591	0.2102	0.0698	0.131	0.1877	0.1341	0.0761	-0.0638	0.1235	-0.0826	0.1551	0.0346	0.158	-0.0106	-0.0678	-0.0743	0.1325	0.1085	0.3027	0.2019	0.2171	0.3093	-0.3289	0.252	-0.2275	0.4026	0.2518	0.0215	0.0779	0.1709	-0.0548	-0.0615	-0.1126	-0.4368	0.0128	0.1956	0.0801	0.0969	0.1366	0.1192	-0.111	0.0924	0.0035	0.0353	-0.0997	-0.27	-0.2938	-0.084	-0.1069	-0.072	-0.1809	-0.1921	-0.0447	0.14
LH_DorsAttn_FEF_1	0.062	-0.3808	-0.1208	0.0755	-0.4992	0.0569	-0.3886	-0.2491	-0.3271	0.0526	-0.0791	0.1206	0.0096	-0.2294	-0.1386	-0.1302	-0.2322	-0.0128	0.0223	-0.0101	0.1956	0.0408	0.1051	-0.0374	-0.1103	0.0295	-0.2214	0.3089	-0.1712	-0.2242	0.0923	0.175	0.0975	0.2012	0.2045	0.1998	0.2636	-0.2061	0.4566	-0.3282	1.0	0.2886	0.3427	-0.3355	0.1766	0.2972	-0.0773	0.3774	-0.098	0.6167	0.3938	0.4145	0.1696	0.3941	-0.059	0.088	0.0803	0.2213	0.2874	0.0842	0.1871	-0.1657	0.19	-0.1607	-0.0476	-0.0729	0.4372	0.1267	0.1703	0.1331	0.1416	-0.0597	-0.15	0.2013	-0.1892	0.3061	0.3257	0.3557	0.2713	0.1748	0.5072	-0.1532	0.2584	0.036	0.2396	0.1192	0.4184	0.0277	0.1133	0.1298	0.1748	0.0353	-0.0369	0.1961	0.2701	0.2732	-0.0159	-0.1465	0.225	0.2718	0.0407	0.3447	-0.0449	-0.063	-0.2364	-0.4446	0.1124	-0.3957	-0.0627	0.1285	-0.147	-0.1477	0.068	0.0573	-0.0068	-0.0586	-0.0739	0.0411	-0.1908	-0.1102	0.0292	0.0918	-0.1298	0.1518	-0.1838	0.2293	0.0455	-0.0592	0.2675	-0.0969	0.2515	-0.2175	-0.0358	-0.1751	-0.0983	-0.31	0.0469	-0.0355	-0.0222	0.0249	0.1204	-0.1763	0.3036	-0.0677	0.0722	0.1409	-0.0899	-0.1845	-0.2925	0.0126	-0.0969	0.0332	-0.1107	0.1789	-0.0782	0.0845	0.0584	0.3175	-0.0391	-0.0447	-0.0016	0.1125	0.0973	0.2297	-0.089	-0.1684	-0.1221	-0.2729	0.0977	-0.25	0.0327	-0.3173	-0.1102	0.0294	0.121	-0.2904	0.1847	0.0492	0.0558	-0.1448	0.0399	0.0593	-0.0915	-0.3971	0.1045	-0.1626	0.2855	-0.1919	0.0064	-0.0554	-0.0735	-0.1918	-0.0396	-0.0686	-0.0418	0.0669	-0.003	0.3782	-0.0461	-0.0877
LH_DorsAttn_FEF_2	-0.1348	-0.6245	-0.2113	-0.0624	-0.4067	0.1179	-0.2623	-0.4625	-0.505	-0.1451	-0.1966	-0.2006	-0.2502	-0.4376	0.065	-0.0514	-0.2636	-0.412	0.0664	-0.2489	-0.2854	-0.4839	0.0459	-0.0241	-0.1721	0.0194	-0.058	0.3098	-0.0175	-0.3726	-0.1027	0.3729	0.2821	-0.0591	0.0676	0.5939	0.5497	-0.305	0.6469	-0.0709	0.2886	1.0	0.7012	-0.2293	0.0632	0.1212	-0.3739	0.3771	-0.3364	-0.0429	0.2418	0.1702	-0.0423	0.0301	-0.1921	-0.1241	-0.1839	-0.1412	-0.1614	-0.4008	0.5117	0.5574	0.7637	0.5273	0.5287	0.4826	0.2992	0.4252	0.3295	0.7056	0.0678	0.0206	-0.138	-0.2304	0.4517	-0.2956	-0.0989	0.0392	-0.2644	0.6399	-0.0949	0.3076	-0.0281	-0.1004	-0.1599	0.0201	-0.0342	-0.0872	-0.0204	-0.0319	-0.1433	0.3722	0.4762	0.6609	0.1803	0.2605	-0.25	0.187	-0.0358	0.1626	-0.3128	0.1462	-0.5342	-0.3147	-0.5653	-0.4215	-0.0152	-0.5915	-0.182	-0.0761	-0.3894	-0.3043	-0.1465	-0.2208	-0.026	0.054	0.073	0.0103	-0.104	-0.3511	-0.2487	-0.1746	-0.5726	-0.0324	-0.5827	-0.2303	-0.02	0.0085	0.0558	-0.2894	-0.0681	-0.3252	-0.0803	-0.2143	-0.3822	-0.4983	-0.0126	0.3983	-0.0616	0.2146	-0.0387	-0.0035	0.3755	0.0144	0.0383	0.5999	-0.1208	-0.575	-0.4003	-0.1806	-0.0478	-0.0258	-0.2305	0.5549	-0.4358	-0.447	-0.2646	-0.2608	0.1181	-0.0927	-0.2794	-0.2293	-0.2163	-0.1299	-0.046	0.5653	0.3985	0.3511	0.2094	0.5035	0.504	0.0313	0.2718	-0.0747	0.4554	0.2837	-0.011	-0.1329	-0.0263	-0.2083	0.3778	0.3641	-0.2433	0.2961	-0.4758	-0.1573	-0.3767	-0.1056	-0.3666	-0.2235	-0.1183	-0.0647	0.0876	-0.0957	-0.3179	0.4686	0.2546	0.1716	-0.1003	-0.1099
LH_DorsAttn_PrCv_1	-0.0994	-0.6012	-0.1181	0.034	-0.5788	-0.1385	-0.2748	-0.5413	-0.6544	-0.0038	-0.0845	0.0204	-0.2557	-0.4686	-0.0745	-0.2231	-0.2698	-0.0877	0.1346	-0.2107	-0.2205	-0.3243	0.1603	-0.1592	-0.0862	0.0079	-0.1207	0.4863	0.0869	-0.2605	0.0592	0.6421	0.349	0.1848	0.352	0.809	0.6297	-0.349	0.5481	0.1181	0.3427	0.7012	1.0	-0.1441	0.3486	0.3874	-0.2806	0.432	-0.0725	0.2972	0.2082	0.1852	-0.1961	0.2323	-0.2283	-0.0921	0.0497	-0.0005	-0.0754	-0.2189	0.4586	0.5622	0.8352	0.4707	0.3227	0.5368	0.2808	0.464	0.4566	0.7558	0.0665	0.0246	-0.0947	-0.0896	0.0652	-0.2941	-0.0607	0.0424	-0.1176	0.5156	0.0454	0.0644	-0.0348	-0.1233	-0.1133	-0.2671	0.1033	-0.2593	-0.1378	-0.3045	-0.1857	0.3192	0.3122	0.3363	0.0328	0.2693	-0.1266	0.0669	0.0693	0.1409	-0.2983	0.1701	-0.6069	-0.2282	-0.5788	-0.5238	-0.0602	-0.6957	-0.0805	-0.0316	-0.3151	-0.4067	-0.0245	-0.2743	0.0417	-0.1281	0.0436	0.1522	-0.03	-0.1364	-0.1132	-0.0943	-0.5005	0.1699	-0.5543	-0.036	0.0023	0.0687	0.2017	-0.1601	0.258	-0.1945	-0.0134	-0.2034	-0.1575	-0.4705	0.1678	0.5335	0.1683	0.2396	0.1321	0.1375	0.4067	0.2149	0.2116	0.4161	0.0583	-0.5457	-0.4386	0.0244	0.108	0.0318	-0.2034	0.6152	-0.2724	-0.2286	-0.2983	-0.0897	0.13	-0.12	-0.2477	-0.0986	-0.176	0.0321	0.0781	0.4743	0.4022	0.3456	0.1879	0.4073	0.3258	0.0333	0.3531	-0.2515	0.3275	0.2477	0.098	-0.2105	-0.099	-0.3869	0.2745	0.3902	-0.2304	0.1043	-0.2608	-0.1207	-0.158	-0.1019	-0.3197	-0.1822	-0.1705	-0.3767	-0.1694	-0.1201	-0.4097	0.1265	-0.0623	0.2033	-0.0718	-0.0817
LH_SalVentAttn_ParOper_1	-0.0471	0.0648	0.1459	-0.0742	0.4	-0.1159	0.0941	0.3526	0.1227	-0.0039	0.0008	-0.0027	-0.0806	0.0679	0.6066	0.6297	0.621	0.5915	0.3257	0.1965	0.1847	0.048	0.1742	0.3245	0.2803	0.2057	0.2693	-0.1689	0.3021	0.6287	-0.0063	-0.0756	-0.0955	0.0469	-0.0509	-0.2043	-0.2885	-0.1113	-0.3505	0.2095	-0.3355	-0.2293	-0.1441	1.0	0.2004	0.0332	0.505	-0.0566	0.4077	-0.1986	-0.1748	-0.0511	-0.0433	-0.0558	-0.206	-0.0916	0.0076	-0.0773	-0.2357	-0.0428	-0.2794	0.0288	-0.1305	0.1413	0.1907	0.1162	-0.3339	0.1118	-0.1107	-0.031	-0.1126	-0.0567	0.0121	-0.0205	0.1641	-0.1369	-0.1799	0.1697	0.0267	-0.1983	-0.27	0.0464	-0.2017	0.0138	-0.1356	-0.0384	-0.1769	0.0479	-0.019	-0.0198	-0.1226	0.0402	0.0322	-0.0821	-0.1372	-0.0756	-0.1076	0.0545	-0.3496	0.0088	0.0177	0.0404	0.002	-0.0759	0.2272	0.2192	-0.1271	0.2851	0.0167	-0.0958	-0.0188	-0.029	0.0129	-0.0649	-0.2051	0.4629	0.57	0.2481	0.4769	0.4671	0.4158	0.0192	0.3641	0.0685	0.2871	0.096	0.0932	0.3269	0.0065	0.239	-0.0447	0.3076	0.4148	0.3832	0.0277	0.1364	-0.1133	-0.167	0.0238	-0.0546	-0.1879	-0.1043	-0.3045	0.0724	-0.1504	-0.2416	0.0185	0.2191	0.5423	0.2913	-0.0878	0.1208	0.4529	-0.1042	0.314	0.154	0.1921	0.1338	-0.1363	-0.233	-0.2826	-0.1357	-0.3319	-0.0588	-0.1761	-0.0952	-0.1855	-0.0976	-0.0077	-0.0813	-0.1556	0.1229	-0.1521	-0.0851	-0.1444	-0.0492	-0.1186	-0.2743	-0.029	0.0204	-0.3386	-0.2698	-0.356	0.0386	0.0075	-0.1054	0.1134	-0.2296	0.1412	-0.2026	-0.0273	0.0408	-0.1969	-0.3284	-0.069	-0.2156	-0.0594	-0.0922	-0.1723	-0.2082
LH_SalVentAttn_ParOper_2	0.2487	-0.0661	0.3153	0.1278	-0.098	-0.0122	-0.0334	0.1779	-0.0403	0.2696	0.3921	0.1809	-0.292	-0.108	-0.1437	0.0644	0.0768	0.3719	0.6715	-0.1877	0.2768	0.3347	0.5574	0.0562	0.2978	0.5649	-0.017	0.7004	0.2051	0.1486	0.2985	0.5028	0.2568	0.761	0.7084	0.3312	0.2989	-0.1129	0.2278	0.1837	0.1766	0.0632	0.3486	0.2004	1.0	0.7524	0.206	0.2144	0.4715	0.1777	0.098	0.4863	0.1427	0.0666	-0.1249	-0.1099	0.3601	0.0283	0.2766	0.0692	-0.2308	-0.1391	0.2112	-0.2842	-0.1853	-0.1239	-0.005	-0.029	-0.1273	0.0549	0.0542	0.0038	-0.2149	0.0392	-0.4594	-0.0951	-0.2502	-0.2201	0.0602	-0.0923	-0.1021	-0.4877	-0.0103	-0.1224	-0.0381	-0.4018	-0.1646	-0.1005	-0.3215	-0.0757	-0.3641	-0.2107	-0.3104	-0.2147	-0.3426	0.2193	-0.0508	-0.2803	0.0063	0.2102	-0.0989	0.3577	-0.1692	0.0989	0.0781	-0.4036	0.2465	-0.2529	0.0986	0.0954	0.1644	-0.3347	0.0907	-0.1308	0.1971	-0.0893	-0.0382	0.2522	0.4166	0.4548	0.537	-0.1289	0.0923	0.6876	0.174	0.4629	0.3771	0.3702	0.5762	0.4446	0.7359	0.1319	0.2423	-0.0486	0.3149	-0.006	0.7447	0.3284	0.723	0.1304	0.6152	0.3234	0.3547	0.5471	0.5035	0.198	0.3851	-0.1703	-0.1589	0.7148	0.3095	0.4136	0.1935	0.354	0.5174	0.4629	0.238	0.4602	0.0787	-0.0478	-0.2253	0.2625	-0.045	0.1942	0.2806	-0.0723	-0.0655	-0.1843	0.0694	-0.2015	-0.1997	0.1748	0.0187	0.0339	0.1739	-0.1186	0.1996	-0.1823	-0.03	-0.0049	-0.0946	0.0691	-0.2265	-0.328	0.2117	-0.282	0.179	-0.2443	-0.2472	0.0226	-0.2022	-0.4215	-0.0411	-0.4038	-0.335	-0.2038	-0.2091	0.2591	-0.1659	-0.0773
LH_SalVentAttn_ParOper_3	0.2978	-0.1751	0.2902	0.2779	-0.2877	-0.0467	-0.0289	0.0316	-0.1551	0.3539	0.4298	0.258	-0.028	-0.0523	-0.0387	0.0464	0.0132	0.1931	0.4429	-0.2173	0.1159	0.1321	0.2745	-0.0805	0.1696	0.1327	-0.1674	0.6652	0.0288	0.0617	0.3449	0.634	0.428	0.6225	0.6167	0.3479	0.4362	-0.1693	0.4297	0.1136	0.2972	0.1212	0.3874	0.0332	0.7524	1.0	0.1628	0.1338	0.5441	0.1536	0.3192	0.4633	0.3755	-0.1226	0.0161	0.012	0.3601	0.067	0.2833	0.0176	-0.0175	-0.0648	0.2344	-0.218	0.014	-0.1004	0.036	0.2071	-0.0485	0.1038	0.3038	0.1235	-0.1727	-0.1149	-0.4421	-0.2081	-0.1183	-0.295	-0.1737	0.1154	0.034	-0.5363	-0.0207	-0.2891	-0.1654	-0.4093	-0.1245	-0.3012	-0.3979	-0.0332	-0.3885	-0.1913	-0.3302	-0.0329	-0.3607	0.2036	-0.143	-0.2145	-0.0521	0.3354	0.0207	0.5134	-0.0718	0.0735	0.0277	-0.3592	0.2632	-0.3317	0.3487	0.2595	0.1196	-0.1924	0.1232	0.0607	0.2546	-0.0237	-0.1409	0.3093	0.2143	0.2661	0.4803	0.0171	0.2071	0.4406	0.1113	0.4803	0.0942	0.2701	0.284	0.2889	0.7127	-0.0824	-0.0539	-0.1226	0.4038	0.0099	0.5703	0.2961	0.582	0.2396	0.6104	0.2513	0.5295	0.4945	0.4422	0.2113	0.4219	-0.0271	-0.0862	0.717	0.3946	0.496	0.2824	0.3823	0.4777	0.4298	0.391	0.4258	-0.0271	0.1043	-0.3436	0.2781	0.0024	0.3339	0.4605	-0.0179	-0.0165	-0.1378	-0.0504	-0.1412	-0.1611	0.347	0.0987	0.225	0.2119	-0.1269	0.2911	-0.0263	-0.1775	0.0647	-0.0358	0.1476	-0.0346	-0.365	0.012	-0.2419	0.1833	-0.1779	-0.1929	0.1224	-0.205	-0.3861	0.1072	-0.3828	-0.3009	0.0394	-0.2854	0.1779	-0.1811	0.0177
LH_SalVentAttn_FrOperIns_1	0.3089	0.3653	0.0044	0.265	0.3366	0.1408	0.2821	0.3834	0.2659	0.5148	0.0946	0.4071	0.3598	0.3156	0.3104	0.3834	0.6395	0.5245	0.2614	0.1919	0.4388	0.2447	0.0418	-0.0544	-0.1798	0.0781	0.1948	-0.2564	0.0149	0.1682	-0.0717	-0.0656	-0.031	-0.0276	-0.0682	-0.235	-0.2683	0.1563	-0.2595	0.1103	-0.0773	-0.3739	-0.2806	0.505	0.206	0.1628	1.0	-0.1903	0.5827	-0.0997	-0.1324	0.0068	0.2404	-0.2072	-0.0238	0.1818	0.0701	-0.0022	0.152	0.2942	-0.2575	-0.2315	-0.2846	-0.1644	-0.1923	-0.3328	-0.3393	-0.272	-0.5231	-0.333	0.2508	0.1373	-0.16	-0.1514	-0.1869	-0.0768	0.0215	-0.0842	0.0737	-0.2815	-0.0407	-0.3838	-0.1848	-0.2463	-0.2407	-0.2352	-0.333	-0.1998	-0.4077	-0.0403	-0.362	-0.3813	-0.3845	-0.3963	-0.462	0.0633	-0.0348	-0.1087	-0.1103	0.03	0.2154	0.0502	0.2727	0.2173	0.2754	0.1803	0.1141	0.2972	0.3208	0.3227	0.1125	0.2055	0.3227	0.3452	0.043	0.3564	0.1771	0.5077	0.4016	0.6037	0.6421	0.2261	0.5837	0.2502	0.5328	0.2889	-0.0853	-0.1108	0.0916	0.3173	0.0611	0.3556	0.0358	0.0587	0.3086	0.4556	-0.083	-0.0811	0.0435	0.2424	0.0851	-0.0919	-0.066	0.0508	0.1841	-0.2447	0.2313	0.4892	0.4707	0.4621	0.1822	0.4414	0.4846	-0.1777	0.5508	0.418	0.4645	0.3045	0.2089	-0.0266	-0.0596	0.2234	0.2122	0.2842	0.2284	-0.0589	0.0113	-0.0425	0.0131	-0.2061	-0.2578	0.153	0.0297	0.1315	-0.1746	-0.0734	0.3016	0.2051	0.172	0.0822	-0.3782	-0.1035	0.1283	-0.053	0.1611	0.124	0.2216	0.0948	0.2623	0.0888	-0.0099	0.002	-0.1293	-0.3997	-0.0918	-0.1676	-0.0025	0.0667	0.0832	0.2586
LH_SalVentAttn_FrOperIns_2	-0.0724	-0.328	-0.0888	0.1475	-0.2511	0.0261	-0.2842	-0.1894	-0.2374	-0.0082	-0.2193	-0.0466	-0.0077	-0.2031	-0.0331	-0.0839	-0.2639	-0.1347	-0.0021	-0.3961	-0.1247	-0.2147	0.0338	0.0722	-0.2595	0.012	-0.3669	0.1014	-0.001	-0.2334	-0.0238	0.1331	0.0523	-0.0099	-0.0587	0.2225	0.1127	-0.4789	0.2644	-0.2234	0.3774	0.3771	0.432	-0.0566	0.2144	0.1338	-0.1903	1.0	-0.0512	0.3767	0.512	0.4815	0.083	0.447	-0.3603	-0.3832	-0.3286	-0.0536	-0.1681	-0.4368	0.3025	0.1195	0.433	0.1735	0.3162	0.4201	0.543	0.4352	0.1554	0.4953	-0.117	-0.2125	-0.1177	-0.0204	0.0787	-0.1166	0.0187	0.1331	0.0299	0.1537	0.0854	0.1379	0.3726	-0.1329	0.1531	0.1179	0.4194	0.1255	0.3479	0.4609	0.1831	0.5142	0.4244	0.3885	0.3662	-0.1126	-0.1293	-0.0133	0.0243	-0.0181	-0.0681	0.0745	-0.2736	0.1356	-0.2438	-0.4409	0.1683	-0.3539	-0.0947	0.0257	-0.2788	-0.0522	0.0557	-0.0628	-0.255	-0.047	-0.0693	-0.0416	0.0357	-0.1637	-0.1662	-0.321	-0.4211	-0.0147	-0.4265	-0.0975	0.0785	-0.025	0.2104	-0.2534	-0.1105	-0.0831	-0.0865	-0.2664	-0.279	-0.2329	-0.0745	0.0672	-0.1986	-0.1863	-0.1988	-0.1497	0.0996	-0.2438	-0.1554	0.1934	-0.2342	-0.4083	-0.1356	-0.1612	-0.206	-0.1955	-0.2114	0.5589	-0.1239	0.091	-0.2392	0.1487	-0.2429	-0.3043	-0.2007	-0.1628	-0.4869	-0.0555	-0.1742	0.0711	-0.0736	-0.1037	0.5062	0.0932	0.4112	-0.2323	-0.175	0.134	0.4975	-0.0377	-0.1697	-0.3819	-0.0507	0.182	0.2225	-0.0464	-0.1408	0.0518	-0.2962	-0.4781	-0.1282	-0.2252	-0.1243	-0.1525	-0.2627	-0.1484	0.1313	-0.0035	-0.0058	0.2331	0.0718	0.0589	-0.2317	-0.3144
LH_SalVentAttn_FrOperIns_3	0.2381	0.222	0.2235	0.2238	0.0295	0.0159	0.2477	0.3319	0.107	0.4396	0.2015	0.3752	0.1258	0.1379	0.0606	0.2418	0.4165	0.4417	0.4211	0.1493	0.4333	0.3714	0.1724	-0.0622	0.0523	0.1233	-0.0196	0.1914	0.0165	0.1986	0.2331	0.1524	0.0922	0.3477	0.3277	-0.0966	-0.0857	0.0329	-0.1079	0.0112	-0.098	-0.3364	-0.0725	0.4077	0.4715	0.5441	0.5827	-0.0512	1.0	0.0613	-0.1015	0.2416	0.2977	-0.1395	0.0548	0.0773	0.2891	0.1247	0.2274	0.1708	-0.2907	-0.2163	-0.2041	-0.2871	-0.2578	-0.3113	-0.4325	-0.0451	-0.2508	-0.2145	0.3027	0.1154	-0.0355	-0.0321	-0.3419	-0.0372	-0.1052	-0.1368	0.0985	-0.2414	0.0044	-0.4362	-0.1499	-0.2002	-0.1983	-0.2273	-0.1681	-0.1201	-0.3248	0.0784	-0.3232	-0.3727	-0.3882	-0.4063	-0.4215	0.1876	0.1097	-0.049	-0.1338	0.1741	0.2076	0.276	0.1145	0.2586	0.2281	-0.0083	0.075	-0.0144	0.3782	0.2874	0.1223	0.042	0.3364	0.2223	0.1034	0.1792	0.0405	0.3832	0.3638	0.5347	0.541	0.2382	0.5139	0.2709	0.4083	0.4648	-0.0348	0.1536	0.0775	0.3068	0.3994	0.1758	-0.0296	0.0479	0.4715	0.2586	0.3531	-0.0671	0.3302	0.1357	0.305	0.0424	0.0262	0.1694	0.2826	-0.3297	0.2941	0.2995	0.2578	0.6267	0.2661	0.3791	0.2513	-0.0581	0.5427	0.5567	0.4151	0.3098	0.0511	-0.0895	-0.2113	0.29	-0.0395	0.2112	0.1938	-0.2475	-0.1656	-0.2281	-0.0605	-0.352	-0.4008	0.146	-0.0733	0.0739	-0.2109	-0.2226	0.3304	0.0655	-0.0138	0.191	-0.4542	-0.1466	-0.0321	-0.2842	0.188	-0.0816	0.2846	-0.1093	0.0205	0.0852	-0.1156	-0.1171	0.032	-0.3857	-0.2241	-0.3128	-0.2803	0.1229	0.013	0.0817
LH_SalVentAttn_FrOperIns_4	-0.2003	-0.1767	0.0013	-0.0831	-0.4927	-0.0737	-0.4707	-0.217	-0.3662	-0.0343	-0.0455	0.0606	-0.165	-0.2701	-0.4247	-0.3635	-0.3306	0.2246	-0.134	0.0622	0.3549	0.1718	0.164	-0.0794	-0.0298	-0.001	-0.2045	0.2213	-0.0472	-0.0856	0.0795	0.0389	-0.1261	0.1865	0.2286	0.0434	0.0155	-0.2017	0.0674	-0.2562	0.6167	-0.0429	0.2972	-0.1986	0.1777	0.1536	-0.0997	0.3767	0.0613	1.0	0.2151	0.3643	-0.0171	0.7554	-0.1	-0.0164	0.1546	0.4189	0.2552	0.1384	-0.0158	-0.2777	0.01	-0.2536	-0.2738	-0.0485	0.3452	0.1243	0.3111	0.0483	-0.1589	-0.3004	0.1424	0.6206	-0.2972	0.5833	0.4132	0.5883	0.5522	-0.2013	0.6119	-0.0772	0.3978	0.1189	0.5536	0.1871	0.7571	0.1752	0.3554	0.1732	0.4458	0.1943	0.0325	-0.0768	0.4122	0.1511	0.1807	-0.1514	0.243	0.0845	0.0026	0.0922	-0.0408	0.0408	-0.1018	-0.4376	-0.1558	-0.3072	-0.1857	-0.0182	-0.0075	-0.1644	0.0409	-0.1439	-0.1845	-0.2092	-0.0984	-0.0534	-0.1809	0.0335	-0.0438	0.1298	-0.0854	0.0995	-0.1883	0.1613	0.062	-0.0145	0.2657	-0.0851	0.2481	-0.0006	0.0883	0.0225	-0.1492	-0.3793	-0.0242	-0.2167	-0.0292	-0.3171	0.0056	-0.1224	-0.0636	-0.0607	-0.1278	-0.1838	-0.2562	-0.2051	-0.3925	-0.1064	-0.2365	-0.1863	-0.1559	-0.0088	-0.0383	0.2603	-0.2475	0.2311	-0.1359	-0.1312	0.114	0.2552	-0.0376	0.1297	-0.2785	-0.4235	-0.3472	-0.455	0.046	-0.436	-0.2454	-0.5127	-0.3613	-0.2001	-0.0853	-0.4071	-0.0293	-0.1617	0.0284	-0.0545	-0.0695	-0.2158	-0.1607	-0.5127	0.399	-0.2133	0.383	-0.2093	0.1373	-0.0665	-0.0735	-0.2197	-0.1066	0.0729	0.0951	-0.3289	-0.18	0.2259	-0.0695	-0.2727
LH_SalVentAttn_PFCl_1	0.1351	-0.2294	-0.0043	0.0443	-0.1176	-0.2226	-0.2214	0.0849	0.1001	0.0153	0.1028	-0.2045	0.1851	0.0217	0.084	0.1141	-0.2497	-0.1528	-0.2877	-0.4949	-0.1061	-0.2571	-0.0182	-0.0171	-0.0177	-0.0906	-0.1336	0.2268	0.0287	-0.2226	-0.0564	0.2416	0.131	0.0707	0.0367	0.0923	0.2242	-0.0483	0.472	0.094	0.3938	0.2418	0.2082	-0.1748	0.098	0.3192	-0.1324	0.512	-0.1015	0.2151	1.0	0.2356	0.4789	0.1123	-0.3564	-0.09	-0.2475	-0.1177	0.1012	-0.2938	0.5102	-0.1285	0.2346	-0.1327	0.3158	0.0666	0.5626	0.3736	-0.08	0.0457	-0.0285	0.0052	-0.1408	-0.1306	-0.1192	-0.152	0.1889	-0.016	-0.0654	0.191	0.4315	-0.2257	0.3179	-0.3243	-0.0178	0.0699	0.2959	-0.168	0.1282	0.354	0.0765	0.1747	0.1218	0.4244	0.2014	-0.2785	-0.3275	-0.2136	0.0023	-0.1398	-0.03	0.1704	0.0918	0.1398	0.0232	-0.1895	0.0065	-0.0195	0.0042	0.0444	0.0687	0.1887	-0.0775	0.1729	0.0804	-0.0098	-0.1321	-0.122	-0.1666	-0.2281	-0.0784	-0.3053	-0.1108	-0.0293	-0.1728	-0.0879	-0.1008	0.006	0.1272	-0.0522	0.0417	-0.161	-0.1613	-0.4244	-0.0664	0.0716	-0.0757	0.0192	-0.0759	-0.006	0.1137	0.0519	0.3175	-0.0889	0.0087	0.328	0.0232	0.1053	0.0444	-0.1043	-0.0868	0.0756	-0.1046	0.3082	0.1276	0.0868	0.1719	0.3243	-0.2376	-0.1308	-0.1758	-0.0169	-0.1209	0.146	0.2428	0.014	-0.1634	-0.214	0.0273	-0.0087	0.1767	0.1513	-0.1811	0.6561	0.614	-0.1105	-0.1252	-0.0507	-0.1849	0.0015	0.284	-0.0344	0.1898	-0.1121	-0.2038	-0.49	0.0694	-0.1168	0.1533	0.1619	-0.4212	-0.2055	0.2113	-0.0884	0.2188	0.4754	0.0471	-0.1254	-0.2736	-0.0932
LH_SalVentAttn_Med_1	-0.0036	-0.243	0.1028	0.1713	-0.194	0.2477	-0.1606	-0.1271	-0.159	0.2505	0.0642	0.1866	-0.1589	-0.2187	-0.2051	-0.1475	-0.2586	0.102	0.2729	-0.1672	0.2319	0.1617	0.189	0.3093	0.0544	0.2894	-0.3203	0.4478	-0.0069	0.1607	0.4892	0.1385	0.2057	0.3924	0.258	0.0405	0.1859	-0.3474	0.3124	-0.354	0.4145	0.1702	0.1852	-0.0511	0.4863	0.4633	0.0068	0.4815	0.2416	0.3643	0.2356	1.0	0.3742	0.349	-0.0011	-0.2907	0.1584	0.3496	0.2723	-0.1183	-0.277	-0.2916	0.1261	-0.2396	-0.0732	-0.1288	0.3082	0.1461	-0.0043	0.0969	0.1709	-0.2713	0.0345	0.1207	-0.2933	0.1654	-0.0692	0.0883	0.0779	0.0355	-0.0251	-0.2799	0.2661	0.1849	0.227	0.0127	0.1455	0.3676	0.1595	0.5095	0.1025	0.0975	-0.2049	0.1836	0.0759	0.344	0.1094	-0.0356	0.0256	0.4671	0.1467	0.5441	-0.1245	0.1159	-0.0732	-0.3597	0.4279	-0.2659	0.0789	0.3624	-0.0806	-0.2891	0.1472	-0.024	-0.0428	-0.1345	-0.3156	-0.0291	0.0422	0.025	0.2618	-0.1528	0.0292	0.3399	0.0119	0.2352	0.4325	0.1493	0.3456	0.047	0.2568	-0.1935	-0.0249	0.0284	0.0005	-0.2249	0.2666	-0.1326	0.2578	-0.1836	0.1232	-0.1742	0.238	-0.0056	-0.0116	0.0173	-0.0848	-0.3306	-0.2647	0.2199	0.0355	0.0369	-0.007	0.293	0.1857	0.5035	0.1897	0.3371	-0.2292	0.0392	-0.1974	0.2849	-0.1573	0.2595	-0.1823	-0.3373	-0.2543	-0.3973	0.1218	-0.3934	-0.0049	-0.2552	-0.2591	0.0161	-0.0496	-0.4751	0.1614	-0.2748	-0.0865	0.3738	-0.1848	-0.0	-0.3221	-0.5782	-0.0457	-0.3483	0.27	-0.4413	-0.2677	-0.2349	0.0305	0.023	0.2874	-0.2207	-0.159	-0.0661	-0.0831	0.4803	-0.0444	-0.2387
LH_SalVentAttn_Med_2	0.132	0.0029	-0.0202	0.1227	0.0396	-0.0053	0.0383	0.1263	0.1651	0.2123	0.0922	0.1827	0.2051	0.0967	0.0912	0.1528	-0.0256	0.0365	0.0707	-0.2145	0.1315	0.1606	0.0178	0.0969	0.1071	0.0044	0.1313	0.1938	0.1522	0.0442	0.1351	0.1361	0.2202	0.082	-0.0655	-0.2276	0.1091	0.0943	0.4166	0.028	0.1696	-0.0423	-0.1961	-0.0433	0.1427	0.3755	0.2404	0.083	0.2977	-0.0171	0.4789	0.3742	1.0	-0.0458	0.0936	0.1844	-0.0493	0.0874	0.4425	0.0297	0.0625	-0.3072	-0.1874	-0.2403	0.0699	-0.2634	0.0516	0.1302	-0.3429	-0.2527	0.2375	0.2412	-0.1159	-0.1579	-0.0905	-0.0581	0.0633	-0.1456	-0.1401	0.2381	0.0949	-0.2962	0.1107	-0.0617	-0.0772	0.0967	-0.0735	0.0588	-0.0933	0.2748	-0.1006	-0.2378	-0.2891	0.2115	-0.1657	0.0749	-0.0343	0.0659	0.0023	0.2419	0.255	0.2902	0.1601	0.2909	0.0647	0.0164	0.2945	0.0325	0.1736	0.1473	-0.0069	-0.0166	0.1417	0.2599	0.1196	0.0717	-0.2149	0.0801	0.0175	-0.074	0.1368	-0.1357	0.1224	0.046	0.1201	0.3309	0.0338	0.0523	-0.0065	0.1392	-0.0061	0.0158	-0.2515	-0.167	0.1487	0.1456	0.0206	-0.2781	0.0473	-0.0013	0.1384	-0.1423	0.3248	-0.0575	0.0988	0.0361	-0.0601	0.2331	0.1546	0.0812	0.0804	0.1771	-0.0188	-0.0602	0.2359	0.3364	0.6287	0.243	0.0158	0.1734	-0.0128	0.3598	0.0413	0.3685	0.2356	-0.2408	-0.1871	-0.2244	-0.0645	-0.2288	-0.0399	0.0897	-0.1714	0.448	0.128	-0.3027	0.1231	0.1299	-0.1312	0.1117	-0.2357	0.0767	0.1799	-0.295	-0.1017	-0.1405	0.2127	-0.0851	-0.0346	0.0321	0.0159	0.1057	0.4625	-0.1922	-0.0627	0.3053	0.0477	0.1243	0.0539	0.1387
LH_SalVentAttn_Med_3	-0.44	-0.277	-0.1037	-0.2334	-0.305	-0.1112	-0.3726	-0.3532	-0.3162	-0.1415	-0.2529	-0.102	-0.2552	-0.3221	-0.3245	-0.4388	-0.3556	0.2837	-0.1461	0.001	0.1908	0.0124	0.157	0.188	0.0334	0.1193	0.0273	0.0532	0.1987	0.0119	0.1094	-0.0684	-0.0728	-0.0309	0.0014	0.0661	0.0009	-0.1715	0.08	-0.0737	0.3941	0.0301	0.2323	-0.0558	0.0666	-0.1226	-0.2072	0.447	-0.1395	0.7554	0.1123	0.349	-0.0458	1.0	-0.1507	-0.1946	-0.0729	0.3284	0.038	0.0229	-0.026	-0.0645	0.0487	-0.0067	-0.1475	0.1392	0.3592	0.1831	0.3746	0.1724	-0.164	-0.2989	0.1109	0.5626	-0.1321	0.4728	0.3483	0.5951	0.4715	-0.0339	0.3564	0.1277	0.3632	0.2339	0.5889	0.3012	0.659	0.2986	0.4488	0.1976	0.4713	0.3511	0.2166	0.0365	0.5013	0.1351	0.2209	0.0954	0.2401	0.0245	0.0474	0.0868	-0.2386	0.0157	-0.2195	-0.3175	-0.03	-0.286	-0.3147	-0.113	-0.1803	-0.2673	-0.0208	-0.2059	-0.2246	-0.3822	-0.15	-0.2891	-0.1592	-0.1192	-0.2403	-0.0981	-0.2434	0.0266	-0.2806	-0.0132	0.2256	0.0972	0.2412	-0.1484	-0.0649	0.0213	0.1677	0.0934	-0.3273	-0.4676	-0.1997	-0.3109	-0.2406	-0.2941	-0.2355	-0.1605	-0.0655	-0.1087	-0.3405	-0.1155	-0.4645	-0.3007	-0.2723	-0.3517	-0.3056	-0.2869	-0.2646	0.0351	-0.2829	0.0392	-0.263	0.0676	-0.157	-0.282	0.112	0.0536	-0.1694	0.0676	-0.4754	-0.3378	-0.1834	-0.288	0.1584	-0.2749	-0.0648	-0.598	-0.3107	-0.3004	-0.0748	-0.3337	-0.0987	-0.3007	-0.1049	-0.0539	-0.1543	-0.0569	-0.2449	-0.3351	0.258	-0.2073	0.2136	-0.2203	-0.0647	-0.3315	0.0281	-0.0572	-0.0357	0.0847	-0.0001	-0.2584	-0.1074	0.259	-0.0002	-0.2079
LH_Limbic_OFC_1	-0.0364	-0.0437	0.0896	-0.1777	-0.0149	0.3921	0.1661	-0.2128	-0.0791	0.0129	0.0594	0.1627	-0.0069	0.0672	-0.0998	-0.1509	-0.0818	-0.046	0.1029	0.3304	-0.0096	0.1801	-0.1745	-0.1073	0.0115	-0.1226	0.0225	-0.067	-0.1756	0.1006	0.4184	0.044	0.1459	0.0947	0.0267	-0.0885	0.0254	0.157	-0.0877	-0.1723	-0.059	-0.1921	-0.2283	-0.206	-0.1249	0.0161	-0.0238	-0.3603	0.0548	-0.1	-0.3564	-0.0011	0.0936	-0.1507	1.0	0.5758	0.3869	0.5203	0.2961	0.3771	-0.365	-0.035	-0.2909	-0.0097	-0.1413	-0.2203	-0.4329	-0.0013	0.1194	-0.0658	0.3158	0.1314	0.0993	-0.0001	-0.0295	0.1514	-0.1009	0.0483	-0.1672	-0.0753	-0.2018	-0.1177	-0.1758	0.3018	0.0013	0.1924	-0.108	0.167	-0.1664	0.0142	-0.0634	-0.3295	-0.3805	-0.2127	-0.0915	0.2344	0.1489	0.1769	-0.1537	0.4382	0.4986	0.3334	0.1011	-0.0845	0.0346	0.1503	0.3089	-0.0126	0.0374	-0.1154	0.0647	-0.0363	0.1014	-0.0669	0.1017	-0.032	-0.0135	-0.2138	-0.071	-0.0851	0.0152	0.2759	0.1863	-0.2145	0.1761	0.1492	-0.0599	-0.0343	-0.4003	0.0686	0.0343	-0.2286	-0.0098	0.2205	0.2709	-0.0998	0.1553	-0.2213	0.0795	0.1145	0.1055	-0.0719	0.0308	-0.0124	0.0037	-0.1672	-0.0797	0.0449	-0.0047	0.0949	0.2541	0.0093	0.1021	-0.2785	-0.1165	-0.0778	0.2361	-0.2413	0.3588	0.4382	0.2837	0.3332	0.4792	0.335	-0.1306	-0.2562	0.0202	-0.057	-0.2704	-0.165	-0.2904	-0.121	0.1014	-0.2412	-0.2992	-0.255	0.179	0.3375	0.0232	0.1986	-0.3179	-0.0265	-0.1891	-0.2475	0.2134	0.3217	0.1294	-0.1845	-0.3025	-0.0648	0.3941	0.2477	0.1091	-0.2054	-0.2729	-0.1775	-0.238	0.0875	0.1243	0.1189
LH_Limbic_OFC_2	0.1299	-0.0046	-0.0589	-0.0734	-0.0734	0.1386	0.1871	-0.0681	-0.0197	0.1017	-0.06	0.2313	0.2024	0.0979	0.0972	0.019	0.1001	0.1265	0.0674	0.2273	0.1299	0.1935	0.1065	-0.3748	-0.0484	-0.0463	0.3197	-0.0102	0.0104	-0.0391	0.1402	0.2061	0.1424	0.0638	0.0997	0.0387	0.0158	0.3164	-0.0294	0.1651	0.088	-0.1241	-0.0921	-0.0916	-0.1099	0.012	0.1818	-0.3832	0.0773	-0.0164	-0.09	-0.2907	0.1844	-0.1946	0.5758	1.0	0.4294	0.3636	0.4233	0.5005	-0.0194	0.0492	-0.1611	0.1614	-0.0145	-0.0993	-0.3109	0.0052	-0.0127	-0.0494	0.1167	0.2422	0.0266	-0.0126	0.1031	0.0548	0.1591	0.1125	-0.0336	-0.0081	0.0868	-0.1945	-0.3351	0.0456	-0.1445	0.0883	-0.1298	-0.1931	-0.3474	-0.3569	-0.176	-0.3997	-0.2568	-0.1651	-0.2104	0.0767	-0.1111	0.0299	-0.1438	0.2011	0.3191	0.1012	0.1302	0.0392	-0.1043	0.2065	0.0405	-0.0434	0.1418	-0.0983	-0.0038	0.1895	0.0748	0.0501	0.107	0.1076	0.1349	0.0045	0.0078	0.1625	0.0188	0.2143	0.1186	-0.0146	0.0976	0.1991	-0.1637	-0.0767	-0.1441	0.2675	0.1254	0.023	0.0628	0.0196	0.2176	0.0183	0.016	-0.0842	0.121	0.1902	0.1182	-0.0061	-0.04	0.0686	0.2051	-0.1818	0.0633	0.2235	0.0568	0.0663	0.1953	0.1186	0.0015	-0.3089	-0.0222	-0.0348	0.2743	-0.1109	0.6492	0.3408	0.2716	0.3563	0.5406	0.4414	0.037	-0.0535	0.0989	0.1845	-0.2837	0.0786	-0.4283	0.0273	0.2371	-0.1864	-0.1422	-0.0525	0.1201	0.3324	0.1063	-0.276	-0.2532	-0.0661	-0.124	-0.0913	0.2611	0.3594	0.0988	-0.0393	-0.0037	0.0553	0.139	-0.0574	-0.19	-0.2962	-0.2591	-0.2278	-0.2404	-0.0731	-0.0002	0.115
LH_Limbic_TempPole_1	0.2049	0.1335	0.3685	-0.0755	-0.1691	0.156	0.0285	-0.0577	-0.1151	0.0776	0.3507	0.1504	-0.2241	-0.0647	-0.0201	-0.0099	0.06	0.3027	0.2738	0.2087	0.2723	0.2826	0.3124	-0.1538	0.1331	0.1786	0.0488	0.3885	0.1037	0.238	0.5508	0.2941	0.2056	0.5306	0.5124	0.1272	0.1095	-0.0213	-0.0831	0.0835	0.0803	-0.1839	0.0497	0.0076	0.3601	0.3601	0.0701	-0.3286	0.2891	0.1546	-0.2475	0.1584	-0.0493	-0.0729	0.3869	0.4294	1.0	0.4183	0.4575	0.3876	-0.4378	-0.1785	-0.0664	-0.146	-0.2749	-0.2247	-0.3253	-0.094	0.0917	-0.0249	-0.0299	-0.2406	0.2249	0.3144	-0.2329	0.227	0.0485	0.0552	0.025	-0.2605	-0.0634	-0.4008	-0.1774	0.1515	0.1086	-0.2186	-0.0947	0.0314	-0.2484	-0.2412	-0.16	-0.3072	-0.4317	-0.3638	-0.2772	0.1655	-0.0768	-0.2199	-0.2165	0.4235	0.2015	0.3738	0.1661	-0.0261	0.1398	-0.0306	0.0161	-0.1385	0.1009	0.0045	0.2913	-0.1002	-0.0912	-0.1767	0.173	-0.0103	-0.166	0.0463	0.1028	0.3206	0.2456	0.2051	0.238	0.3124	0.1603	0.4138	0.1857	0.262	0.1353	0.4134	0.5653	-0.0507	0.2701	0.3084	0.5043	-0.1457	0.464	0.0932	0.5392	-0.0225	0.3632	0.1944	-0.011	0.4319	0.3194	-0.2133	0.292	-0.0046	-0.1858	0.4257	0.3731	0.2661	0.153	-0.0213	0.2754	0.384	0.09	0.1684	0.2693	0.3784	-0.0809	0.4983	0.4329	0.3776	-0.0321	-0.2246	-0.0749	-0.0561	-0.2724	-0.1812	-0.5871	0.0933	0.1756	-0.4014	-0.3515	-0.2115	0.08	-0.0879	-0.1123	-0.0932	-0.2122	-0.1411	-0.3803	-0.4445	0.4684	0.147	0.277	-0.1871	-0.0345	0.1735	0.0501	-0.2276	-0.2422	-0.3164	-0.2716	-0.4841	-0.3902	0.1018	-0.1497	-0.1603
LH_Limbic_TempPole_2	-0.2538	-0.2073	0.0835	-0.2302	-0.218	0.2468	-0.1574	-0.401	-0.305	-0.1423	-0.112	0.0566	-0.2871	-0.2854	-0.2282	-0.2723	-0.0709	0.2677	0.016	0.2644	0.2309	0.1917	0.0765	0.1129	-0.0243	0.023	-0.1488	0.1417	0.0489	0.2172	0.4484	0.0897	0.0168	0.1837	0.0735	-0.1136	-0.0702	-0.1445	-0.0493	-0.1591	0.2213	-0.1412	-0.0005	-0.0773	0.0283	0.067	-0.0022	-0.0536	0.1247	0.4189	-0.1177	0.3496	0.0874	0.3284	0.5203	0.3636	0.4183	1.0	0.2566	0.4354	-0.3656	-0.2053	-0.1858	-0.0738	-0.1009	-0.1342	0.0459	0.1611	0.3337	0.0824	0.047	-0.2598	0.2608	0.4484	-0.0848	0.5117	0.3003	0.5224	0.265	-0.2093	0.0879	-0.1318	0.0729	0.3871	0.3498	0.2566	0.3502	0.3532	0.1565	0.1643	0.3179	0.019	-0.2303	-0.0215	0.1924	0.265	0.1757	0.2173	-0.0639	0.4136	0.2985	0.3941	-0.0229	-0.2215	-0.1413	-0.1758	0.1451	-0.1809	-0.1418	-0.0234	-0.0757	-0.2515	-0.1569	-0.3089	-0.2057	-0.0265	0.0349	-0.1033	0.064	0.1432	0.1434	0.3273	0.0874	-0.0285	0.0473	0.252	0.1686	0.1608	-0.0658	-0.0412	0.1243	-0.1093	0.1341	0.2941	-0.0667	-0.4342	0.0067	-0.4458	0.0337	-0.224	-0.1614	-0.388	-0.1482	-0.0624	-0.1826	-0.2362	-0.3215	-0.2256	-0.1938	-0.0387	-0.0205	-0.1626	0.0845	-0.2278	0.0417	0.2692	-0.0289	-0.0616	0.0888	0.2768	0.1646	0.3232	0.2064	0.3373	-0.4728	-0.4811	-0.2586	-0.2657	-0.1943	-0.365	-0.366	-0.4215	-0.1886	-0.4107	-0.3509	-0.4518	0.0039	0.0178	-0.0691	0.0705	-0.3025	-0.2532	-0.4344	-0.5301	0.2247	0.0612	0.3679	-0.3364	-0.1225	-0.314	0.3138	0.1019	-0.1395	-0.1674	-0.0978	-0.3199	-0.2081	0.1911	-0.0162	-0.255
LH_Limbic_TempPole_3	0.29	0.0743	0.2294	-0.0282	-0.227	0.1875	-0.0439	0.1467	0.0434	0.2902	0.3502	0.2745	0.0905	0.2427	-0.1807	-0.1068	-0.2118	0.0625	0.0471	0.1807	0.571	0.2952	0.0439	-0.3529	0.058	0.0947	0.1575	0.314	-0.1664	-0.0578	0.3714	0.2301	0.27	0.4422	0.3834	0.0268	0.3041	0.3952	0.2443	-0.0829	0.2874	-0.1614	-0.0754	-0.2357	0.2766	0.2833	0.152	-0.1681	0.2274	0.2552	0.1012	0.2723	0.4425	0.038	0.2961	0.4233	0.4575	0.2566	1.0	0.3526	-0.2444	-0.4146	-0.1945	-0.4085	-0.4968	-0.537	-0.1878	-0.2736	-0.3052	-0.367	0.2359	0.0845	-0.0905	0.0712	-0.3757	0.2409	0.0522	-0.0341	0.0424	-0.0113	0.2365	-0.5342	-0.0295	0.0672	-0.0625	-0.0356	-0.0739	-0.0368	-0.3221	-0.0172	-0.2296	-0.5935	-0.6082	-0.3324	-0.2985	0.2641	0.1209	-0.3474	0.1057	0.3317	0.3809	0.3138	0.2031	0.194	0.217	-0.0744	0.1383	-0.1008	0.0628	0.1682	0.3577	-0.0166	0.2844	0.2326	0.4486	-0.146	-0.3611	0.0055	-0.247	0.0739	0.2173	0.1756	0.2246	0.1742	0.2557	0.2424	-0.0675	-0.1734	0.0858	0.333	0.3994	-0.15	-0.1851	-0.0644	0.4808	0.1411	0.3302	-0.0519	0.3304	0.1267	0.5285	0.2497	0.3047	0.0392	0.3328	-0.114	0.0854	0.1552	-0.1535	0.1682	0.3452	0.3547	-0.1696	-0.0656	0.1204	0.2707	0.3842	0.2393	0.2815	0.2527	0.2801	0.7925	0.5413	0.5703	0.1187	-0.3832	-0.0751	-0.2335	-0.2198	-0.4445	-0.344	-0.2103	0.0014	0.011	-0.1942	-0.3397	0.3748	0.2942	0.0603	0.0015	-0.3717	0.1621	0.0704	-0.5198	0.4047	0.1554	0.4664	-0.0846	-0.1439	0.1606	0.0132	-0.1662	0.0987	-0.3201	-0.2874	-0.2593	-0.1008	0.3258	0.2618	0.3007
LH_Limbic_TempPole_4	0.1006	0.2463	0.0732	-0.1062	-0.0372	-0.0168	0.13	-0.0187	0.1475	0.0987	0.0845	0.3767	0.0669	0.1215	-0.0774	-0.1557	0.1879	0.3851	0.2029	0.4407	0.391	0.4616	0.0521	-0.075	-0.018	0.1091	0.174	-0.0813	-0.0204	0.0783	0.0348	0.0936	0.0258	0.0172	-0.002	-0.1704	-0.0589	0.2582	-0.1253	0.0214	0.0842	-0.4008	-0.2189	-0.0428	0.0692	0.0176	0.2942	-0.4368	0.1708	0.1384	-0.2938	-0.1183	0.0297	0.0229	0.3771	0.5005	0.3876	0.4354	0.3526	1.0	-0.204	-0.2616	-0.3981	-0.2092	-0.3271	-0.3153	-0.3295	-0.2936	-0.1716	-0.246	0.031	0.0507	-0.099	0.2201	-0.2083	0.2707	0.3459	0.2562	0.1684	-0.3227	0.1444	-0.3991	-0.2051	-0.0556	0.2505	-0.147	-0.0144	-0.0818	-0.3369	-0.2661	-0.1575	-0.4134	-0.3585	-0.4867	-0.2198	0.0275	-0.037	-0.173	-0.1535	0.1949	0.3334	0.1025	0.3218	0.071	0.095	0.0491	0.119	0.0338	-0.035	-0.0948	0.1556	-0.0242	0.0201	0.08	0.1908	0.0074	0.1699	0.1621	0.1781	0.3694	0.2625	0.4309	0.2799	0.1951	0.4244	0.326	0.0296	0.0852	0.0871	0.0822	0.1766	0.1527	0.0256	0.1694	0.2207	0.1146	0.0903	-0.195	0.0716	0.1207	0.1405	-0.0336	-0.0244	0.1639	0.2727	-0.1547	0.0522	0.2046	0.0699	0.2022	0.2511	0.1772	0.1841	-0.3355	0.2383	0.1401	0.2757	0.0429	0.3784	0.2223	0.16	0.4081	0.4358	0.281	0.0451	-0.1898	-0.0128	0.005	-0.1886	-0.1559	-0.5168	-0.1385	0.0272	-0.2036	-0.2784	-0.1768	0.0883	0.1805	0.0628	-0.1832	-0.3373	-0.1293	-0.0371	-0.2087	0.3531	0.2247	0.1541	0.0656	0.1548	0.014	0.1316	-0.2562	-0.2238	-0.2284	-0.16	-0.2538	-0.3459	-0.0702	-0.0765	0.0606
LH_Cont_Par_1	-0.1124	-0.3029	-0.3536	0.0248	-0.2224	-0.4026	-0.1834	-0.2319	-0.1551	-0.13	-0.2013	-0.165	0.136	-0.1774	0.133	-0.0251	-0.1739	-0.3277	-0.2785	-0.336	-0.4201	-0.3032	-0.1924	-0.2122	-0.2849	-0.2623	-0.0593	-0.093	-0.0296	-0.528	-0.5349	0.2666	0.0802	-0.3865	-0.2222	0.3836	0.2616	-0.112	0.4215	0.1042	0.1871	0.5117	0.4586	-0.2794	-0.2308	-0.0175	-0.2575	0.3025	-0.2907	-0.0158	0.5102	-0.277	0.0625	-0.026	-0.365	-0.0194	-0.4378	-0.3656	-0.2444	-0.204	1.0	0.4897	0.5444	0.3604	0.4333	0.4684	0.3479	0.3509	0.091	0.3765	-0.0161	0.3176	-0.3275	-0.2684	0.3144	-0.3355	0.237	-0.0801	-0.1478	0.4411	0.3774	0.2404	0.0403	-0.4766	-0.1286	-0.0045	0.1595	-0.4585	-0.0595	-0.1461	-0.1272	0.2749	0.5427	0.4078	0.2177	-0.2605	-0.3068	-0.0101	0.0952	-0.4184	-0.3556	-0.2752	-0.2475	-0.0757	-0.3636	-0.2152	-0.268	-0.2427	-0.1116	-0.1641	-0.2591	0.0564	-0.1798	0.0464	0.0108	0.0764	0.0684	0.0151	-0.1549	-0.3397	-0.3624	-0.1616	-0.4604	-0.2286	-0.4927	-0.2274	-0.3778	-0.2277	-0.1332	-0.3597	-0.2668	-0.097	-0.2593	-0.527	-0.2529	-0.0573	-0.2543	0.3878	-0.3669	0.2925	-0.1169	0.0228	0.2623	-0.0993	0.1213	0.5285	0.0818	-0.0352	0.0103	-0.2909	-0.1321	-0.0173	-0.3188	0.3158	-0.3185	-0.4586	-0.1655	-0.1913	0.0077	-0.2683	-0.1389	-0.3631	-0.1901	-0.1416	0.3683	0.6472	0.3395	0.3934	0.2546	0.5388	0.4466	0.2534	0.2308	0.3628	0.6455	0.3803	-0.1288	0.1227	-0.0633	-0.3393	0.5015	0.168	0.3408	0.5395	-0.3969	-0.1601	-0.455	0.3291	0.1418	0.1402	-0.384	-0.3122	0.0818	0.0608	0.0675	0.5474	0.1672	-0.2871	-0.2133	0.0712
LH_Cont_Par_2	-0.3013	-0.4429	-0.2143	0.1089	-0.1374	-0.0961	0.1354	-0.4521	-0.4592	-0.0284	-0.3199	-0.0897	-0.0648	-0.3302	0.2125	-0.0616	-0.026	-0.2066	0.0288	-0.172	-0.466	-0.4018	-0.1105	-0.0592	-0.1763	-0.1826	0.0806	-0.0653	0.0819	-0.1624	-0.1033	0.4008	0.2727	-0.2716	-0.0526	0.6911	0.3118	-0.1971	0.2199	0.1689	-0.1657	0.5574	0.5622	0.0288	-0.1391	-0.0648	-0.2315	0.1195	-0.2163	-0.2777	-0.1285	-0.2916	-0.3072	-0.0645	-0.035	0.0492	-0.1785	-0.2053	-0.4146	-0.2616	0.4897	1.0	0.738	0.864	0.5277	0.7443	-0.018	0.4927	0.4648	0.7411	0.1943	0.2849	-0.1357	-0.4236	0.4425	-0.4912	-0.0964	-0.112	-0.2636	0.5804	-0.3384	0.4671	-0.1689	-0.2333	-0.3262	-0.1736	-0.2391	-0.4161	-0.2435	-0.3786	-0.3084	0.3309	0.5287	0.3113	-0.0604	0.1295	-0.0305	0.4735	0.0571	-0.121	-0.2322	-0.1283	-0.6534	-0.259	-0.5768	-0.0384	-0.1921	-0.4138	0.0987	-0.0509	-0.5563	-0.1874	-0.0101	-0.1859	-0.0938	0.0541	0.1994	0.0115	-0.0332	-0.2181	-0.3324	-0.1677	-0.4045	-0.2129	-0.5007	-0.1347	-0.13	-0.047	-0.1799	-0.115	-0.2147	-0.1088	0.0041	-0.1057	-0.239	-0.2397	-0.2015	0.4425	-0.1803	0.3834	-0.1927	0.0026	0.1703	0.0233	0.0495	0.2644	-0.0055	-0.2709	-0.029	-0.2113	0.0913	-0.0112	-0.1833	0.464	-0.4656	-0.5617	-0.3041	-0.4222	0.3289	-0.0245	-0.2855	-0.4276	-0.2413	-0.0816	0.0648	0.6965	0.664	0.7168	0.2902	0.7496	0.4382	0.206	0.6018	-0.2855	0.2181	0.6056	0.1	-0.0076	-0.1483	-0.293	0.2101	0.3531	-0.0814	0.6225	-0.545	0.1504	-0.4342	0.2065	-0.3653	-0.2584	-0.0384	-0.1298	-0.146	-0.1235	-0.4283	0.19	0.0524	-0.0508	0.0652	0.1567
LH_Cont_Par_3	-0.0365	-0.5392	-0.0745	0.1939	-0.3328	-0.0269	-0.0642	-0.4175	-0.5148	0.115	-0.0728	-0.0492	-0.1247	-0.3791	0.0648	-0.1267	-0.2484	-0.2831	0.0359	-0.3545	-0.2981	-0.4165	0.0403	-0.0574	-0.1737	-0.0042	-0.0922	0.3241	0.0825	-0.2538	0.06	0.6002	0.4283	0.0639	0.2177	0.8663	0.5846	-0.3033	0.5015	0.0451	0.19	0.7637	0.8352	-0.1305	0.2112	0.2344	-0.2846	0.433	-0.2041	0.01	0.2346	0.1261	-0.1874	0.0487	-0.2909	-0.1611	-0.0664	-0.1858	-0.1945	-0.3981	0.5444	0.738	1.0	0.603	0.4302	0.6167	0.3252	0.4803	0.3081	0.7822	0.1568	0.0576	-0.2354	-0.3886	0.1919	-0.4978	-0.2007	-0.1626	-0.2239	0.5723	-0.1681	0.1552	-0.0387	-0.2985	-0.276	-0.3124	-0.1316	-0.3604	-0.2242	-0.1889	-0.3507	0.3399	0.3838	0.4042	-0.0704	0.1986	-0.161	0.1484	0.0753	0.0238	-0.3061	0.1201	-0.6567	-0.1605	-0.5273	-0.3828	-0.1331	-0.5889	0.0883	0.1379	-0.3719	-0.3068	0.0393	-0.1655	0.0547	-0.0328	-0.0048	0.0717	-0.1386	-0.2346	-0.2226	-0.2704	-0.4831	0.0581	-0.584	-0.1065	-0.0302	-0.1206	0.0973	-0.096	0.0753	-0.1674	0.0159	-0.2894	-0.1401	-0.2956	0.046	0.681	0.0472	0.3721	0.088	0.1305	0.4034	0.1312	0.2829	0.4823	0.1567	-0.4645	-0.2851	-0.0864	0.1988	0.106	-0.2652	0.7354	-0.3354	-0.3309	-0.2808	-0.2015	0.2026	-0.1061	-0.3438	-0.2684	-0.2566	0.012	0.1779	0.6598	0.5649	0.5106	0.3549	0.5926	0.499	0.2214	0.5132	-0.1147	0.4186	0.4053	0.1525	-0.1278	-0.132	-0.3191	0.3451	0.4024	-0.1589	0.3378	-0.4941	-0.1586	-0.3698	0.03	-0.3717	-0.1581	-0.2253	-0.2487	-0.0369	-0.2159	-0.4386	0.2606	0.0566	0.1881	-0.0349	0.0345
LH_Cont_Temp_1	-0.2468	-0.3845	-0.1818	0.118	-0.0684	0.0562	0.1459	-0.464	-0.4053	-0.0778	-0.3967	0.01	0.0418	-0.2559	0.388	-0.0015	0.0121	-0.15	-0.0665	-0.0651	-0.4028	-0.4668	-0.0896	-0.0135	-0.2026	-0.2226	0.1832	-0.178	0.1772	-0.0565	-0.0707	0.3252	0.2701	-0.4087	-0.2562	0.502	0.2335	-0.2349	0.157	0.1527	-0.1607	0.5273	0.4707	0.1413	-0.2842	-0.218	-0.1644	0.1735	-0.2871	-0.2536	-0.1327	-0.2396	-0.2403	-0.0067	-0.0097	0.1614	-0.146	-0.0738	-0.4085	-0.2092	0.3604	0.864	0.603	1.0	0.6582	0.791	-0.0035	0.5238	0.4304	0.7818	-0.0014	0.0706	-0.0131	-0.3397	0.6331	-0.4861	-0.0733	0.0858	-0.3613	0.5382	-0.4309	0.5007	-0.2578	-0.0915	-0.238	-0.0735	-0.1849	-0.2225	-0.0854	-0.3375	-0.1538	0.4168	0.5676	0.4319	0.0156	0.0005	-0.1955	0.445	-0.1975	0.0379	-0.0799	-0.1235	-0.499	-0.1536	-0.5347	0.0831	-0.1155	-0.3371	0.0897	-0.0825	-0.5574	-0.0602	0.0087	-0.1416	-0.1796	0.1549	0.2591	0.0416	0.0493	-0.2328	-0.3653	-0.1457	-0.3868	-0.27	-0.4874	-0.1965	-0.0887	0.0038	-0.2051	-0.1976	-0.3936	-0.0484	0.0768	0.0931	-0.3168	-0.2573	-0.4219	0.2304	-0.2824	0.1634	-0.4081	-0.1153	-0.006	-0.0749	-0.1677	0.0765	-0.2207	-0.3076	0.0404	-0.331	-0.0023	-0.2247	-0.1087	0.3432	-0.5174	-0.4769	-0.2647	-0.4731	0.3018	0.0524	-0.2709	-0.3517	-0.2644	-0.0685	-0.1687	0.5876	0.5295	0.685	0.2003	0.7541	0.3845	0.0644	0.4609	-0.4022	0.1094	0.4437	-0.1126	-0.2666	-0.1803	-0.2956	0.0729	0.2346	-0.2942	0.532	-0.5437	0.1346	-0.4544	-0.0098	-0.2759	-0.4194	0.044	0.0194	-0.1812	-0.1191	-0.4168	0.1554	-0.0368	-0.1407	-0.0606	-0.0733
LH_Cont_OFC_1	-0.1053	-0.3531	-0.0424	0.0193	-0.029	-0.0557	-0.0778	-0.2383	-0.2113	-0.3122	-0.1903	-0.1913	0.0031	-0.1796	0.5015	0.3061	0.1464	-0.1728	0.0277	-0.1987	-0.4502	-0.5181	-0.0398	0.2605	0.0444	-0.1634	-0.0078	-0.0332	0.2375	0.098	-0.1535	0.2727	0.1646	-0.2941	-0.2713	0.1779	0.1437	-0.365	0.2481	0.1396	-0.0476	0.5287	0.3227	0.1907	-0.1853	0.014	-0.1923	0.3162	-0.2578	-0.2738	0.3158	-0.0732	0.0699	-0.1475	-0.1413	-0.0145	-0.2749	-0.1009	-0.4968	-0.3271	0.4333	0.5277	0.4302	0.6582	1.0	0.7483	0.2018	0.7019	0.2871	0.5913	-0.118	0.0587	0.0519	-0.3025	0.6378	-0.432	-0.029	0.0868	-0.4083	0.3979	-0.3073	0.4176	-0.0565	-0.1577	-0.1167	0.0703	-0.0208	-0.1001	0.0976	0.0504	-0.005	0.5563	0.6079	0.6776	0.1303	-0.2107	-0.4577	0.3363	-0.361	0.077	-0.111	0.0386	-0.1859	-0.2398	-0.292	0.0324	-0.0528	-0.1011	-0.0389	-0.2644	-0.3618	0.0088	-0.3212	-0.1671	-0.2652	0.335	0.4116	0.1933	0.2105	-0.2179	-0.1708	-0.1112	-0.3603	-0.3061	-0.3408	-0.1212	-0.0581	0.2844	-0.2011	-0.2505	-0.2664	0.0298	0.1426	0.093	-0.3834	-0.225	-0.3321	0.059	-0.2374	-0.0553	-0.3994	-0.2003	-0.036	-0.0027	-0.2566	0.2454	-0.1905	-0.2603	0.1537	-0.1732	-0.1493	-0.2133	0.1438	0.3317	-0.1798	-0.3328	-0.0998	-0.2386	-0.0908	0.0164	-0.4833	-0.3782	-0.4676	-0.1806	-0.0991	0.388	0.1041	0.288	0.0441	0.5977	0.3498	0.2639	0.0956	0.0681	0.4099	0.2644	-0.3849	-0.3273	-0.2117	-0.123	0.2432	-0.0288	-0.2548	0.4087	-0.5982	-0.198	-0.4684	-0.1315	-0.0703	-0.276	-0.1247	0.002	0.0357	-0.0729	-0.0879	0.4983	0.029	-0.2931	-0.3874	-0.3859
LH_Cont_PFCl_1	-0.2644	-0.3601	-0.0639	0.034	-0.1363	-0.1546	-0.1533	-0.414	-0.4183	-0.3339	-0.2874	-0.1965	-0.1741	-0.413	0.3328	0.0326	-0.0692	-0.0935	-0.0249	-0.1976	-0.5087	-0.4515	0.0264	0.143	-0.0504	-0.1299	-0.0798	-0.0514	0.2286	-0.0008	-0.2222	0.2965	0.0368	-0.2754	-0.1789	0.3954	0.0953	-0.5256	0.0995	0.0699	-0.0729	0.4826	0.5368	0.1162	-0.1239	-0.1004	-0.3328	0.4201	-0.3113	-0.0485	0.0666	-0.1288	-0.2634	0.1392	-0.2203	-0.0993	-0.2247	-0.1342	-0.537	-0.3153	0.4684	0.7443	0.6167	0.791	0.7483	1.0	0.2441	0.657	0.5113	0.7735	-0.2936	-0.0003	-0.0518	-0.1532	0.6152	-0.339	-0.0091	0.1259	-0.2428	0.3638	-0.258	0.6094	0.0349	-0.1082	0.0829	0.0218	0.1548	-0.0742	0.1935	-0.1204	0.0745	0.7221	0.7868	0.5062	0.2513	-0.2162	-0.29	0.349	-0.158	-0.1256	-0.2361	-0.2092	-0.5013	-0.2084	-0.4102	-0.1283	-0.172	-0.2891	-0.1332	-0.3043	-0.5007	-0.1848	-0.2788	-0.371	-0.3878	0.136	0.2877	0.1087	0.1633	-0.2143	-0.3347	-0.1841	-0.5142	-0.2136	-0.5676	-0.119	0.0103	0.1959	-0.0835	-0.2632	-0.2591	0.0424	0.1799	0.0521	-0.3641	-0.3405	-0.2759	0.223	-0.1809	-0.1139	-0.4552	-0.1734	-0.1089	-0.0175	-0.159	0.1923	-0.1955	-0.4298	0.0026	-0.252	-0.1939	-0.357	-0.0882	0.4548	-0.3522	-0.3397	-0.4251	-0.3093	-0.015	-0.0648	-0.3477	-0.4861	-0.5252	-0.217	-0.1702	0.4723	0.2268	0.4364	0.3358	0.7079	0.4705	0.1002	0.2203	-0.2396	0.3466	0.4407	-0.4057	-0.4468	-0.2727	-0.2451	0.3332	0.0262	-0.2552	0.5363	-0.489	-0.0873	-0.4552	0.0361	-0.1207	-0.2904	-0.0863	-0.1368	-0.1201	0.0556	-0.1254	0.2268	0.0297	-0.2777	-0.3326	-0.3714
LH_Cont_PFCl_2	-0.1571	-0.323	-0.2033	0.0599	-0.2073	-0.1449	-0.4227	-0.2965	-0.1889	-0.1125	-0.1978	-0.3529	-0.1329	-0.3326	-0.2754	-0.2541	-0.4217	-0.2162	-0.2548	-0.4401	-0.295	-0.263	0.0718	0.0826	-0.2136	-0.024	-0.328	0.1732	0.0249	-0.2402	-0.1124	0.0258	-0.0918	-0.031	-0.0758	0.1364	0.0636	-0.3543	0.2918	-0.0896	0.4372	0.2992	0.2808	-0.3339	-0.005	0.036	-0.3393	0.543	-0.4325	0.3452	0.5626	0.3082	0.0516	0.3592	-0.4329	-0.3109	-0.3253	0.0459	-0.1878	-0.3295	0.3479	-0.018	0.3252	-0.0035	0.2018	0.2441	1.0	0.1666	0.233	0.2429	-0.2303	-0.2876	-0.0002	0.1209	-0.0049	0.1164	0.2144	0.0647	0.2299	0.2119	0.263	0.1622	0.5183	0.0199	0.2748	0.1028	0.4425	0.0745	0.4217	0.2527	0.4594	0.5596	0.3182	0.5576	0.4637	-0.1015	-0.0487	0.0444	0.3908	-0.1965	-0.272	-0.0471	-0.2625	-0.0655	-0.2849	-0.4183	0.043	-0.1895	-0.1136	0.1352	-0.2647	-0.1217	-0.2634	-0.2029	-0.3159	-0.1603	-0.2564	-0.1619	-0.1753	-0.1896	-0.2068	-0.2885	-0.4344	0.11	-0.3931	-0.258	0.235	-0.1079	0.3479	-0.1454	-0.0851	-0.0722	-0.1079	-0.3794	-0.4372	-0.2657	-0.1858	0.0143	-0.1527	-0.2784	-0.198	-0.2251	0.0652	-0.2092	-0.1626	0.2895	-0.1698	-0.4176	-0.384	-0.3363	-0.2995	-0.2844	-0.198	0.3091	-0.0831	0.0946	-0.3733	0.1625	-0.2639	-0.0798	0.0776	-0.2855	-0.3053	-0.0539	-0.1123	0.0371	-0.0512	-0.027	0.3218	0.0817	0.4001	-0.1914	-0.117	0.151	0.3638	0.0907	-0.1877	-0.1836	-0.1336	-0.0342	0.5227	0.0756	0.1238	-0.0664	-0.1958	-0.1928	0.0385	0.069	0.0283	0.0299	0.0198	-0.0585	-0.0692	0.3748	0.4045	0.252	0.3144	0.0877	-0.0667	-0.1556
LH_Cont_PFCl_3	-0.2146	-0.5406	-0.0147	-0.1184	-0.2513	-0.1698	-0.0882	-0.359	-0.4272	-0.2693	-0.1929	-0.1047	-0.0593	-0.3227	0.2686	0.0305	-0.0773	-0.0552	-0.0687	-0.2086	-0.2891	-0.4438	0.0058	0.2477	0.1455	-0.1562	-0.08	0.1227	0.2098	0.0835	0.0976	0.3694	0.2262	-0.0734	-0.0202	0.3369	0.2257	-0.3927	0.3286	0.0445	0.1267	0.4252	0.464	0.1118	-0.029	0.2071	-0.272	0.4352	-0.0451	0.1243	0.3736	0.1461	0.1302	0.1831	-0.0013	0.0052	-0.094	0.1611	-0.2736	-0.2936	0.3509	0.4927	0.4803	0.5238	0.7019	0.657	0.1666	1.0	0.4244	0.6002	0.0806	0.1189	0.1703	-0.0624	0.2981	-0.2183	0.0338	0.2692	-0.2522	0.2891	-0.0807	0.2578	0.0532	-0.0451	0.0327	0.2181	0.2497	0.0002	0.2146	0.2081	0.0894	0.4833	0.4664	0.5043	0.2093	0.01	-0.1265	0.3793	-0.2276	0.1603	0.0084	0.2614	-0.3746	-0.1913	-0.3511	-0.1335	-0.091	-0.3147	-0.0295	-0.1683	-0.3234	-0.1002	-0.1828	-0.1727	-0.1805	0.1379	0.2655	-0.038	-0.0521	-0.3036	-0.2625	-0.1236	-0.3073	-0.3188	-0.4803	0.0306	-0.0511	0.259	-0.1734	-0.2275	-0.123	-0.1363	0.1525	0.1229	-0.2876	-0.4018	-0.1852	-0.0048	-0.1553	0.0061	-0.2842	-0.2188	0.116	0.0442	-0.2412	0.1088	-0.2709	-0.2278	0.039	-0.187	-0.1664	-0.1737	-0.0726	0.2918	-0.3023	-0.2328	-0.0464	-0.2475	-0.132	-0.0485	-0.3836	-0.1907	-0.4176	0.0896	-0.1611	0.1437	-0.0257	0.009	0.048	0.2882	0.1943	0.1705	-0.0456	0.0296	0.3286	-0.0919	-0.1844	-0.2292	-0.1988	-0.0536	-0.0051	-0.1106	-0.4272	0.0731	-0.466	-0.3782	-0.2075	-0.4317	-0.2175	-0.4668	-0.1634	0.0227	0.1942	-0.2307	-0.2445	0.2869	-0.2072	-0.0602	-0.3004	-0.389
LH_Cont_PFCl_4	-0.5746	-0.4694	-0.1351	-0.2026	-0.3047	-0.1597	-0.3076	-0.6296	-0.5837	-0.4456	-0.3212	-0.4126	-0.528	-0.6094	-0.1072	-0.1632	-0.2738	-0.0866	-0.0587	-0.0223	-0.4051	-0.2114	0.0126	0.0969	0.0481	-0.2161	-0.2199	0.1781	0.1018	0.0649	0.1153	0.1383	-0.0748	-0.0216	0.0703	0.281	0.0989	-0.4293	0.1413	-0.0352	0.1703	0.3295	0.4566	-0.1107	-0.1273	-0.0485	-0.5231	0.1554	-0.2508	0.3111	-0.08	-0.0043	-0.3429	0.3746	0.1194	-0.0127	0.0917	0.3337	-0.3052	-0.1716	0.091	0.4648	0.3081	0.4304	0.2871	0.5113	0.233	0.4244	1.0	0.5378	-0.1803	-0.2128	0.2871	0.3332	0.2806	0.2734	0.2538	0.4429	0.2491	0.31	0.0305	0.5363	0.2335	0.3291	0.3461	0.1864	0.4561	0.1696	0.3832	-0.1351	0.466	0.528	0.4302	0.3685	0.4941	0.2006	0.1514	0.4352	0.1753	0.0918	-0.2129	0.024	-0.4409	-0.3905	-0.5077	-0.131	-0.1775	-0.3185	-0.2564	-0.2641	-0.4534	-0.3289	-0.3381	-0.5596	-0.3681	-0.0434	0.13	-0.2443	-0.0527	-0.196	-0.3675	-0.0448	-0.335	-0.2002	-0.519	-0.0292	0.2075	0.3295	-0.0638	-0.1804	-0.0263	-0.3052	0.1335	0.1853	-0.4204	-0.6783	-0.1226	-0.1659	-0.0672	-0.297	-0.3118	-0.2172	-0.0846	-0.0294	-0.3156	-0.0317	-0.3763	-0.428	-0.3502	-0.3004	-0.3001	-0.4075	-0.1041	0.1613	-0.3808	-0.2336	-0.5457	-0.1799	-0.0669	0.182	-0.1552	-0.27	-0.2165	-0.132	-0.4751	-0.0197	0.0301	0.0978	0.0522	0.1444	0.0908	-0.3324	0.0669	-0.5525	-0.1265	0.1261	-0.1897	-0.2784	-0.3194	-0.16	0.1746	0.0242	-0.3102	-0.0548	-0.0818	0.08	0.1591	-0.0434	-0.1838	-0.259	0.1933	-0.0782	-0.3618	0.2591	0.0093	-0.0897	0.002	0.0531	-0.045	-0.3004
LH_Cont_PFCl_5	-0.246	-0.5483	-0.1166	0.0681	-0.4294	0.1255	-0.1849	-0.6631	-0.6642	-0.1294	-0.3104	-0.0706	-0.2262	-0.5065	0.18	-0.1129	-0.1488	-0.1375	0.0837	-0.1271	-0.3823	-0.4491	0.0232	0.0118	-0.2646	-0.1213	-0.1275	0.1521	0.1222	-0.1577	0.0784	0.4629	0.295	-0.0988	-0.0365	0.6561	0.37	-0.5434	0.3309	-0.0025	0.1331	0.7056	0.7558	-0.031	0.0549	0.1038	-0.333	0.4953	-0.2145	0.0483	0.0457	0.0969	-0.2527	0.1724	-0.0658	-0.0494	-0.0249	0.0824	-0.367	-0.246	0.3765	0.7411	0.7822	0.7818	0.5913	0.7735	0.2429	0.6002	0.5378	1.0	-0.056	-0.1329	-0.0988	-0.1779	0.4686	-0.3694	-0.0811	0.1233	-0.3056	0.4941	-0.3032	0.3588	-0.1192	-0.0904	-0.0729	-0.1508	0.0703	-0.1212	0.0204	-0.1515	-0.0908	0.5951	0.5511	0.5134	0.1713	0.055	-0.2854	0.3124	-0.1664	0.1757	-0.1245	0.12	-0.6069	-0.2057	-0.6132	-0.4077	-0.0075	-0.6963	-0.0524	-0.1016	-0.5488	-0.3598	-0.1335	-0.3514	-0.247	0.1048	0.1612	0.0789	0.1068	-0.168	-0.2429	-0.0689	-0.5737	-0.0605	-0.5863	-0.0823	0.0442	0.0853	0.0071	-0.2688	-0.1175	-0.1232	0.0535	-0.0197	-0.2481	-0.5198	-0.0823	0.3679	-0.1145	0.1177	-0.2566	-0.1527	0.1542	-0.0037	0.0026	0.3429	-0.0919	-0.6162	-0.2529	-0.1515	0.0829	-0.1838	-0.0895	0.631	-0.3897	-0.3133	-0.401	-0.2623	0.1639	-0.0029	-0.2977	-0.326	-0.3366	-0.0704	-0.1697	0.5563	0.4633	0.5368	0.367	0.6688	0.4574	0.0231	0.4257	-0.4047	0.3262	0.383	-0.1535	-0.3714	-0.2077	-0.2724	0.3082	0.2511	-0.4034	0.3757	-0.4867	-0.0173	-0.3869	-0.1	-0.4329	-0.3069	0.0354	-0.1866	-0.1987	-0.0895	-0.3811	0.2228	0.0045	-0.0332	-0.1959	-0.227
LH_Cont_pCun_1	0.151	-0.2584	-0.1394	0.252	-0.1484	0.1826	0.3601	-0.093	-0.1354	0.5556	0.0068	0.4244	0.3979	0.2231	-0.1181	-0.1953	0.0481	-0.0839	0.1134	0.0133	0.1521	-0.0203	-0.2748	-0.0801	-0.1408	-0.1232	-0.0417	0.0425	-0.2869	-0.0877	0.3397	0.2283	0.4846	0.0455	0.1601	0.3444	0.3861	0.2729	0.3324	-0.0678	0.1416	0.0678	0.0665	-0.1126	0.0542	0.3038	0.2508	-0.117	0.3027	-0.1589	-0.0285	0.1709	0.2375	-0.164	0.3158	0.1167	-0.0299	0.047	0.2359	0.031	-0.0161	0.1943	0.1568	-0.0014	-0.118	-0.2936	-0.2303	0.0806	-0.1803	-0.056	1.0	0.512	-0.1003	-0.4815	-0.413	-0.2683	-0.2088	-0.325	-0.1503	0.3221	-0.1041	-0.3876	-0.1696	-0.1743	-0.561	-0.1773	-0.4506	-0.3613	-0.5732	0.0252	-0.5146	-0.502	-0.4789	-0.1575	-0.4882	0.5823	0.3985	0.1982	0.2513	0.2911	0.2435	0.4705	-0.1542	-0.0243	-0.1834	0.0659	0.2098	-0.2075	0.434	0.5224	-0.0764	0.0224	0.5176	0.4882	0.4262	-0.1504	-0.1457	0.0146	-0.3047	-0.0467	0.0981	0.1061	0.2675	-0.0961	0.1324	0.0871	-0.2175	-0.365	-0.2028	0.0479	0.1235	-0.2891	-0.347	-0.2009	0.215	0.1451	0.0328	0.1801	-0.0679	0.7163	0.3122	0.0753	0.5363	-0.0137	0.2079	0.0277	0.19	0.1918	0.0603	0.1427	0.4001	0.5315	-0.0013	0.1308	-0.0869	-0.1019	0.4561	-0.0358	0.2889	0.0195	-0.0207	0.1903	0.2449	0.4368	0.3185	0.1033	0.403	0.1087	-0.0463	-0.1256	0.0185	0.1392	0.3248	0.1712	-0.1294	-0.1231	0.8766	0.6167	0.1879	0.2109	-0.3975	0.4462	0.1942	-0.1381	-0.2472	0.0852	0.1149	-0.018	-0.3855	-0.1508	0.0515	0.1391	0.2623	-0.3822	-0.5015	0.0718	-0.0757	0.5529	0.5481	0.6539
LH_Cont_Cing_1	0.122	-0.182	-0.2165	0.0696	-0.0814	-0.2046	0.1526	0.0717	-0.0095	0.093	-0.0393	0.2078	0.2876	0.1175	0.0224	-0.0214	0.1421	-0.0576	0.106	-0.0966	-0.0767	0.0505	-0.0198	-0.0941	0.1504	0.0124	0.1043	-0.0326	-0.0594	-0.1547	-0.2404	0.1704	0.1092	-0.0491	0.1091	0.1645	0.1269	0.2598	0.134	0.182	-0.0597	0.0206	0.0246	-0.0567	0.0038	0.1235	0.1373	-0.2125	0.1154	-0.3004	0.0052	-0.2713	0.2412	-0.2989	0.1314	0.2422	-0.2406	-0.2598	0.0845	0.0507	0.3176	0.2849	0.0576	0.0706	0.0587	-0.0003	-0.2876	0.1189	-0.2128	-0.1329	0.512	1.0	-0.1535	-0.411	-0.0839	-0.3179	-0.1644	-0.365	-0.2423	0.2591	-0.0325	-0.0445	-0.1756	-0.136	-0.4668	0.0189	-0.3414	-0.3683	-0.4222	-0.2034	-0.3878	-0.4041	-0.0988	-0.0673	-0.3183	0.1553	0.2338	0.1883	0.2641	-0.2194	-0.136	-0.0921	-0.1997	-0.0595	-0.1378	0.0374	-0.0804	-0.0628	0.1379	-0.072	-0.1044	0.0868	0.1401	0.2595	0.2092	-0.0208	0.1413	0.0599	-0.0854	-0.1391	0.0489	0.0159	-0.0073	-0.1276	-0.0294	0.1794	-0.2143	-0.1547	-0.1747	-0.0326	-0.0077	-0.0567	-0.2137	-0.1759	0.0549	0.1218	0.0214	0.1641	-0.0001	0.4949	0.133	0.0459	0.2584	0.0895	0.1976	0.0989	0.1858	0.2548	0.1666	0.0495	0.0293	0.2468	-0.0949	0.0083	-0.0903	-0.3021	0.3419	-0.1541	0.2618	-0.1213	0.0769	-0.1183	0.0801	0.0645	0.4513	0.2538	0.1792	0.1601	-0.0319	0.1552	0.0572	0.3493	0.1435	0.3275	0.1358	0.0918	0.3794	0.5757	0.3486	-0.0624	-0.1628	0.1974	0.2925	0.2387	-0.2288	0.0715	-0.1537	0.1434	-0.1568	-0.0691	-0.0839	-0.0293	0.2953	-0.1674	-0.2438	0.1263	0.0277	-0.0016	0.2686	0.4396
LH_Cont_Cing_2	-0.2207	-0.0713	-0.0976	-0.221	-0.138	-0.119	-0.0532	-0.0958	-0.0963	-0.2387	-0.1683	-0.1688	-0.0994	-0.1149	-0.2304	-0.1741	0.0618	-0.0031	-0.0726	-0.0093	-0.0618	-0.075	0.1971	0.0092	0.1996	-0.05	-0.0191	0.014	0.1235	0.128	0.1818	-0.2552	-0.2655	0.034	0.1105	-0.2228	-0.2391	-0.0619	-0.2898	0.1245	-0.15	-0.138	-0.0947	0.0121	-0.2149	-0.1727	-0.16	-0.1177	-0.0355	0.1424	-0.1408	0.0345	-0.1159	0.1109	0.0993	0.0266	0.2249	0.2608	-0.0905	-0.099	-0.3275	-0.1357	-0.2354	-0.0131	0.0519	-0.0518	-0.0002	0.1703	0.2871	-0.0988	-0.1003	-0.1535	1.0	0.44	-0.0157	0.3681	0.1588	0.2748	0.2067	-0.1903	-0.0201	0.1837	0.1087	0.4785	0.1999	0.3545	0.2095	0.4063	0.3946	0.0989	0.505	0.171	0.035	0.0971	0.152	0.166	0.38	0.3459	0.1451	0.1009	-0.0969	-0.0293	0.0477	-0.1624	-0.0857	0.1245	-0.0302	0.1191	0.0158	-0.099	0.0287	0.1937	-0.2479	-0.25	-0.2738	-0.056	-0.054	-0.1974	-0.2028	-0.0445	-0.1184	-0.0213	-0.0958	-0.1104	-0.1522	-0.1013	0.1841	0.238	0.0287	0.0449	-0.0061	-0.0046	0.1068	0.3592	-0.2835	-0.3459	-0.0862	-0.3618	0.0681	-0.4882	-0.3127	-0.1661	-0.4769	0.0346	-0.4629	-0.4968	-0.335	-0.0883	-0.3266	-0.2338	-0.37	-0.3893	-0.0552	-0.3098	-0.089	0.1169	-0.305	-0.2089	-0.1361	0.1643	0.0112	0.0952	-0.0619	-0.1469	-0.4526	-0.3688	-0.3893	-0.2434	-0.3496	-0.1907	-0.3898	-0.1874	-0.3466	-0.2882	-0.4267	-0.27	-0.1705	-0.0893	0.2625	0.188	-0.1304	-0.3156	-0.2661	-0.3236	0.176	0.0598	0.1533	-0.2429	0.1	-0.1693	0.1621	0.2849	-0.0039	0.3093	0.2076	-0.3673	-0.1353	0.05	0.1188	-0.3164
LH_Default_Temp_1	-0.331	0.0508	0.0161	-0.4629	-0.1628	-0.1907	-0.4372	-0.1198	-0.1039	-0.4692	-0.0647	-0.237	-0.4441	-0.2683	-0.3038	-0.1803	-0.062	0.3258	-0.0435	0.1801	0.196	0.2231	0.2759	0.0742	0.1565	0.0853	-0.047	0.0307	0.1753	0.0933	-0.0259	-0.2849	-0.424	0.0981	0.0542	-0.3487	-0.3334	-0.1959	-0.2749	-0.0598	0.2013	-0.2304	-0.0896	-0.0205	0.0392	-0.1149	-0.1514	-0.0204	-0.0321	0.6206	-0.1306	0.1207	-0.1579	0.5626	-0.0001	-0.0126	0.3144	0.4484	0.0712	0.2201	-0.2684	-0.4236	-0.3886	-0.3397	-0.3025	-0.1532	0.1209	-0.0624	0.3332	-0.1779	-0.4815	-0.411	0.44	1.0	-0.0793	0.8083	0.5273	0.6381	0.5673	-0.499	0.434	0.1309	0.2779	0.4272	0.7388	0.4312	0.7004	0.4975	0.5896	0.1161	0.669	0.1996	0.0929	-0.1415	0.5444	-0.0358	0.1745	-0.0647	0.0985	0.003	-0.1456	-0.08	0.1307	-0.1691	0.0684	-0.2484	-0.1608	0.0294	-0.429	-0.3673	0.1688	-0.0625	-0.4464	-0.3745	-0.2947	-0.0929	-0.0267	-0.1977	0.0522	0.1582	-0.0096	0.1575	-0.0606	0.0455	-0.0566	0.1394	0.2075	0.3277	0.2024	-0.05	0.0956	0.1017	0.3257	0.3752	-0.25	-0.4613	0.0429	-0.4645	0.0076	-0.5746	-0.2156	-0.1616	-0.4078	0.1408	-0.3666	-0.2748	-0.3575	-0.1209	-0.252	-0.0774	-0.4762	-0.3487	0.0233	-0.3978	0.0267	0.2282	-0.366	0.0825	-0.2793	-0.0081	0.1464	0.2025	-0.0035	-0.1364	-0.5095	-0.528	-0.5633	-0.527	-0.139	-0.4884	-0.4637	-0.4648	-0.5549	-0.342	-0.2659	-0.4289	-0.3978	-0.2459	0.0669	0.0049	-0.05	-0.5062	-0.3289	-0.4552	0.5915	-0.1153	0.3007	-0.2308	0.3131	-0.0406	0.0193	-0.0505	-0.1542	0.2396	0.3393	-0.4265	-0.1059	-0.0499	-0.2433	-0.5022
LH_Default_Temp_2	-0.3069	-0.1619	-0.1912	-0.1775	0.0142	0.1109	-0.1955	-0.2524	-0.2481	-0.5007	-0.4057	-0.3592	-0.2055	-0.3266	0.48	0.3624	0.1267	-0.2036	-0.0722	0.1364	-0.3809	-0.3531	-0.1096	0.0926	-0.1584	-0.1713	0.0714	-0.2936	0.0921	-0.0394	-0.3931	-0.1489	-0.2336	-0.4598	-0.4897	-0.0957	-0.1756	-0.371	-0.0211	-0.1256	-0.1892	0.4517	0.0652	0.1641	-0.4594	-0.4421	-0.1869	0.0787	-0.3419	-0.2972	-0.1192	-0.2933	-0.0905	-0.1321	-0.0295	0.1031	-0.2329	-0.0848	-0.3757	-0.2083	0.3144	0.4425	0.1919	0.6331	0.6378	0.6152	-0.0049	0.2981	0.2806	0.4686	-0.413	-0.0839	-0.0157	-0.0793	1.0	-0.1092	0.0232	0.2534	-0.2634	0.3069	-0.238	0.7507	-0.1116	0.097	0.0379	0.3339	0.0572	0.1865	0.3056	-0.0284	0.1784	0.5375	0.6821	0.583	0.3459	-0.197	-0.3514	0.3603	-0.3245	-0.033	-0.1777	-0.3086	-0.2199	-0.2606	-0.2611	0.0415	-0.1945	-0.086	-0.3273	-0.4148	-0.4407	-0.0851	-0.3874	-0.3509	-0.4715	0.4815	0.3925	0.0956	0.2043	-0.2008	-0.2898	0.069	-0.4063	-0.3823	-0.359	-0.2363	-0.1473	0.0949	-0.3162	-0.3444	-0.5205	0.0211	0.0895	0.1351	-0.4175	-0.3027	-0.4041	-0.1051	-0.3601	-0.2435	-0.6069	-0.3813	-0.3369	-0.3104	-0.3012	0.1557	-0.3545	-0.2891	0.1117	-0.3813	-0.3472	-0.4203	-0.0353	0.0534	-0.3782	-0.4045	-0.3535	-0.4458	0.0213	0.0131	-0.1068	-0.3683	-0.3297	-0.3397	-0.3733	0.339	0.0804	0.3496	0.1518	0.5633	0.411	-0.0381	0.0617	-0.2338	0.1825	0.3722	-0.5406	-0.2614	-0.091	-0.1848	0.268	-0.0773	-0.2339	0.5788	-0.3569	0.1655	-0.4156	0.0942	-0.0284	-0.173	0.1554	0.2138	-0.0671	0.1597	0.0692	0.3258	0.3393	-0.344	-0.2425	-0.3426
LH_Default_Temp_3	-0.4057	0.0414	-0.0611	-0.4215	-0.1514	-0.0825	-0.4777	-0.0429	-0.101	-0.3656	-0.1062	-0.274	-0.4304	-0.2393	-0.3384	-0.1302	-0.1215	0.2371	-0.0865	0.2422	0.3068	0.3404	0.1138	0.0493	0.0419	0.0561	-0.156	-0.039	-0.1634	0.0883	-0.0182	-0.4419	-0.4963	0.1165	0.0553	-0.4476	-0.4032	-0.0786	-0.2716	-0.2871	0.3061	-0.2956	-0.2941	-0.1369	-0.0951	-0.2081	-0.0768	-0.1166	-0.0372	0.5833	-0.152	0.1654	-0.0581	0.4728	0.1514	0.0548	0.227	0.5117	0.2409	0.2707	-0.3355	-0.4912	-0.4978	-0.4861	-0.432	-0.339	0.1164	-0.2183	0.2734	-0.3694	-0.2683	-0.3179	0.3681	0.8083	-0.1092	1.0	0.564	0.6188	0.7132	-0.432	0.5301	0.1481	0.3931	0.4544	0.6648	0.5209	0.6384	0.5277	0.527	0.2546	0.687	0.0892	-0.0479	-0.1449	0.5434	0.1372	0.3492	0.0082	0.2995	-0.0033	-0.0123	-0.0675	0.1998	-0.2209	0.1037	-0.1298	-0.08	0.1264	-0.4124	-0.2011	0.111	-0.1232	-0.3271	-0.3351	-0.3321	-0.0679	-0.0684	-0.2456	-0.1039	0.1423	0.0182	0.2081	0.0802	-0.0256	0.0798	0.0929	0.1634	0.1309	0.0947	0.0176	0.0673	-0.0546	0.1102	0.2256	-0.2025	-0.333	-0.0052	-0.5576	-0.0539	-0.5205	-0.1773	-0.2918	-0.3944	-0.1949	-0.2938	-0.2916	-0.3761	-0.0427	-0.2818	-0.1471	-0.46	-0.272	-0.0709	-0.4723	0.031	0.2752	-0.2989	0.1475	-0.2329	0.0589	0.2686	0.2062	0.1278	0.0379	-0.5245	-0.6489	-0.5476	-0.5576	-0.1352	-0.6296	-0.4048	-0.5823	-0.5146	-0.2423	-0.3468	-0.3869	-0.1621	0.0487	0.1303	0.1584	-0.073	-0.4184	-0.0918	-0.4684	0.561	0.0846	0.5263	-0.0318	0.2673	0.0135	0.1894	0.0525	-0.1461	0.2636	0.4406	-0.4114	0.1484	0.1486	0.0261	-0.259
LH_Default_Temp_4	-0.365	0.0454	-0.1958	-0.1753	-0.1083	-0.3397	-0.2481	-0.1674	0.0	-0.2026	-0.2479	-0.1028	-0.0329	-0.146	-0.0108	-0.0926	0.0428	0.2051	-0.2071	-0.0254	0.0927	0.0898	-0.0726	-0.1061	-0.2698	-0.2383	-0.0363	-0.2315	-0.0395	-0.1918	-0.2278	-0.1285	-0.2444	-0.2952	-0.2293	-0.1916	-0.2409	-0.0728	-0.035	0.009	0.3257	-0.0989	-0.0607	-0.1799	-0.2502	-0.1183	0.0215	0.0187	-0.1052	0.4132	0.1889	-0.0692	0.0633	0.3483	-0.1009	0.1591	0.0485	0.3003	0.0522	0.3459	0.237	-0.0964	-0.2007	-0.0733	-0.029	-0.0091	0.2144	0.0338	0.2538	-0.0811	-0.2088	-0.1644	0.1588	0.5273	0.0232	0.564	1.0	0.5669	0.5083	-0.1985	0.6257	0.0859	0.3466	-0.1331	0.5234	0.2449	0.534	0.008	0.2334	0.0416	0.3752	0.1752	0.2481	-0.0426	0.3967	-0.1542	-0.0213	-0.0087	0.1184	-0.1983	-0.0237	-0.1796	0.2522	-0.0858	-0.1105	-0.0594	-0.0959	0.0582	-0.182	-0.1152	-0.0781	0.171	-0.3018	-0.0648	-0.2163	-0.0125	-0.03	-0.0756	-0.0191	0.0914	-0.0301	0.0953	0.0088	-0.1101	-0.0299	0.1696	-0.0667	0.1477	0.0454	-0.1319	-0.1519	-0.0103	-0.0802	0.0225	-0.2591	-0.1729	-0.333	-0.3861	-0.33	-0.2382	-0.2904	-0.2661	-0.1807	-0.1099	-0.2416	-0.0792	-0.3179	0.1869	0.0202	-0.2055	-0.3168	-0.0766	-0.0359	-0.1949	0.0603	0.0892	-0.181	0.1209	-0.0956	0.0526	-0.1384	0.1013	0.1169	0.0769	-0.2028	-0.15	-0.165	-0.0932	0.0403	-0.1411	-0.2403	-0.3401	-0.2015	-0.0467	-0.0104	-0.0396	-0.218	0.0081	-0.0397	-0.0989	0.1016	-0.3429	0.143	-0.0699	0.1849	0.0063	0.2049	0.2505	0.5198	0.0812	-0.2177	-0.3072	-0.2152	0.0853	0.2803	-0.0296	-0.0023	-0.2192	-0.2344	-0.1691
LH_Default_Temp_5	-0.447	-0.231	-0.0394	-0.4566	-0.1745	-0.0856	-0.3794	-0.2274	-0.2305	-0.438	-0.277	-0.1807	-0.2985	-0.2968	0.0842	0.0222	-0.0115	0.2992	-0.1552	0.3138	0.2408	-0.0016	0.0323	0.1953	0.0564	-0.0377	0.0447	-0.166	0.0757	0.1542	-0.0383	-0.1963	-0.2754	-0.1461	-0.1774	-0.2412	-0.2011	-0.1967	-0.1	-0.2232	0.3557	0.0392	0.0424	0.1697	-0.2201	-0.295	-0.0842	0.1331	-0.1368	0.5883	-0.016	0.0883	-0.1456	0.5951	0.0483	0.1125	0.0552	0.5224	-0.0341	0.2562	-0.0801	-0.112	-0.1626	0.0858	0.0868	0.1259	0.0647	0.2692	0.4429	0.1233	-0.325	-0.365	0.2748	0.6381	0.2534	0.6188	0.5669	1.0	0.4848	-0.2175	0.3836	0.2854	0.221	0.2677	0.6296	0.5335	0.6805	0.4262	0.5132	0.2183	0.5423	0.3366	0.3271	0.119	0.597	0.0822	0.012	0.1366	-0.172	0.1753	0.1041	0.0834	0.0609	-0.2448	-0.1018	-0.1136	-0.1527	-0.0379	-0.454	-0.347	-0.1132	-0.0927	-0.2408	-0.3271	-0.3616	0.1378	0.4198	-0.136	-0.0292	-0.0425	-0.0863	0.2047	-0.063	-0.2276	-0.1371	0.0334	0.0241	0.2634	-0.0438	-0.2766	-0.194	-0.0256	0.3082	0.4083	-0.4376	-0.5087	-0.3524	-0.5713	-0.3153	-0.4322	-0.4433	-0.3819	-0.3757	-0.197	-0.496	-0.2338	-0.6384	-0.1288	-0.0467	-0.336	-0.4773	-0.3894	-0.0022	-0.277	-0.2165	-0.089	-0.2591	-0.1293	-0.1614	-0.1391	-0.0529	0.0636	-0.138	-0.0236	-0.7252	-0.4014	-0.4095	-0.3786	-0.1192	-0.2815	-0.2513	-0.621	-0.4877	-0.3742	-0.1815	-0.3782	-0.3656	-0.2477	0.0393	-0.1233	-0.2155	-0.4686	-0.5095	-0.2736	0.2459	-0.1569	0.2288	-0.3258	0.259	-0.4092	0.0124	0.0202	-0.1889	-0.043	0.0853	-0.2044	-0.125	0.0008	-0.2704	-0.543
LH_Default_Par_1	-0.3282	0.0616	-0.153	-0.2014	0.0623	-0.3027	-0.2007	0.0864	0.0364	-0.0421	-0.1672	-0.1875	-0.3043	-0.1912	-0.3694	-0.0868	-0.0195	0.2522	0.045	-0.0191	0.2754	0.3978	0.1781	0.0479	-0.0089	0.1601	-0.0553	-0.0102	0.0042	0.073	-0.0766	-0.2947	-0.3726	0.0908	0.1105	-0.1954	-0.3183	0.0479	-0.2247	-0.1217	0.2713	-0.2644	-0.1176	0.0267	0.0602	-0.1737	0.0737	0.0299	0.0985	0.5522	-0.0654	0.0779	-0.1401	0.4715	-0.1672	-0.0336	0.025	0.265	0.0424	0.1684	-0.1478	-0.2636	-0.2239	-0.3613	-0.4083	-0.2428	0.2299	-0.2522	0.2491	-0.3056	-0.1503	-0.2423	0.2067	0.5673	-0.2634	0.7132	0.5083	0.4848	1.0	-0.3295	0.5095	0.0763	0.4715	0.1476	0.4953	0.2356	0.4766	0.2124	0.2952	0.1248	0.4464	0.0295	0.0036	-0.236	0.3306	0.238	0.4342	0.0558	0.4781	-0.1889	-0.1519	-0.1265	0.0241	-0.0563	-0.0482	-0.0718	-0.1591	0.1672	-0.1825	-0.007	-0.0417	-0.0786	-0.0514	-0.2364	-0.2709	-0.123	0.0721	-0.1621	-0.0694	0.2797	0.0072	-0.0765	0.0814	0.1473	0.0308	0.0978	0.2231	0.0538	0.2754	0.1863	0.0925	0.1477	0.1732	-0.0245	-0.2826	-0.1699	-0.0391	-0.339	-0.0424	-0.323	-0.0655	-0.1606	-0.3158	-0.1155	-0.1084	-0.2995	-0.238	0.0519	-0.197	-0.1151	-0.3628	-0.124	-0.1654	-0.3194	0.1097	0.2352	-0.2803	0.1694	-0.0407	-0.1478	0.1096	0.059	-0.0444	0.0101	-0.3452	-0.4425	-0.3029	-0.3651	0.0851	-0.5083	-0.3577	-0.5252	-0.3384	-0.1978	-0.2797	-0.1781	0.0676	0.0669	0.1351	-0.022	-0.087	-0.3269	0.027	-0.3443	0.4588	-0.0256	0.4692	0.1454	0.3698	0.0466	-0.0308	-0.1063	-0.295	0.1707	0.2977	-0.443	0.0902	0.2865	0.1187	-0.0865
LH_Default_Par_2	-0.1967	-0.5669	-0.3656	0.1698	-0.3265	-0.0616	-0.0571	-0.502	-0.4735	0.0396	-0.284	-0.0502	-0.0305	-0.3107	0.0782	-0.0558	-0.2693	-0.3628	0.0047	-0.1651	-0.4244	-0.3604	-0.1091	-0.0125	-0.0766	-0.1348	0.0846	0.2541	0.0436	-0.1961	0.0208	0.3536	0.384	-0.1159	-0.0343	0.5231	0.5804	-0.1048	0.7278	0.0883	0.1748	0.6399	0.5156	-0.1983	-0.0923	0.1154	-0.2815	0.1537	-0.2414	-0.2013	0.191	0.0355	0.2381	-0.0339	-0.0753	-0.0081	-0.2605	-0.2093	-0.0113	-0.3227	0.4411	0.5804	0.5723	0.5382	0.3979	0.3638	0.2119	0.2891	0.31	0.4941	0.3221	0.2591	-0.1903	-0.499	0.3069	-0.432	-0.1985	-0.2175	-0.3295	1.0	-0.1942	0.2688	-0.0711	0.0212	-0.3969	-0.1462	-0.25	-0.2241	-0.1781	-0.3016	-0.2012	0.1245	0.187	0.6126	-0.0769	0.3765	0.0442	0.3925	0.2365	0.1871	-0.1319	0.1321	-0.5416	-0.1364	-0.6281	-0.0808	0.0799	-0.4754	0.0323	0.1003	-0.5502	-0.3681	0.1278	-0.0197	0.0932	-0.0348	-0.0846	-0.0007	-0.2212	-0.4356	-0.3627	-0.1922	-0.419	-0.062	-0.4953	-0.1603	-0.0	-0.1018	-0.0528	-0.1249	-0.1476	-0.3265	-0.3234	-0.3194	-0.2319	-0.2586	-0.1511	0.2432	-0.1022	0.2952	-0.0145	-0.0364	0.5363	-0.1664	0.0772	0.3859	-0.1263	-0.3346	-0.2605	-0.3221	0.0709	0.0028	-0.3142	0.4198	-0.4904	-0.4057	0.0112	-0.179	0.2084	0.0959	-0.0446	-0.1588	-0.1036	0.0913	0.1152	0.4466	0.5567	0.5259	0.1353	0.4713	0.5693	0.0358	0.4705	-0.0735	0.1556	0.3782	0.2815	0.0402	-0.2575	-0.3128	0.1426	0.7695	0.1479	0.2396	-0.5444	0.2231	-0.0782	0.1519	-0.5069	-0.2107	0.2568	0.0459	0.011	0.1094	-0.3162	0.4494	0.2772	0.3175	0.3869	0.3532
LH_Default_Par_3	-0.171	-0.0009	-0.2222	-0.2141	-0.274	-0.3597	-0.3938	0.0489	-0.0119	-0.0875	-0.065	-0.1224	0.0132	-0.0729	-0.205	-0.1068	-0.1903	0.1195	-0.3176	-0.0256	0.1864	0.1778	-0.0517	-0.3018	-0.1554	-0.1263	-0.1586	0.0125	-0.2675	-0.3295	-0.3188	-0.1677	-0.2889	-0.0325	0.0549	-0.1325	-0.1008	0.0641	0.1015	-0.0934	0.5072	-0.0949	0.0454	-0.27	-0.1021	0.034	-0.0407	0.0854	0.0044	0.6119	0.4315	-0.0251	0.0949	0.3564	-0.2018	0.0868	-0.0634	0.0879	0.2365	0.1444	0.3774	-0.3384	-0.1681	-0.4309	-0.3073	-0.258	0.263	-0.0807	0.0305	-0.3032	-0.1041	-0.0325	-0.0201	0.434	-0.238	0.5301	0.6257	0.3836	0.5095	-0.1942	1.0	-0.1256	0.3027	-0.1412	0.3284	0.281	0.6157	-0.0664	0.2273	0.0977	0.3312	-0.0215	0.0317	-0.0996	0.4145	-0.0964	0.0187	-0.3487	0.2404	-0.2968	-0.1454	-0.1501	0.2307	-0.015	0.0415	-0.1715	-0.222	0.0274	-0.2652	-0.0557	0.1573	0.131	-0.0973	0.0629	-0.0208	-0.1253	-0.1026	-0.1242	-0.2271	0.0237	-0.0664	0.1085	0.0686	-0.0261	-0.0332	-0.0496	-0.2998	-0.1536	0.0418	-0.1634	0.1023	-0.1309	-0.2023	-0.3334	-0.0698	-0.0335	-0.0828	-0.1451	-0.1739	-0.0669	0.0679	-0.0167	0.0222	-0.1881	-0.0245	0.0725	-0.0345	0.2527	-0.0811	-0.0946	-0.3158	0.017	-0.2139	-0.2396	0.0489	0.1054	-0.0631	0.2492	-0.238	-0.2885	0.1654	0.1034	0.1772	0.1119	0.059	-0.1987	-0.2862	-0.3547	-0.0964	-0.3888	-0.1813	-0.2333	-0.3111	0.3001	0.1718	-0.2216	-0.0215	0.2105	0.1123	-0.0909	0.152	-0.2072	0.3241	-0.2125	0.3776	-0.1362	0.3171	0.1364	0.5098	0.2909	-0.3234	-0.2616	-0.0547	0.1258	0.4016	-0.0196	0.0591	-0.0286	-0.1187	-0.0139
LH_Default_Par_4	-0.5827	-0.2465	-0.2763	-0.1772	-0.0112	-0.1187	-0.2992	-0.2858	-0.3062	-0.5973	-0.4831	-0.4743	-0.344	-0.4653	0.1163	0.109	-0.0567	-0.2541	-0.174	-0.0012	-0.5015	-0.2388	-0.0567	0.1449	-0.0499	-0.1605	-0.0559	-0.3199	0.053	-0.0633	-0.4534	-0.3337	-0.4598	-0.4132	-0.3805	-0.1036	-0.3062	-0.4239	-0.1689	-0.2056	-0.1532	0.3076	0.0644	0.0464	-0.4877	-0.5363	-0.3838	0.1379	-0.4362	-0.0772	-0.2257	-0.2799	-0.2962	0.1277	-0.1177	-0.1945	-0.4008	-0.1318	-0.5342	-0.3991	0.2404	0.4671	0.1552	0.5007	0.4176	0.6094	0.1622	0.2578	0.5363	0.3588	-0.3876	-0.0445	0.1837	0.1309	0.7507	0.1481	0.0859	0.2854	0.0763	0.2688	-0.1256	1.0	0.2228	0.2862	0.2086	0.4819	0.2927	0.3107	0.5775	0.0063	0.493	0.6421	0.7887	0.5231	0.5739	-0.066	0.1364	0.5617	0.1667	-0.2734	-0.4062	-0.5203	-0.4028	-0.3751	-0.3109	-0.0337	-0.2772	-0.0438	-0.3618	-0.4275	-0.5148	-0.1417	-0.3666	-0.4861	-0.6433	0.2246	0.2647	-0.1129	-0.0022	-0.3447	-0.4525	-0.0905	-0.5087	-0.4126	-0.517	-0.2339	-0.0312	0.0745	-0.2086	-0.3122	-0.5168	0.0056	0.1175	0.1271	-0.6231	-0.4221	-0.4071	-0.2009	-0.37	-0.4422	-0.6824	-0.3905	-0.4596	-0.3675	-0.5308	-0.0262	-0.5287	-0.357	-0.0937	-0.5423	-0.6504	-0.6487	-0.225	-0.0504	-0.5146	-0.4168	-0.6523	-0.4301	-0.1859	-0.1194	0.0084	-0.5277	-0.4963	-0.5315	-0.5028	0.1412	-0.0582	0.1557	0.2252	0.3464	0.4384	-0.2727	-0.1269	-0.3162	0.006	0.3604	-0.4692	-0.222	-0.063	-0.0567	0.3159	-0.1073	-0.0828	0.4912	-0.2564	0.1445	-0.2349	0.1726	0.0015	-0.2497	0.2198	0.2554	-0.0416	0.489	0.2909	0.1062	0.4053	-0.2253	-0.0056	-0.2889
LH_Default_PFC_1	-0.2837	-0.0816	0.0131	-0.1508	-0.0233	-0.1531	-0.3738	-0.0139	0.0146	-0.1933	-0.0765	-0.3954	-0.2759	-0.2842	-0.362	-0.1194	-0.3319	-0.1012	-0.1728	-0.3791	-0.0894	0.0478	0.0084	0.0981	-0.1293	0.0723	-0.2911	0.0308	-0.1036	-0.1664	-0.1129	-0.2155	-0.3603	-0.0071	-0.0144	-0.2007	-0.2282	-0.2701	0.0401	-0.3176	0.2584	-0.0281	-0.0348	-0.2017	-0.0103	-0.0207	-0.1848	0.3726	-0.1499	0.3978	0.3179	0.2661	0.1107	0.3632	-0.1758	-0.3351	-0.1774	0.0729	-0.0295	-0.2051	0.0403	-0.1689	-0.0387	-0.2578	-0.0565	0.0349	0.5183	0.0532	0.2335	-0.1192	-0.1696	-0.1756	0.1087	0.2779	-0.1116	0.3931	0.3466	0.221	0.4715	-0.0711	0.3027	0.2228	1.0	-0.0003	0.4702	0.3319	0.5035	0.2279	0.4486	0.493	0.4605	0.3624	0.2475	0.1874	0.4525	0.0314	0.284	0.1227	0.3705	-0.2255	-0.1619	-0.1276	-0.0834	-0.1951	0.0426	-0.2882	-0.0765	0.0729	-0.2835	-0.0742	-0.1263	-0.0829	-0.1783	-0.2797	-0.3907	-0.1902	-0.1612	-0.2122	-0.1751	-0.2146	-0.132	-0.2568	-0.1513	-0.0215	-0.1654	0.0003	0.1586	0.0511	0.2165	-0.0149	-0.0787	-0.1335	-0.1124	-0.2381	-0.354	-0.1926	-0.1396	-0.3381	-0.1054	-0.4684	-0.1497	-0.2137	-0.1241	-0.3113	-0.3206	0.0235	-0.4016	-0.1691	-0.258	-0.2815	-0.3778	-0.1293	-0.1812	0.1155	0.1051	0.1924	-0.3302	0.2001	-0.237	-0.1235	0.0067	-0.0461	-0.2941	-0.0986	-0.262	-0.3381	-0.3197	-0.3808	0.2618	-0.2641	0.1616	-0.4026	-0.3719	0.1387	0.1156	0.0193	-0.1389	-0.0437	-0.1043	0.2959	0.2918	-0.225	0.2054	-0.1384	0.0555	-0.2454	0.3284	0.1286	0.2582	0.1655	-0.0676	0.002	0.154	0.3218	0.4106	0.0715	0.2759	0.0336	0.0149	-0.1336
LH_Default_PFC_2	-0.2862	-0.2492	-0.2636	-0.3638	-0.0941	0.0801	-0.2591	-0.3004	-0.2824	-0.4352	-0.3399	-0.1833	-0.4132	-0.3592	-0.1863	-0.0912	-0.0881	0.0403	0.101	0.2634	-0.1347	0.0224	0.224	0.3182	0.3291	0.1863	-0.0246	0.116	0.1456	0.3136	0.2484	-0.4055	-0.3457	0.1288	-0.0006	-0.2936	-0.2302	-0.1753	-0.1487	-0.12	0.036	-0.1004	-0.1233	0.0138	-0.1224	-0.2891	-0.2463	-0.1329	-0.2002	0.1189	-0.3243	0.1849	-0.0617	0.2339	0.3018	0.0456	0.1515	0.3871	0.0672	-0.0556	-0.4766	-0.2333	-0.2985	-0.0915	-0.1577	-0.1082	0.0199	-0.0451	0.3291	-0.0904	-0.1743	-0.136	0.4785	0.4272	0.097	0.4544	-0.1331	0.2677	0.1476	0.0212	-0.1412	0.2862	-0.0003	1.0	0.2564	0.433	0.1956	0.7539	0.5455	0.0314	0.598	0.0718	-0.1359	0.2083	0.3124	0.3089	0.4337	0.3384	0.1983	0.2278	0.0024	0.0655	-0.1847	-0.2616	-0.2151	0.0172	0.0944	-0.0013	-0.3545	-0.2272	-0.1939	-0.3282	-0.2239	-0.3888	-0.3158	-0.0355	-0.0256	-0.3158	-0.0729	-0.1277	-0.1066	0.0288	-0.1771	0.0189	-0.1575	-0.0684	0.4846	0.2291	0.0693	0.0144	-0.0976	-0.1816	0.1914	0.3547	-0.274	-0.493	0.0349	-0.4604	0.0972	-0.4476	-0.3598	-0.4227	-0.2781	-0.1637	-0.3616	-0.2508	-0.3822	-0.3128	-0.3309	-0.2748	-0.3944	-0.4785	-0.1093	-0.3486	-0.2688	0.0156	-0.1665	-0.0689	-0.098	0.2724	0.4468	0.0091	0.1082	-0.1094	-0.5891	-0.4466	-0.3347	-0.2704	-0.1297	-0.2927	-0.0602	-0.3905	-0.2659	-0.4419	-0.5055	-0.3269	-0.1127	-0.0866	0.0806	0.0453	-0.1429	-0.0108	-0.3771	-0.3936	0.1884	0.2797	0.3805	-0.3474	-0.2562	-0.2664	0.6539	0.4819	-0.0878	0.4059	0.2038	-0.2862	0.198	0.3104	0.3124	-0.2112
LH_Default_PFC_3	-0.2855	0.1063	0.0963	-0.3683	-0.0264	-0.2229	-0.3797	-0.1659	0.0085	-0.432	-0.0246	-0.2727	-0.4107	-0.2727	-0.2112	-0.2105	-0.2336	0.1531	-0.0817	0.0456	0.0418	0.1443	0.1103	0.2918	0.1356	0.0511	-0.157	-0.0433	0.1848	0.1123	-0.0511	-0.2382	-0.3468	-0.0596	-0.1239	-0.3721	-0.2835	-0.268	-0.1568	-0.2182	0.2396	-0.1599	-0.1133	-0.1356	-0.0381	-0.1654	-0.2407	0.1531	-0.1983	0.5536	-0.0178	0.227	-0.0772	0.5889	0.0013	-0.1445	0.1086	0.3498	-0.0625	0.2505	-0.1286	-0.3262	-0.276	-0.238	-0.1167	0.0829	0.2748	0.0327	0.3461	-0.0729	-0.561	-0.4668	0.1999	0.7388	0.0379	0.6648	0.5234	0.6296	0.4953	-0.3969	0.3284	0.2086	0.4702	0.2564	1.0	0.3752	0.7392	0.5392	0.6073	0.321	0.6452	0.4048	0.2785	-0.0134	0.5967	-0.1387	-0.0231	-0.0451	-0.0252	0.0064	0.0633	-0.0248	0.1771	-0.0105	0.0768	-0.1666	0.0228	0.1014	-0.4275	-0.3297	0.0435	-0.1624	-0.4116	-0.4158	-0.33	-0.1276	-0.0145	-0.1828	0.0183	-0.0647	-0.1076	-0.0258	-0.1348	0.0109	-0.1255	0.117	0.3452	0.3719	0.1586	-0.1645	-0.0585	0.0748	0.2432	0.2895	-0.268	-0.3822	-0.067	-0.4762	-0.0828	-0.6466	-0.2801	-0.255	-0.3321	0.0544	-0.2757	-0.1309	-0.417	-0.1837	-0.1898	-0.1781	-0.3685	-0.4138	-0.0358	-0.2062	-0.0047	0.1622	-0.272	0.0507	-0.3164	0.0495	-0.0127	0.0368	-0.149	-0.1181	-0.4629	-0.449	-0.496	-0.4414	0.0636	-0.2904	-0.255	-0.4686	-0.5022	-0.2302	-0.1034	-0.3321	-0.5323	-0.3618	-0.1779	0.0228	0.0669	-0.4773	-0.2418	-0.3253	0.3736	-0.2029	0.1209	-0.0761	0.3304	-0.0537	0.0525	-0.0895	-0.0346	0.2505	0.3563	-0.1602	-0.1283	-0.1009	-0.414	-0.5913
LH_Default_PFC_4	-0.3354	-0.2752	-0.1403	-0.5508	-0.0297	-0.0594	-0.3459	-0.0108	-0.0215	-0.5788	-0.2867	-0.4008	-0.204	-0.178	-0.07	-0.014	-0.1692	-0.0895	-0.2936	-0.0111	-0.093	-0.0743	0.003	0.0539	0.0695	-0.0209	-0.0441	-0.2797	-0.0634	-0.1115	-0.1991	-0.4478	-0.4815	-0.1493	-0.2004	-0.4625	-0.3707	-0.1038	-0.1703	-0.2945	0.1192	0.0201	-0.2671	-0.0384	-0.4018	-0.4093	-0.2352	0.1179	-0.2273	0.1871	0.0699	0.0127	0.0967	0.3012	0.1924	0.0883	-0.2186	0.2566	-0.0356	-0.147	-0.0045	-0.1736	-0.3124	-0.0735	0.0703	0.0218	0.1028	0.2181	0.1864	-0.1508	-0.1773	0.0189	0.3545	0.4312	0.3339	0.5209	0.2449	0.5335	0.2356	-0.1462	0.281	0.4819	0.3319	0.433	0.3752	1.0	0.5402	0.615	0.6461	0.4945	0.6104	0.2356	0.3401	0.3076	0.6534	0.0617	0.25	0.3457	0.0576	-0.0543	-0.0589	-0.1096	-0.0356	-0.3675	0.0494	-0.0778	0.0332	0.1499	-0.4796	-0.4065	-0.0299	0.1085	-0.3257	-0.3029	-0.4258	0.009	0.1509	-0.4217	-0.2414	-0.3786	-0.2829	-0.0618	-0.216	-0.4735	-0.2777	-0.1948	-0.1629	0.0386	-0.2513	-0.2973	-0.3286	-0.1934	0.0759	0.1139	-0.4707	-0.3978	-0.2709	-0.5726	-0.3171	-0.4645	-0.4945	-0.3685	-0.4275	-0.3733	-0.6322	-0.138	-0.6763	-0.1057	-0.031	-0.4637	-0.7098	-0.4735	-0.2424	-0.3819	-0.3479	-0.1732	-0.2418	-0.3257	-0.2208	-0.2451	0.3045	-0.0792	-0.1735	-0.1571	-0.6181	-0.439	-0.5746	-0.5035	-0.097	-0.2877	-0.0031	-0.464	-0.6559	0.0534	0.0228	-0.3531	-0.3597	0.1373	0.277	0.2854	-0.0375	-0.4694	-0.2124	-0.0868	0.1666	-0.1751	0.0596	-0.252	0.157	-0.2532	0.0828	0.4715	0.3694	0.1951	0.3461	-0.0265	0.202	-0.0414	-0.0689	-0.3598
LH_Default_PFC_5	-0.3748	-0.1698	-0.0394	-0.3631	-0.336	-0.2671	-0.6204	-0.2468	-0.2367	-0.489	-0.1449	-0.3479	-0.288	-0.2931	-0.2329	-0.2163	-0.3436	0.0443	-0.3514	-0.0017	-0.003	-0.0345	-0.0287	0.0247	-0.0318	-0.2068	-0.3321	-0.0831	-0.0222	-0.096	-0.1702	-0.1912	-0.3714	-0.0839	-0.1141	-0.2511	-0.2172	-0.336	-0.0726	-0.2534	0.4184	-0.0342	0.1033	-0.1769	-0.1646	-0.1245	-0.333	0.4194	-0.1681	0.7571	0.2959	0.1455	-0.0735	0.659	-0.108	-0.1298	-0.0947	0.3502	-0.0739	-0.0144	0.1595	-0.2391	-0.1316	-0.1849	-0.0208	0.1548	0.4425	0.2497	0.4561	0.0703	-0.4506	-0.3414	0.2095	0.7004	0.0572	0.6384	0.534	0.6805	0.4766	-0.25	0.6157	0.2927	0.5035	0.1956	0.7392	0.5402	1.0	0.3931	0.7168	0.3851	0.7513	0.5083	0.4028	0.1707	0.8137	-0.1931	0.0075	-0.0301	0.1147	-0.13	-0.0519	-0.0875	0.0427	-0.1139	-0.0354	-0.3641	-0.1612	-0.0987	-0.4571	-0.3675	-0.0216	-0.0554	-0.361	-0.3479	-0.4062	-0.0887	0.031	-0.2414	-0.1705	-0.193	-0.2475	0.0622	-0.2541	-0.2508	-0.3536	-0.0773	-0.031	0.1025	-0.023	-0.3607	-0.1179	-0.0737	0.0401	0.0731	-0.3517	-0.4713	-0.2133	-0.4322	-0.2978	-0.5739	-0.3529	-0.2806	-0.3025	-0.2136	-0.4236	-0.1025	-0.4715	-0.2189	-0.2366	-0.341	-0.5354	-0.5015	-0.1688	-0.1129	-0.168	0.0394	-0.4348	0.0481	-0.4229	-0.1883	0.1099	-0.0731	-0.2623	-0.1276	-0.4671	-0.4136	-0.519	-0.4897	0.0761	-0.3081	-0.0946	-0.5209	-0.5583	-0.0807	0.1107	-0.3062	-0.4751	-0.2134	-0.0531	0.0245	0.1921	-0.4482	-0.1341	-0.2614	0.2743	-0.2821	0.1934	-0.1319	0.3151	-0.0218	-0.0721	-0.1215	-0.0421	0.3082	0.4544	-0.0862	-0.0066	-0.1514	-0.3223	-0.5148
LH_Default_PFC_6	-0.2218	-0.0907	-0.0558	-0.3973	0.0396	0.1074	-0.2992	-0.0924	-0.0434	-0.4792	-0.2151	-0.2163	-0.4136	-0.2993	-0.0916	-0.0049	-0.1022	0.0427	0.0381	0.1318	-0.0401	0.0243	0.1586	0.4346	0.2235	0.1842	-0.1694	-0.0164	0.0986	0.2538	0.1258	-0.502	-0.4617	0.0533	-0.1483	-0.5402	-0.3722	-0.3133	-0.2163	-0.3573	0.0277	-0.0872	-0.2593	0.0479	-0.1005	-0.3012	-0.1998	0.1255	-0.1201	0.1752	-0.168	0.3676	0.0588	0.2986	0.167	-0.1931	0.0314	0.3532	-0.0368	-0.0818	-0.4585	-0.4161	-0.3604	-0.2225	-0.1001	-0.0742	0.0745	0.0002	0.1696	-0.1212	-0.3613	-0.3683	0.4063	0.4975	0.1865	0.5277	0.008	0.4262	0.2124	-0.2241	-0.0664	0.3107	0.2279	0.7539	0.5392	0.615	0.3931	1.0	0.7323	0.4826	0.6626	0.2575	0.0743	0.2465	0.4833	0.1286	0.2421	0.2641	-0.061	0.2079	0.075	0.0666	0.0279	-0.1459	0.0456	-0.073	0.246	0.1289	-0.4293	-0.2842	-0.0546	-0.2147	-0.2527	-0.4065	-0.4301	0.0032	0.0175	-0.293	-0.0064	-0.1721	-0.0688	-0.0663	-0.1384	-0.0761	-0.1267	-0.0254	0.3969	0.3197	0.0337	-0.179	-0.2109	-0.1297	0.194	0.3726	-0.3093	-0.4244	-0.0115	-0.5869	-0.0108	-0.6729	-0.4653	-0.4781	-0.4126	-0.2429	-0.4168	-0.216	-0.5518	-0.3098	-0.1866	-0.2515	-0.504	-0.5515	-0.0979	-0.2992	-0.1226	0.1837	-0.1752	-0.0767	-0.3098	0.0958	0.1953	0.0085	-0.1433	-0.2044	-0.6926	-0.5469	-0.592	-0.5127	-0.0052	-0.3584	-0.0212	-0.4863	-0.5909	-0.2256	-0.2826	-0.4293	-0.3868	-0.2634	0.0876	0.2729	-0.0899	-0.3493	-0.4254	-0.338	0.1493	-0.0952	0.2342	-0.3664	0.0142	-0.2745	0.3894	0.5148	0.1965	0.3136	0.3168	-0.1276	0.1852	0.156	-0.0312	-0.519
LH_Default_PFC_7	-0.4558	-0.1198	-0.1677	-0.3509	-0.0319	-0.1395	-0.4648	-0.1448	-0.1084	-0.6287	-0.3745	-0.4815	-0.3443	-0.3849	-0.0894	0.007	-0.2093	-0.0674	-0.2911	-0.0191	-0.2454	-0.134	0.0574	0.3417	0.1048	-0.0417	-0.2383	-0.1459	0.0806	0.0729	-0.1804	-0.566	-0.6063	-0.1837	-0.3104	-0.4684	-0.472	-0.4486	-0.2147	-0.3053	0.1133	-0.0204	-0.1378	-0.019	-0.3215	-0.3979	-0.4077	0.3479	-0.3248	0.3554	0.1282	0.1595	-0.0933	0.4488	-0.1664	-0.3474	-0.2484	0.1565	-0.3221	-0.3369	-0.0595	-0.2435	-0.2242	-0.0854	0.0976	0.1935	0.4217	0.2146	0.3832	0.0204	-0.5732	-0.4222	0.3946	0.5896	0.3056	0.527	0.2334	0.5132	0.2952	-0.1781	0.2273	0.5775	0.4486	0.5455	0.6073	0.6461	0.7168	0.7323	1.0	0.4678	0.9165	0.6279	0.4773	0.428	0.8204	-0.214	0.1379	0.2149	0.0765	-0.1756	-0.1718	-0.2475	-0.0403	-0.1351	-0.032	-0.1338	-0.1263	0.1052	-0.4629	-0.3447	-0.1857	-0.0395	-0.4134	-0.3859	-0.6097	0.0444	0.0122	-0.3598	-0.074	-0.2835	-0.3354	-0.1167	-0.3136	-0.2397	-0.3232	-0.2113	0.2292	0.2313	0.0312	-0.3052	-0.3893	-0.0493	0.1704	0.2073	-0.5315	-0.4215	-0.272	-0.5622	-0.276	-0.7701	-0.6273	-0.4867	-0.5015	-0.38	-0.6556	-0.1796	-0.5797	-0.2634	-0.159	-0.4848	-0.7562	-0.7432	-0.1902	-0.2511	-0.2541	0.0347	-0.4789	-0.0399	-0.5646	-0.1077	0.1417	-0.2907	-0.4065	-0.4016	-0.662	-0.4036	-0.5907	-0.4617	0.0854	-0.2179	0.1533	-0.44	-0.6264	-0.0952	-0.0457	-0.2472	-0.6109	-0.3985	-0.0624	0.1613	0.2184	-0.4267	-0.2367	-0.1298	0.0541	-0.1885	0.1438	-0.2603	0.193	-0.1712	0.1786	0.335	0.0591	0.5653	0.6175	-0.0049	0.2317	-0.1511	-0.181	-0.5885
LH_Default_PFC_8	0.0375	-0.0258	0.1746	-0.1703	0.0772	0.203	-0.1801	0.1863	0.1641	-0.0719	0.0389	-0.2182	0.0105	0.0796	-0.0413	0.0469	-0.1768	-0.1508	-0.1873	-0.1729	0.1535	-0.1422	-0.2181	0.2993	-0.0821	-0.0435	-0.4075	-0.15	-0.2095	0.0174	0.117	-0.326	-0.1674	-0.0341	-0.1903	-0.4106	-0.2398	-0.1826	-0.0707	-0.5205	0.1298	-0.0319	-0.3045	-0.0198	-0.0757	-0.0332	-0.0403	0.4609	0.0784	0.1732	0.354	0.5095	0.2748	0.1976	0.0142	-0.3569	-0.2412	0.1643	-0.0172	-0.2661	-0.1461	-0.3786	-0.1889	-0.3375	0.0504	-0.1204	0.2527	0.2081	-0.1351	-0.1515	0.0252	-0.2034	0.0989	0.1161	-0.0284	0.2546	0.0416	0.2183	0.1248	-0.3016	0.0977	0.0063	0.493	0.0314	0.321	0.4945	0.3851	0.4826	0.4678	1.0	0.3404	0.2586	0.0896	0.1826	0.3803	-0.0581	0.0399	0.0267	-0.1104	0.0809	0.2413	0.2671	0.1682	0.0478	0.2869	-0.1659	0.1687	0.1401	-0.1099	0.0725	0.1076	0.1312	-0.0388	0.0518	-0.2024	0.0272	-0.0789	-0.2605	-0.1675	-0.2094	0.0209	-0.1034	0.0858	-0.293	0.0368	-0.1145	0.0111	-0.0328	-0.1363	-0.2511	-0.2097	-0.1829	-0.1028	0.0095	-0.1303	-0.0432	-0.1302	-0.4097	-0.2538	-0.3128	-0.2043	-0.3021	-0.1482	-0.3627	-0.3243	-0.0562	-0.3102	-0.041	0.0938	-0.1392	-0.218	-0.1375	-0.0119	0.0679	0.081	0.2095	0.0413	0.0675	-0.4087	-0.1611	-0.0858	-0.0082	-0.3284	-0.0207	-0.331	-0.4272	-0.4922	-0.5964	0.1809	-0.3859	0.0737	-0.2454	-0.5683	0.3717	0.1813	-0.4215	-0.1525	-0.012	0.099	0.6079	-0.0334	-0.4333	-0.1351	-0.2428	-0.1133	-0.4919	0.0751	-0.2941	0.0679	-0.0567	-0.1226	0.3265	0.4949	-0.0572	0.2582	0.1671	0.115	0.0702	-0.1719	-0.2941
LH_Default_PFC_9	-0.4777	-0.1002	-0.2062	-0.3451	-0.0932	-0.1659	-0.4983	-0.2029	-0.136	-0.577	-0.361	-0.4582	-0.3371	-0.3526	-0.2281	-0.1302	-0.2274	-0.0126	-0.3282	0.0245	-0.178	-0.0494	0.0655	0.2294	0.0746	-0.1087	-0.2566	-0.1298	0.0176	0.0843	-0.1581	-0.5356	-0.598	-0.1718	-0.2416	-0.4846	-0.4702	-0.3269	-0.2413	-0.2125	0.1748	-0.1433	-0.1857	-0.1226	-0.3641	-0.3885	-0.362	0.1831	-0.3232	0.4458	0.0765	0.1025	-0.1006	0.4713	-0.0634	-0.176	-0.16	0.3179	-0.2296	-0.1575	-0.1272	-0.3084	-0.3507	-0.1538	-0.005	0.0745	0.4594	0.0894	0.466	-0.0908	-0.5146	-0.3878	0.505	0.669	0.1784	0.687	0.3752	0.5423	0.4464	-0.2012	0.3312	0.493	0.4605	0.598	0.6452	0.6104	0.7513	0.6626	0.9165	0.3404	1.0	0.5385	0.3351	0.3444	0.8019	-0.1533	0.2245	0.2249	0.2383	-0.178	-0.1367	-0.2508	0.0383	-0.1709	-0.0687	-0.0696	-0.1121	0.1437	-0.4138	-0.2898	-0.1596	-0.0224	-0.436	-0.3882	-0.5932	-0.0369	-0.0367	-0.354	-0.1103	-0.1764	-0.3003	-0.0306	-0.2259	-0.2066	-0.2423	-0.2035	0.2625	0.2028	0.0485	-0.2284	-0.2962	-0.0614	0.096	0.211	-0.5188	-0.4178	-0.2985	-0.6331	-0.2529	-0.7771	-0.5775	-0.4754	-0.5216	-0.3688	-0.6291	-0.2877	-0.562	-0.2315	-0.2745	-0.4766	-0.7219	-0.7323	-0.1427	-0.3673	-0.1951	0.1233	-0.4826	0.0292	-0.4713	0.0369	0.2414	-0.2357	-0.2508	-0.2833	-0.6452	-0.4975	-0.5814	-0.4396	-0.0387	-0.3036	-0.028	-0.519	-0.5817	-0.1736	-0.191	-0.2605	-0.505	-0.2794	-0.0418	0.1412	0.1862	-0.3915	-0.1315	-0.2655	0.1736	-0.0289	0.3009	-0.157	0.2428	-0.12	0.2867	0.2745	-0.1103	0.629	0.6805	-0.1413	0.225	-0.0994	-0.0697	-0.4833
LH_Default_PFC_10	-0.4811	-0.2696	-0.098	-0.1392	-0.1935	-0.0877	-0.4826	-0.4116	-0.394	-0.4598	-0.3346	-0.5163	-0.37	-0.5205	0.122	0.0123	-0.1719	-0.0558	-0.1933	-0.1793	-0.4322	-0.4257	-0.0179	0.2328	-0.1492	-0.1648	-0.265	-0.0972	0.1095	-0.0099	-0.2182	-0.0966	-0.2874	-0.2616	-0.2959	0.0475	-0.18	-0.681	-0.0347	-0.1096	0.0353	0.3722	0.3192	0.0402	-0.2107	-0.1913	-0.3813	0.5142	-0.3727	0.1943	0.1747	0.0975	-0.2378	0.3511	-0.3295	-0.3997	-0.3072	0.019	-0.5935	-0.4134	0.2749	0.3309	0.3399	0.4168	0.5563	0.7221	0.5596	0.4833	0.528	0.5951	-0.502	-0.4041	0.171	0.1996	0.5375	0.0892	0.1752	0.3366	0.0295	0.1245	-0.0215	0.6421	0.3624	0.0718	0.4048	0.2356	0.5083	0.2575	0.6279	0.2586	0.5385	1.0	0.7751	0.6221	0.6343	-0.2779	-0.231	0.3082	-0.027	-0.1543	-0.2441	-0.2047	-0.3366	-0.2323	-0.265	-0.3118	-0.1231	-0.2054	-0.3082	-0.2401	-0.4156	-0.2365	-0.5077	-0.5259	-0.6601	0.122	0.1166	-0.0334	0.1076	-0.1714	-0.2571	-0.1185	-0.5106	-0.1691	-0.4518	-0.2779	0.1374	0.2009	0.0402	-0.328	-0.3414	0.0589	0.0981	0.0692	-0.4941	-0.4513	-0.3045	-0.0842	-0.2788	-0.4815	-0.5926	-0.3941	-0.3199	-0.246	-0.4193	0.1628	-0.3302	-0.499	-0.1792	-0.3481	-0.4089	-0.5423	-0.0051	0.3003	-0.2034	-0.0933	-0.6372	-0.1186	-0.3778	-0.1159	-0.2056	-0.5227	-0.6225	-0.335	-0.4342	0.158	-0.0773	0.1	0.3124	0.3813	0.462	-0.1477	-0.1166	-0.19	0.2985	0.2794	-0.6031	-0.527	-0.2336	-0.0232	0.5195	-0.15	-0.2104	0.3068	-0.3021	-0.0998	-0.2093	0.0279	0.0073	-0.1475	0.0702	0.0001	-0.1332	0.3776	0.3395	0.2189	0.2793	-0.2548	-0.3248	-0.505
LH_Default_PFC_11	-0.4368	-0.2636	-0.1255	-0.1625	-0.1008	-0.2698	-0.3227	-0.2272	-0.2096	-0.5174	-0.3507	-0.4186	-0.2135	-0.3845	0.2057	0.0615	-0.0859	-0.1833	-0.2051	-0.2095	-0.4251	-0.3627	0.0244	0.0832	-0.1224	-0.1139	-0.0398	-0.252	0.1349	-0.2276	-0.5195	-0.0473	-0.2704	-0.4148	-0.3076	0.0977	-0.1275	-0.4302	-0.019	-0.0479	-0.0369	0.4762	0.3122	0.0322	-0.3104	-0.3302	-0.3845	0.4244	-0.3882	0.0325	0.1218	-0.2049	-0.2891	0.2166	-0.3805	-0.2568	-0.4317	-0.2303	-0.6082	-0.3585	0.5427	0.5287	0.3838	0.5676	0.6079	0.7868	0.3182	0.4664	0.4302	0.5511	-0.4789	-0.0988	0.035	0.0929	0.6821	-0.0479	0.2481	0.3271	0.0036	0.187	0.0317	0.7887	0.2475	-0.1359	0.2785	0.3401	0.4028	0.0743	0.4773	0.0896	0.3351	0.7751	1.0	0.5354	0.5932	-0.3243	-0.2472	0.3175	-0.0704	-0.3767	-0.3719	-0.4453	-0.3269	-0.2349	-0.2692	-0.2239	-0.2599	-0.168	-0.3234	-0.4417	-0.4016	-0.0016	-0.403	-0.3825	-0.5212	0.1327	0.2793	-0.0443	0.072	-0.3262	-0.407	-0.1912	-0.582	-0.3149	-0.5563	-0.2361	-0.1089	0.1736	-0.0644	-0.3778	-0.4374	0.0974	0.1462	0.018	-0.5696	-0.3493	-0.3736	-0.0006	-0.3708	-0.3346	-0.5717	-0.2062	-0.344	-0.188	-0.4172	0.1681	-0.4045	-0.3636	-0.0497	-0.4262	-0.5277	-0.5427	-0.2382	0.2011	-0.4022	-0.4057	-0.6082	-0.336	-0.2145	-0.3456	-0.2824	-0.5686	-0.6296	-0.5025	-0.3351	0.339	-0.0084	0.2031	0.2806	0.5295	0.4124	-0.1216	-0.127	-0.1014	0.3888	0.3901	-0.6162	-0.401	-0.1199	-0.1617	0.4554	-0.2212	-0.1368	0.5837	-0.3252	-0.195	-0.4867	0.0957	0.1498	-0.2099	-0.2035	-0.0924	-0.0103	0.2534	0.2072	0.2387	0.1704	-0.4474	-0.4097	-0.4702
LH_Default_PFC_12	-0.3053	-0.6037	-0.3111	-0.0882	-0.2477	-0.0233	-0.4014	-0.4175	-0.3825	-0.4026	-0.3836	-0.4153	-0.243	-0.5259	0.1694	0.1313	-0.2083	-0.3098	-0.1258	-0.2877	-0.545	-0.4785	0.0514	0.2456	-0.052	-0.0719	-0.14	0.1457	0.0838	-0.1179	-0.1686	0.0369	-0.0848	-0.1694	-0.2149	0.0948	0.1218	-0.5055	0.4427	-0.1056	0.1961	0.6609	0.3363	-0.0821	-0.2147	-0.0329	-0.3963	0.3885	-0.4063	-0.0768	0.4244	0.1836	0.2115	0.0365	-0.2127	-0.1651	-0.3638	-0.0215	-0.3324	-0.4867	0.4078	0.3113	0.4042	0.4319	0.6776	0.5062	0.5576	0.5043	0.3685	0.5134	-0.1575	-0.0673	0.0971	-0.1415	0.583	-0.1449	-0.0426	0.119	-0.236	0.6126	-0.0996	0.5231	0.1874	0.2083	-0.0134	0.3076	0.1707	0.2465	0.428	0.1826	0.3444	0.6221	0.5354	1.0	0.4433	0.0292	-0.1532	0.4468	0.0318	0.0434	-0.2718	0.0256	-0.4107	-0.3297	-0.4522	-0.259	0.0297	-0.2851	-0.2301	-0.1674	-0.519	-0.25	-0.3676	-0.3366	-0.4456	0.2363	0.1179	-0.0978	-0.0546	-0.4095	-0.2913	-0.233	-0.5549	-0.1601	-0.5474	-0.2711	0.1375	0.1514	0.0375	-0.2846	-0.3156	-0.2554	-0.077	-0.1446	-0.5642	-0.4702	-0.2757	-0.0882	-0.1944	-0.2518	-0.4577	-0.4194	0.0358	-0.3127	-0.3273	0.3676	-0.3624	-0.4841	-0.2522	-0.418	-0.4156	-0.4047	-0.134	0.2824	-0.3364	-0.2079	-0.2718	-0.1457	-0.1833	0.0125	-0.1031	-0.4011	-0.4311	-0.2083	-0.2657	0.2382	-0.0058	0.1354	0.1319	0.3973	0.573	-0.0355	-0.0644	0.0739	0.349	0.1841	-0.3239	-0.2463	-0.1878	-0.0549	0.4276	0.157	-0.1461	0.2038	-0.541	-0.0938	-0.1347	-0.1142	-0.2051	-0.2543	0.2202	0.2324	0.1098	0.2981	0.2102	0.5323	0.4297	-0.0216	-0.072	-0.2876
LH_Default_PFC_13	-0.5713	-0.2977	-0.175	-0.4715	-0.1806	-0.1881	-0.6567	-0.2844	-0.1937	-0.6458	-0.2973	-0.5543	-0.4128	-0.3944	-0.0766	-0.0646	-0.3635	-0.0803	-0.3886	-0.0275	-0.2421	-0.1364	-0.0908	0.1504	-0.074	-0.1696	-0.2646	-0.2222	-0.0978	-0.0897	-0.3029	-0.3551	-0.4458	-0.2439	-0.2909	-0.2659	-0.263	-0.3913	-0.0575	-0.2869	0.2701	0.1803	0.0328	-0.1372	-0.3426	-0.3607	-0.462	0.3662	-0.4215	0.4122	0.2014	0.0759	-0.1657	0.5013	-0.0915	-0.2104	-0.2772	0.1924	-0.2985	-0.2198	0.2177	-0.0604	-0.0704	0.0156	0.1303	0.2513	0.4637	0.2093	0.4941	0.1713	-0.4882	-0.3183	0.152	0.5444	0.3459	0.5434	0.3967	0.597	0.3306	-0.0769	0.4145	0.5739	0.4525	0.3124	0.5967	0.6534	0.8137	0.4833	0.8204	0.3803	0.8019	0.6343	0.5932	0.4433	1.0	-0.2362	-0.0461	0.1176	0.0923	-0.2387	-0.1645	-0.2044	-0.0626	-0.293	-0.1048	-0.2824	-0.1209	-0.0383	-0.5891	-0.4513	-0.1558	-0.082	-0.49	-0.4311	-0.5299	-0.0028	0.1035	-0.4053	-0.1398	-0.3334	-0.3813	-0.0606	-0.402	-0.3496	-0.3799	-0.3009	0.0195	0.1038	-0.0953	-0.412	-0.4092	-0.1827	0.0642	0.0904	-0.5219	-0.4934	-0.2961	-0.4151	-0.4156	-0.5553	-0.5212	-0.338	-0.3547	-0.3938	-0.5739	0.0637	-0.5323	-0.3389	-0.2223	-0.4762	-0.6824	-0.6275	-0.2079	-0.1437	-0.3557	-0.1588	-0.5495	-0.0463	-0.4529	-0.2322	0.0953	-0.3771	-0.3628	-0.2749	-0.584	-0.2073	-0.3876	-0.3199	0.0887	-0.1192	0.1674	-0.504	-0.4897	-0.0771	0.187	-0.1212	-0.5737	-0.2496	-0.0569	0.0714	0.3647	-0.362	-0.1728	-0.0042	0.0612	-0.2023	0.0586	-0.1299	0.2158	-0.1215	0.0471	0.0337	-0.024	0.3913	0.5476	0.077	0.282	-0.2307	-0.3059	-0.5013
LH_Default_pCunPCC_1	-0.1108	-0.4398	-0.2409	-0.0322	-0.295	0.1173	0.0691	-0.3016	-0.4287	0.2237	-0.1756	0.1631	-0.217	-0.2895	-0.3622	-0.2177	-0.1034	-0.0284	0.3464	0.0859	0.1181	0.0731	0.086	0.0652	0.0618	0.1895	-0.0231	0.377	-0.0868	0.009	0.3759	0.1013	0.1924	0.2933	0.359	0.284	0.3319	0.0228	0.354	-0.2077	0.2732	0.2605	0.2693	-0.0756	0.2193	0.2036	0.0633	-0.1126	0.1876	0.1511	-0.2785	0.344	0.0749	0.1351	0.2344	0.0767	0.1655	0.265	0.2641	0.0275	-0.2605	0.1295	0.1986	0.0005	-0.2107	-0.2162	-0.1015	0.01	0.2006	0.055	0.5823	0.1553	0.166	-0.0358	-0.197	0.1372	-0.1542	0.0822	0.238	0.3765	-0.0964	-0.066	0.0314	0.3089	-0.1387	0.0617	-0.1931	0.1286	-0.214	-0.0581	-0.1533	-0.2779	-0.3243	0.0292	-0.2362	1.0	0.5957	0.411	0.3419	0.5072	-0.0233	0.4449	-0.4289	-0.2898	-0.4421	-0.1337	0.2236	-0.3564	0.0372	0.3091	-0.2768	-0.4346	0.286	-0.1247	0.0961	-0.1769	-0.0079	-0.0038	-0.262	-0.0498	0.0396	0.0385	-0.0376	0.1559	-0.1462	0.1238	0.1482	-0.0699	0.1037	0.0696	0.2876	-0.2981	-0.0856	-0.052	-0.1659	-0.4003	0.1768	0.0038	0.1943	0.2345	0.1851	-0.1096	0.3151	0.0203	0.0993	0.0102	-0.1816	-0.2886	-0.4047	0.0002	0.0646	0.2412	-0.1848	0.0571	-0.1976	-0.0532	0.0802	-0.1489	0.3127	0.0502	0.1003	0.265	0.1451	0.2707	-0.1763	-0.1302	0.1836	-0.0312	-0.0344	-0.2288	-0.0146	-0.2698	0.1218	-0.33	-0.3598	-0.1456	0.6407	0.3551	0.2448	0.0025	-0.349	0.3919	-0.1793	-0.3366	-0.0026	0.1725	0.3053	-0.1125	-0.4374	-0.3253	0.3375	0.2605	0.0765	-0.1198	-0.443	-0.1452	0.0586	0.8449	0.5827	0.2858
LH_Default_pCunPCC_2	-0.2913	-0.1993	-0.3167	-0.0018	-0.0531	-0.0781	0.1081	-0.0668	-0.1571	0.0751	-0.312	0.074	-0.0946	-0.1931	-0.5617	-0.3539	-0.098	-0.0495	0.0426	-0.0357	0.0291	0.2502	0.0712	0.0407	0.0536	0.1224	-0.0603	0.0177	-0.1324	-0.0454	0.1215	-0.2953	-0.2614	0.0862	0.1576	-0.0532	-0.1792	0.0786	-0.1332	-0.2213	-0.0159	-0.25	-0.1266	-0.1076	-0.0508	-0.143	-0.0348	-0.1293	0.1097	0.1807	-0.3275	0.1094	-0.0343	0.2209	0.1489	-0.1111	-0.0768	0.1757	0.1209	-0.037	-0.3068	-0.0305	-0.161	-0.1955	-0.4577	-0.29	-0.0487	-0.1265	0.1514	-0.2854	0.3985	0.2338	0.38	0.1745	-0.3514	0.3492	-0.0213	0.012	0.4342	0.0442	0.0187	0.1364	0.284	0.4337	-0.0231	0.25	0.0075	0.2421	0.1379	0.0399	0.2245	-0.231	-0.2472	-0.1532	-0.0461	0.5957	1.0	0.4694	0.6842	-0.0385	-0.1785	-0.0902	-0.3532	-0.1844	-0.2201	-0.0025	-0.0383	-0.0153	0.0624	0.1956	-0.2237	-0.1412	0.2489	-0.0477	-0.1216	-0.2371	-0.1714	-0.2801	-0.3464	-0.073	-0.1203	-0.0981	0.0235	0.0003	-0.0874	0.0625	0.166	-0.1662	0.1221	0.13	0.0204	-0.1656	-0.1167	-0.0757	-0.263	-0.1625	0.0061	-0.2477	0.019	-0.0611	-0.0811	-0.2071	-0.0704	-0.2131	-0.2004	-0.3531	-0.3007	-0.0085	-0.268	-0.2465	-0.274	-0.0707	-0.3025	-0.246	-0.1937	0.0554	-0.1494	-0.1319	0.0741	0.0214	0.3717	0.1309	0.0447	-0.0267	-0.2059	-0.3492	-0.1038	-0.2226	0.0627	-0.4103	-0.0596	-0.3611	-0.1702	-0.1848	-0.5072	-0.1708	0.4882	0.3794	0.2696	0.2895	-0.3047	0.0934	0.1375	-0.2709	0.0942	0.1761	0.4208	0.0195	-0.2004	-0.2168	0.3232	0.3861	0.1569	0.2842	0.0181	-0.3643	0.1226	0.5132	0.7283	0.3393
LH_Default_pCunPCC_3	-0.4633	-0.4382	-0.3124	-0.0652	-0.0718	-0.008	0.06	-0.3934	-0.3339	-0.2188	-0.5273	-0.1951	-0.1766	-0.4848	-0.0871	-0.0814	0.1129	-0.0518	0.0501	-0.0344	-0.3604	-0.2015	0.0757	0.3001	0.0461	-0.0287	0.0974	-0.0925	0.2334	0.0483	0.0499	-0.096	-0.1918	-0.2018	-0.1546	0.0362	-0.1564	-0.2253	-0.0039	-0.0179	-0.1465	0.187	0.0669	0.0545	-0.2803	-0.2145	-0.1087	-0.0133	-0.049	-0.1514	-0.2136	-0.0356	0.0659	0.0954	0.1769	0.0299	-0.2199	0.2173	-0.3474	-0.173	-0.0101	0.4735	0.1484	0.445	0.3363	0.349	0.0444	0.3793	0.4352	0.3124	0.1982	0.1883	0.3459	-0.0647	0.3603	0.0082	-0.0087	0.1366	0.0558	0.3925	-0.3487	0.5617	0.1227	0.3384	-0.0451	0.3457	-0.0301	0.2641	0.2149	0.0267	0.2249	0.3082	0.3175	0.4468	0.1176	0.411	0.4694	1.0	0.2797	0.0446	-0.0881	-0.0069	-0.5423	-0.328	-0.4751	-0.0326	0.0432	-0.1816	0.0172	-0.0774	-0.6239	-0.2351	-0.1131	-0.3436	-0.4833	0.0721	0.1719	-0.0965	-0.0634	-0.2334	-0.2098	-0.0456	-0.3151	-0.216	-0.3215	0.0683	0.1574	0.1683	-0.0821	-0.0396	-0.3025	0.0198	0.1055	0.1256	-0.4707	-0.4212	-0.2484	-0.3084	-0.1799	-0.142	-0.5315	-0.5195	-0.2192	-0.2171	-0.3522	-0.1495	-0.4648	-0.2673	-0.1235	-0.3894	-0.3127	-0.3594	-0.1729	-0.0504	-0.3253	-0.2333	-0.236	-0.3894	0.1964	0.0804	0.0205	-0.2833	-0.2684	-0.1709	-0.4038	-0.0131	0.0795	0.1654	0.0677	0.2497	0.2346	-0.1723	0.0312	-0.3158	-0.2286	0.1923	0.0313	0.1141	-0.0063	-0.0301	-0.0577	0.0839	-0.1568	0.178	-0.3304	0.2359	-0.0025	0.0349	-0.3381	-0.4486	0.4554	0.4558	0.0877	0.2135	-0.0666	0.0334	0.2059	0.1667	0.3784	0.0314
LH_Default_pCunPCC_4	-0.2785	-0.2028	-0.3742	0.1249	-0.2146	-0.2281	-0.1866	-0.166	-0.2105	0.1136	-0.2202	-0.1426	-0.0793	-0.2262	-0.562	-0.3738	-0.2208	-0.142	-0.0545	-0.2294	-0.0907	0.1873	0.1189	-0.1756	-0.0787	0.0421	-0.0874	0.086	-0.079	-0.265	-0.1116	-0.121	-0.2054	0.1069	0.1912	0.1721	-0.0295	0.034	0.053	0.0057	0.225	-0.0358	0.0693	-0.3496	0.0063	-0.0521	-0.1103	0.0243	-0.1338	0.243	0.0023	0.0256	0.0023	0.2401	-0.1537	-0.1438	-0.2165	-0.0639	0.1057	-0.1535	0.0952	0.0571	0.0753	-0.1975	-0.361	-0.158	0.3908	-0.2276	0.1753	-0.1664	0.2513	0.2641	0.1451	0.0985	-0.3245	0.2995	0.1184	-0.172	0.4781	0.2365	0.2404	0.1667	0.3705	0.1983	-0.0252	0.0576	0.1147	-0.061	0.0765	-0.1104	0.2383	-0.027	-0.0704	0.0318	0.0923	0.3419	0.6842	0.2797	1.0	-0.3001	-0.3564	-0.2534	-0.4038	-0.077	-0.3009	-0.255	-0.0918	-0.1435	0.0701	0.1992	-0.2598	-0.1507	0.0338	-0.0686	-0.1501	-0.2724	-0.362	-0.1938	-0.3282	-0.0414	-0.1259	-0.1641	-0.2166	0.1531	-0.2208	-0.0048	0.1754	-0.2922	0.3052	0.2215	0.0667	-0.0014	-0.2144	-0.3306	-0.2157	-0.1358	0.0397	0.0204	0.0253	-0.0047	0.0266	-0.0983	0.0579	-0.1369	-0.0055	-0.0745	-0.028	-0.0612	-0.4229	-0.2326	-0.2401	-0.0809	-0.3104	-0.0203	-0.146	0.0197	-0.3053	0.0821	0.0791	0.003	0.3808	-0.0863	0.0224	-0.0433	0.0509	-0.094	0.0831	-0.0033	0.2293	-0.1822	0.1256	-0.2502	0.0311	-0.0498	-0.1832	0.1218	0.3985	0.3631	0.1518	0.0155	0.1401	0.2959	0.4521	-0.1091	0.1011	0.2732	0.347	0.3851	-0.1435	0.1011	0.2289	0.0002	-0.0673	0.4337	0.2204	-0.2065	0.3869	0.3863	0.6343	0.4762
LH_Default_PHC_1	0.1842	-0.1879	0.1913	0.0572	-0.2107	0.3973	0.097	-0.2644	-0.2603	0.1712	0.1831	0.3232	-0.052	0.0341	0.0572	0.0016	-0.0967	-0.012	0.2865	0.2806	0.1868	0.0149	-0.054	0.108	0.1343	-0.0279	0.006	0.3004	0.0281	0.2818	0.6044	0.2968	0.4819	0.3004	0.1265	0.0971	0.4268	-0.0946	0.3438	-0.221	0.2718	0.1626	0.1409	0.0088	0.2102	0.3354	0.03	-0.0181	0.1741	0.0845	-0.1398	0.4671	0.2419	0.0245	0.4382	0.2011	0.4235	0.4136	0.3317	0.1949	-0.4184	-0.121	0.0238	0.0379	0.077	-0.1256	-0.1965	0.1603	0.0918	0.1757	0.2911	-0.2194	0.1009	0.003	-0.033	-0.0033	-0.1983	0.1753	-0.1889	0.1871	-0.2968	-0.2734	-0.2255	0.2278	0.0064	-0.0543	-0.13	0.2079	-0.1756	0.0809	-0.178	-0.1543	-0.3767	0.0434	-0.2387	0.5072	-0.0385	0.0446	-0.3001	1.0	0.3859	0.7275	0.0261	-0.0005	-0.1105	-0.0201	0.4466	-0.2433	0.1245	0.2039	0.055	-0.268	0.1938	0.0182	0.2625	0.0488	0.0432	0.1637	-0.0198	-0.0144	0.1228	0.207	0.109	0.0639	0.0786	0.2152	0.0892	0.0893	-0.0761	-0.0087	0.2711	-0.1789	0.0288	0.3021	0.1347	-0.2677	0.2131	-0.0761	0.2094	0.0505	0.2232	0.0005	0.3176	0.1974	0.0569	-0.0608	-0.1337	-0.2216	-0.116	0.2197	0.3149	0.1533	0.2614	0.0848	-0.0343	0.1026	0.3168	-0.0833	0.1152	0.3337	-0.0983	0.5022	0.1362	0.3702	-0.2091	-0.259	-0.0034	-0.1391	-0.1923	-0.2156	-0.1497	-0.1514	0.017	-0.305	-0.2497	-0.4024	0.2246	-0.1229	-0.0683	0.059	-0.4437	0.1895	-0.4934	-0.4992	0.0073	-0.0139	0.1372	-0.4419	-0.3975	-0.3179	0.2317	0.1707	0.1406	-0.3401	-0.5256	0.0022	-0.2831	0.5124	0.0422	-0.1149
RH_Vis_1	0.2201	0.1924	0.3236	-0.0341	0.0641	0.2826	0.2224	0.0246	0.2065	0.2846	0.2103	0.3065	0.3389	0.4307	0.178	-0.0244	0.0077	0.1434	-0.0454	0.3958	0.3657	-0.0441	-0.3128	0.0831	0.0175	-0.2059	0.1735	-0.1976	-0.054	0.2763	0.5277	0.0648	0.3643	-0.0122	-0.136	-0.1628	0.1073	0.3363	-0.0086	-0.0594	0.0407	-0.3128	-0.2983	0.0177	-0.0989	0.0207	0.2154	-0.0681	0.2076	0.0026	-0.03	0.1467	0.255	0.0474	0.4986	0.3191	0.2015	0.2985	0.3809	0.3334	-0.3556	-0.2322	-0.3061	-0.0799	-0.111	-0.2361	-0.272	0.0084	-0.2129	-0.1245	0.2435	-0.136	-0.0969	-0.1456	-0.1777	-0.0123	-0.0237	0.1041	-0.1519	-0.1319	-0.1454	-0.4062	-0.1619	0.0024	0.0633	-0.0589	-0.0519	0.075	-0.1718	0.2413	-0.1367	-0.2441	-0.3719	-0.2718	-0.1645	-0.0233	-0.1785	-0.0881	-0.3564	0.3859	1.0	0.517	0.4211	0.3656	0.2894	0.2536	0.3657	0.0926	0.2199	0.1315	0.2143	0.1163	0.3464	0.3147	0.2794	-0.0797	-0.0962	0.0015	-0.1421	-0.043	0.132	0.2664	0.3043	-0.1508	0.3791	0.0722	-0.0182	-0.0195	-0.2738	0.1438	-0.1068	0.0511	-0.034	0.2785	0.5013	0.2487	-0.0389	-0.3086	-0.1053	0.1032	0.1028	-0.0143	0.0693	-0.0904	0.0633	-0.2918	-0.0437	0.203	0.2244	0.0681	0.4922	0.094	0.0672	-0.1565	0.0205	0.0707	0.4983	0.1069	0.1703	0.2562	0.033	0.3767	0.3077	0.5349	-0.1194	-0.3417	0.0557	-0.1004	-0.206	-0.1823	-0.2723	-0.1709	0.0713	-0.0809	-0.2403	-0.3001	0.1408	0.0867	-0.2028	0.0351	-0.4506	0.0192	-0.1321	-0.3147	0.126	0.1686	0.1845	-0.1999	-0.1381	-0.0728	0.2236	0.0226	0.0118	-0.3474	-0.277	-0.0888	-0.3347	0.0754	0.0298	0.111
RH_Vis_2	0.2357	-0.3286	0.2391	-0.0989	-0.2356	0.2261	0.039	-0.202	-0.1646	0.2187	0.2941	0.1394	-0.0451	0.0528	0.0405	-0.0092	-0.0606	0.1235	0.2298	0.1438	0.24	-0.1412	-0.0369	0.2854	0.2073	0.0628	-0.0704	0.3954	0.0653	0.3009	0.7151	0.3908	0.57	0.4005	0.3001	0.2114	0.4968	0.0259	0.4458	-0.0537	0.3447	0.1462	0.1701	0.0404	0.3577	0.5134	0.0502	0.0745	0.276	0.0922	0.1704	0.5441	0.2902	0.0868	0.3334	0.1012	0.3738	0.3941	0.3138	0.1025	-0.2752	-0.1283	0.1201	-0.1235	0.0386	-0.2092	-0.0471	0.2614	0.024	0.12	0.4705	-0.0921	-0.0293	-0.08	-0.3086	-0.0675	-0.1796	0.0834	-0.1265	0.1321	-0.1501	-0.5203	-0.1276	0.0655	-0.0248	-0.1096	-0.0875	0.0666	-0.2475	0.2671	-0.2508	-0.2047	-0.4453	0.0256	-0.2044	0.4449	-0.0902	-0.0069	-0.2534	0.7275	0.517	1.0	0.0429	-0.007	-0.0423	-0.1209	0.3964	-0.2529	0.1277	0.232	0.1493	-0.2527	0.1256	0.0828	0.3771	-0.0437	-0.0051	0.017	-0.131	-0.0203	0.2421	0.1461	0.1843	0.1074	0.1276	0.2057	0.1657	0.1693	-0.0281	0.0768	0.3502	-0.2593	0.0824	0.1768	0.2844	-0.2086	0.3001	-0.0238	0.2067	0.2752	0.361	0.0614	0.4762	0.2582	0.2179	0.1175	0.085	-0.12	-0.0634	0.2886	0.4533	0.3683	0.1953	0.2242	0.078	0.1056	0.4811	0.1638	0.0397	0.1546	-0.2131	0.3436	0.1418	0.5347	-0.0437	-0.2239	0.039	-0.2204	-0.2203	-0.2618	-0.2124	0.0165	0.0597	-0.0178	-0.0391	-0.4433	0.3515	0.0793	-0.1221	0.0305	-0.3656	0.1798	-0.4247	-0.5642	-0.0197	-0.1898	0.2154	-0.4588	-0.3934	-0.2356	0.1014	-0.0047	0.1153	-0.5181	-0.4558	0.0718	-0.2925	0.5176	-0.0107	-0.0188
RH_Vis_3	0.3632	0.6561	0.3245	-0.0024	0.3102	0.0199	0.1083	0.512	0.6308	0.0474	0.4422	0.1771	0.3498	0.6663	0.1965	0.2534	0.2082	0.1196	-0.1792	0.2317	0.3543	0.2051	-0.2496	-0.0204	0.0646	-0.2155	0.0176	-0.277	-0.1575	0.1911	-0.0106	-0.2479	-0.015	-0.0948	-0.1858	-0.5935	-0.2094	0.3861	-0.262	0.0179	-0.0449	-0.5342	-0.6069	0.002	-0.1692	-0.0718	0.2727	-0.2736	0.1145	-0.0408	0.0918	-0.1245	0.1601	-0.2386	0.1011	0.1302	0.1661	-0.0229	0.2031	0.3218	-0.2475	-0.6534	-0.6567	-0.499	-0.1859	-0.5013	-0.2625	-0.3746	-0.4409	-0.6069	-0.1542	-0.1997	0.0477	0.1307	-0.2199	0.1998	0.2522	0.0609	0.0241	-0.5416	0.2307	-0.4028	-0.0834	-0.1847	0.1771	-0.0356	0.0427	0.0279	-0.0403	0.1682	0.0383	-0.3366	-0.3269	-0.4107	-0.0626	-0.4289	-0.3532	-0.5423	-0.4038	0.0261	0.4211	0.0429	1.0	0.3273	0.6584	0.4743	0.1036	0.6132	0.0595	-0.0124	0.6661	0.5188	0.0276	0.4011	0.2998	0.066	-0.0062	0.1383	0.0513	0.1546	0.1921	0.222	0.4854	-0.1375	0.5859	0.0686	-0.195	0.0458	-0.2242	0.0191	0.0142	0.1475	-0.0219	0.2362	0.3794	0.5216	-0.0475	-0.2736	-0.0794	-0.1557	0.1735	0.2339	-0.1737	0.0445	0.009	-0.2566	0.1291	0.5212	0.3502	0.2051	0.143	0.1142	0.3012	-0.4249	0.393	0.2831	0.3788	0.3284	-0.2502	0.1197	-0.12	0.2953	0.2723	0.1394	0.1396	-0.3366	-0.3481	-0.3438	-0.4453	-0.3702	-0.4912	0.0597	-0.2803	0.3312	-0.0927	-0.3109	-0.1959	0.0164	0.0226	0.1398	-0.1698	-0.3731	0.1954	-0.2291	0.3328	-0.0922	0.0835	0.0139	0.5758	0.3128	-0.2175	-0.1294	0.0029	-0.0746	0.3004	-0.0033	-0.2351	-0.3208	-0.3091	-0.1401
RH_Vis_4	0.3033	0.5195	0.1345	0.5132	0.205	0.0793	0.4358	0.2865	0.3994	0.5563	0.1455	0.4059	0.5757	0.4495	0.0099	-0.0569	-0.0094	0.0142	-0.0416	-0.0025	0.2818	0.2404	-0.0167	-0.049	0.0417	-0.0579	0.1905	-0.0277	0.1842	0.0404	0.1707	0.0073	0.2276	-0.0044	-0.0665	-0.082	0.0039	0.2961	-0.0549	0.1356	-0.063	-0.3147	-0.2282	-0.0759	0.0989	0.0735	0.2173	0.1356	0.2586	0.0408	0.1398	0.1159	0.2909	0.0157	-0.0845	0.0392	-0.0261	-0.2215	0.194	0.071	-0.0757	-0.259	-0.1605	-0.1536	-0.2398	-0.2084	-0.0655	-0.1913	-0.3905	-0.2057	-0.0243	-0.0595	-0.1624	-0.1691	-0.2606	-0.2209	-0.0858	-0.2448	-0.0563	-0.1364	-0.015	-0.3751	-0.1951	-0.2616	-0.0105	-0.3675	-0.1139	-0.1459	-0.1351	0.0478	-0.1709	-0.2323	-0.2349	-0.3297	-0.293	-0.2898	-0.1844	-0.328	-0.077	-0.0005	0.3656	-0.007	0.3273	1.0	0.2113	0.2428	0.1408	0.1133	0.5313	0.378	0.1438	0.3946	0.5025	0.5511	0.3059	-0.1521	-0.3685	0.0202	0.0358	0.0978	0.0121	-0.1032	0.2701	0.2114	0.2401	0.197	0.1044	-0.1258	0.1115	0.1843	-0.0316	0.3751	-0.0648	0.0147	0.4172	0.4808	0.0486	-0.013	0.0801	0.0253	0.2357	0.1895	0.0732	0.122	0.2218	-0.3496	0.265	0.4063	0.2402	0.1278	0.2986	-0.0087	-0.0735	-0.0535	0.1457	0.2584	0.3973	0.1638	0.0521	0.069	-0.0717	0.2012	0.0916	0.1465	0.2981	-0.1018	0.0137	0.0041	0.0247	-0.0727	-0.1965	0.1267	0.0096	0.1654	-0.0957	-0.2143	0.0673	-0.2051	-0.1031	-0.0712	-0.31	0.0276	0.1612	-0.1699	0.1133	-0.0424	-0.0555	0.0106	0.0119	0.1136	-0.1618	-0.1179	0.079	-0.1055	-0.1413	-0.1265	-0.3921	-0.0685	-0.0458	0.1192
RH_Vis_5	0.4085	0.614	0.7238	-0.0347	0.4526	0.0922	0.0803	0.7701	0.6772	0.0414	0.7009	-0.0258	0.1777	0.6005	0.1822	0.3113	0.1438	0.2033	-0.175	0.1112	0.4057	0.2326	-0.0707	-0.0616	0.252	0.0109	0.1297	-0.1928	-0.0716	0.237	0.0374	-0.1336	-0.1152	0.2298	0.0934	-0.4919	-0.2578	0.3291	-0.4422	-0.0229	-0.2364	-0.5653	-0.5788	0.2272	0.0781	0.0277	0.2754	-0.2438	0.2281	-0.1018	0.0232	-0.0732	0.0647	-0.2195	0.0346	-0.1043	0.1398	-0.1413	0.217	0.095	-0.3636	-0.5768	-0.5273	-0.5347	-0.292	-0.4102	-0.2849	-0.3511	-0.5077	-0.6132	-0.1834	-0.1378	-0.0857	0.0684	-0.2611	0.1037	-0.1105	-0.1018	-0.0482	-0.6281	0.0415	-0.3109	0.0426	-0.2151	0.0768	0.0494	-0.0354	0.0456	-0.032	0.2869	-0.0687	-0.265	-0.2692	-0.4522	-0.1048	-0.4421	-0.2201	-0.4751	-0.3009	-0.1105	0.2894	-0.0423	0.6584	0.2113	1.0	0.2288	-0.002	0.6308	0.0727	-0.0463	0.7872	0.4128	0.0249	0.2334	0.2009	0.0379	-0.0474	0.062	0.0916	0.1479	0.3435	0.1046	0.5323	-0.0995	0.602	0.0915	-0.2328	0.0575	-0.1472	0.2409	0.1714	0.2797	0.2079	0.2632	0.5455	0.598	0.1769	-0.1387	0.187	-0.1838	0.2942	0.3707	-0.2808	0.136	-0.0179	-0.29	0.2077	0.4823	0.4422	0.3566	0.1383	0.1071	0.3104	-0.2945	0.4575	0.3199	0.2492	0.2183	-0.2833	-0.1118	-0.0377	0.2107	0.0437	0.012	0.1135	-0.4304	-0.4856	-0.5077	-0.3452	-0.418	-0.3386	0.1153	-0.399	0.3673	-0.0504	-0.2869	-0.2209	-0.0073	-0.0121	0.3012	-0.1708	-0.4554	0.1183	-0.1832	0.4585	-0.1972	0.0913	-0.0387	0.3958	0.2918	-0.2821	-0.0139	0.2072	-0.1803	0.2445	-0.2205	-0.198	-0.3444	-0.272	-0.1003
RH_Vis_6	0.0863	0.4574	-0.0066	0.1318	0.6319	-0.0641	0.5989	0.3375	0.4777	0.1254	0.0219	0.14	0.3427	0.4766	0.3271	0.262	0.2084	-0.0154	-0.1606	0.1331	-0.0398	0.0583	-0.3068	0.1276	0.1809	-0.2135	0.2279	-0.3341	0.0027	0.3919	0.0311	-0.2608	0.0683	-0.323	-0.2918	-0.3191	-0.1812	0.4382	-0.2168	0.2038	-0.4446	-0.4215	-0.5238	0.2192	-0.4036	-0.3592	0.1803	-0.4409	-0.0083	-0.4376	-0.1895	-0.3597	0.0164	-0.3175	0.1503	0.2065	-0.0306	-0.1758	-0.0744	0.0491	-0.2152	-0.0384	-0.3828	0.0831	0.0324	-0.1283	-0.4183	-0.1335	-0.131	-0.4077	0.0659	0.0374	0.1245	-0.2484	0.0415	-0.1298	-0.0594	-0.1136	-0.0718	-0.0808	-0.1715	-0.0337	-0.2882	0.0172	-0.1666	-0.0778	-0.3641	-0.073	-0.1338	-0.1659	-0.0696	-0.3118	-0.2239	-0.259	-0.2824	-0.1337	-0.0025	-0.0326	-0.255	-0.0201	0.2536	-0.1209	0.4743	0.2428	0.2288	1.0	-0.0082	0.6959	0.2222	0.158	0.1785	0.4077	0.2396	0.3607	0.2639	0.0455	0.0881	-0.0417	-0.0163	0.0256	-0.1903	-0.1063	0.4625	-0.2603	0.3343	-0.1462	-0.0815	-0.0033	-0.3828	0.1082	-0.2393	0.0071	0.0072	0.1894	0.1127	0.5095	-0.3027	-0.1946	-0.1446	0.0456	-0.0449	0.158	-0.1064	-0.0564	-0.0901	-0.367	0.0071	0.5382	0.49	-0.0833	0.0679	0.0565	0.0937	-0.4279	0.0059	-0.0356	0.3675	-0.0607	-0.0126	0.2232	-0.1051	0.0324	0.2147	0.1619	0.0858	-0.0754	0.0334	0.0947	-0.3698	-0.0527	-0.2188	0.1892	0.0914	0.0948	-0.3197	-0.0498	0.0723	0.0215	-0.1515	0.0649	-0.3729	-0.0223	0.1592	0.043	-0.0498	0.1361	0.023	0.0573	0.2456	-0.0538	0.0025	0.2418	-0.0661	-0.0473	0.0236	-0.0047	-0.1764	-0.0761	0.085	0.1259
RH_Vis_7	0.1315	-0.0717	-0.0014	0.1195	0.0635	0.134	0.165	-0.079	0.1586	0.2355	0.0839	0.2732	0.0904	0.146	-0.0701	-0.1482	-0.1215	0.0128	0.2738	-0.1332	-0.1145	0.126	-0.0189	0.0024	-0.0464	0.0531	-0.0804	0.088	-0.0616	0.0239	0.3104	0.121	0.2346	0.2194	0.0502	-0.0708	0.1739	-0.0196	0.1876	0.0032	0.1124	-0.0152	-0.0602	-0.1271	0.2465	0.2632	0.1141	0.1683	0.075	-0.1558	0.0065	0.4279	0.2945	-0.03	0.3089	0.0405	0.0161	0.1451	0.1383	0.119	-0.268	-0.1921	-0.1331	-0.1155	-0.0528	-0.172	0.043	-0.091	-0.1775	-0.0075	0.2098	-0.0804	-0.0302	-0.1608	-0.1945	-0.08	-0.0959	-0.1527	-0.1591	0.0799	-0.222	-0.2772	-0.0765	0.0944	0.0228	0.0332	-0.1612	0.246	-0.1263	0.1687	-0.1121	-0.1231	-0.2599	0.0297	-0.1209	0.2236	-0.0383	0.0432	-0.0918	0.4466	0.3657	0.3964	0.1036	0.1408	-0.002	-0.0082	1.0	0.0215	0.1492	0.2017	0.0653	-0.0679	0.1661	-0.0055	0.1006	-0.2552	-0.1961	-0.0075	0.0779	-0.0263	0.1887	-0.171	-0.0059	0.1988	0.1096	0.0793	0.1526	0.0926	0.0817	0.0389	0.1141	-0.0905	-0.1944	-0.033	0.1255	0.0264	0.2763	-0.063	0.2092	-0.0079	0.1403	0.0113	0.2505	0.088	0.0563	0.0976	-0.1079	-0.1486	-0.0281	0.2599	0.1582	0.073	0.0869	0.0373	0.1121	0.2262	0.3133	0.0414	0.0209	0.1353	0.0425	0.2317	0.1509	0.367	-0.0156	-0.154	-0.0035	-0.0555	-0.014	-0.1095	0.0538	-0.1416	-0.0571	0.0775	0.0782	-0.1828	0.1036	0.0115	0.0584	0.2867	-0.1225	0.165	-0.0189	-0.2064	0.0066	0.018	0.0148	-0.0972	-0.2056	-0.1698	0.1829	0.0839	0.2292	-0.115	-0.1582	0.1241	-0.0839	0.2684	-0.0096	0.0199
RH_Vis_8	0.1448	0.5653	0.1771	-0.0412	0.8093	-0.1781	0.3062	0.6372	0.7678	-0.0602	0.2743	-0.1068	0.1838	0.49	0.234	0.3973	0.2636	0.1038	-0.1918	0.0159	0.0182	0.1972	-0.1845	0.157	0.2386	-0.0711	0.1385	-0.4302	0.0293	0.3554	-0.1997	-0.4071	-0.3069	-0.1751	-0.2734	-0.6395	-0.4588	0.3378	-0.4561	0.1124	-0.3957	-0.5915	-0.6957	0.2851	-0.2529	-0.3317	0.2972	-0.3539	-0.0144	-0.3072	-0.0195	-0.2659	0.0325	-0.286	-0.0126	-0.0434	-0.1385	-0.1809	-0.1008	0.0338	-0.2427	-0.4138	-0.5889	-0.3371	-0.1011	-0.2891	-0.1895	-0.3147	-0.3185	-0.6963	-0.2075	-0.0628	0.1191	0.0294	-0.086	0.1264	0.0582	-0.0379	0.1672	-0.4754	0.0274	-0.0438	0.0729	-0.0013	0.1014	0.1499	-0.0987	0.1289	0.1052	0.1401	0.1437	-0.2054	-0.168	-0.2851	-0.0383	-0.3564	-0.0153	-0.1816	-0.1435	-0.2433	0.0926	-0.2529	0.6132	0.1133	0.6308	0.6959	0.0215	1.0	0.0143	-0.0478	0.4815	0.4766	-0.0471	0.1786	0.0605	0.1428	0.1528	-0.017	0.096	0.1183	0.1218	-0.1215	0.496	-0.1753	0.4854	-0.0985	-0.0635	0.0664	-0.1994	0.1775	-0.1886	0.2076	0.1836	0.1898	0.0613	0.5656	-0.1757	-0.3306	-0.058	-0.2566	-0.0587	0.1189	-0.3529	-0.0031	-0.2061	-0.3173	-0.0321	0.59	0.5385	0.0546	-0.2017	-0.0306	0.2844	-0.5388	0.3312	0.159	0.2244	0.0846	-0.2842	0.0565	-0.0252	0.0257	0.0874	-0.0444	0.039	-0.3203	-0.3967	-0.3459	-0.3293	-0.336	-0.2527	0.0846	-0.367	0.3579	-0.1541	-0.1768	-0.2187	0.0427	-0.0117	0.2557	-0.1549	-0.4222	0.2331	-0.0595	0.2265	-0.097	0.1161	0.0924	0.5837	0.1387	-0.1511	0.2015	0.0632	0.0383	0.4348	-0.0358	-0.007	-0.2603	-0.1345	-0.0834
RH_Vis_9	0.4041	0.2013	0.1657	0.762	0.1652	0.1854	0.6407	0.238	0.2293	0.7666	0.1684	0.5266	0.6559	0.3767	0.0399	-0.0655	0.1478	-0.0987	0.0541	-0.1558	0.1406	0.0857	-0.0391	-0.1678	-0.0655	-0.2012	0.1044	0.0151	-0.0077	0.0402	0.3312	0.276	0.3936	0.0942	0.1554	0.2004	0.1062	0.2229	-0.0817	0.0753	-0.0627	-0.182	-0.0805	0.0167	0.0986	0.3487	0.3208	-0.0947	0.3782	-0.1857	0.0042	0.0789	0.1736	-0.3147	0.0374	0.1418	0.1009	-0.1418	0.0628	-0.035	-0.1116	0.0987	0.0883	0.0897	-0.0389	-0.1332	-0.1136	-0.0295	-0.2564	-0.0524	0.434	0.1379	0.0158	-0.429	-0.3273	-0.4124	-0.182	-0.454	-0.1825	0.0323	-0.2652	-0.3618	-0.2835	-0.3545	-0.4275	-0.4796	-0.4571	-0.4293	-0.4629	-0.1099	-0.4138	-0.3082	-0.3234	-0.2301	-0.5891	0.0372	0.0624	0.0172	0.0701	0.1245	0.2199	0.1277	0.0595	0.5313	0.0727	0.2222	0.1492	0.0143	1.0	0.6635	-0.0167	0.4175	0.5801	0.5427	0.2534	-0.0184	-0.2886	0.1438	-0.0745	0.1519	0.2075	-0.0843	0.3874	0.1469	0.214	0.2729	-0.0318	-0.1948	0.0466	0.3563	0.1813	0.1884	-0.1048	-0.0269	0.3846	0.4526	0.0326	0.2054	0.1822	0.2874	0.2734	0.1492	0.118	0.2409	0.2301	-0.4055	0.3859	0.3679	0.2359	0.3369	0.4338	0.2511	0.1407	0.0802	0.205	0.2392	0.3545	0.0427	0.2079	0.2451	-0.2459	0.1292	0.1	0.1677	0.4018	0.0565	0.2006	0.1796	0.0205	0.0571	-0.1811	0.3351	0.268	0.0943	-0.2253	-0.0268	0.4307	0.0862	-0.0374	0.1306	-0.2907	0.083	0.1417	-0.1238	-0.1541	0.0461	-0.0642	0.0426	-0.1143	0.0354	-0.1421	0.0048	0.12	-0.2566	-0.321	-0.1794	-0.413	0.0715	0.15	0.3192
RH_Vis_10	0.2644	0.1302	-0.0216	0.6369	0.0745	0.2723	0.4441	0.0872	0.0373	0.7747	0.0084	0.4083	0.4594	0.2342	-0.1209	-0.1631	-0.0324	-0.0847	-0.0378	-0.1258	0.237	0.0494	-0.168	-0.1014	-0.2734	-0.106	-0.1244	0.1032	-0.2215	-0.0402	0.3598	0.0668	0.3328	0.0746	0.1013	0.2108	0.1548	0.1238	0.1392	-0.1308	0.1285	-0.0761	-0.0316	-0.0958	0.0954	0.2595	0.3227	0.0257	0.2874	-0.0182	0.0444	0.3624	0.1473	-0.113	-0.1154	-0.0983	0.0045	-0.0234	0.1682	-0.0948	-0.1641	-0.0509	0.1379	-0.0825	-0.2644	-0.3043	0.1352	-0.1683	-0.2641	-0.1016	0.5224	-0.072	-0.099	-0.3673	-0.4148	-0.2011	-0.1152	-0.347	-0.007	0.1003	-0.0557	-0.4275	-0.0742	-0.2272	-0.3297	-0.4065	-0.3675	-0.2842	-0.3447	0.0725	-0.2898	-0.2401	-0.4417	-0.1674	-0.4513	0.3091	0.1956	-0.0774	0.1992	0.2039	0.1315	0.232	-0.0124	0.378	-0.0463	0.158	0.2017	-0.0478	0.6635	1.0	-0.0592	0.1507	0.5635	0.527	0.2736	-0.1551	-0.4437	0.1054	-0.1571	0.182	0.171	-0.0659	0.402	0.24	0.2456	0.0407	0.0303	-0.3963	0.1374	0.1784	0.1694	-0.0868	-0.3243	-0.2335	0.2371	0.3731	-0.0135	0.198	0.0795	0.3414	0.2724	0.0332	0.3282	-0.0547	0.2157	-0.1347	0.3095	0.2015	0.0504	0.1956	0.3846	0.3975	0.0712	0.1801	0.1857	0.3529	0.2938	0.2082	0.0712	0.1267	-0.0806	0.1206	0.1326	0.3223	0.2922	0.0278	0.2727	0.1238	0.1361	-0.1469	0.0761	0.1283	0.2759	0.1272	-0.2156	-0.072	0.6273	0.1494	-0.0117	0.2226	-0.207	0.3215	0.2284	-0.2242	-0.1916	0.0614	0.1628	0.0748	-0.1745	0.0229	-0.0016	0.1307	0.0633	-0.166	-0.2088	-0.0589	-0.0595	0.4668	0.3761	0.4404
RH_Vis_11	0.4833	0.4442	0.6132	-0.1971	0.2157	-0.0369	0.0354	0.5752	0.5402	0.0247	0.8271	0.0343	0.1141	0.6677	-0.0255	0.0555	-0.062	0.0723	-0.2256	0.0757	0.4081	0.1357	-0.0867	-0.2137	0.2743	-0.0448	0.112	-0.019	-0.0852	0.1094	0.1068	0.0981	0.1688	0.3138	0.2605	-0.2194	0.1327	0.4998	-0.1804	0.1665	-0.147	-0.3894	-0.3151	-0.0188	0.1644	0.1196	0.1125	-0.2788	0.1223	-0.0075	0.0687	-0.0806	-0.0069	-0.1803	0.0647	-0.0038	0.2913	-0.0757	0.3577	0.1556	-0.2591	-0.5563	-0.3719	-0.5574	-0.3618	-0.5007	-0.2647	-0.3234	-0.4534	-0.5488	-0.0764	-0.1044	0.0287	0.1688	-0.4407	0.111	-0.0781	-0.1132	-0.0417	-0.5502	0.1573	-0.5148	-0.1263	-0.1939	0.0435	-0.0299	-0.0216	-0.0546	-0.1857	0.1076	-0.1596	-0.4156	-0.4016	-0.519	-0.1558	-0.2768	-0.2237	-0.6239	-0.2598	0.055	0.2143	0.1493	0.6661	0.1438	0.7872	0.1785	0.0653	0.4815	-0.0167	-0.0592	1.0	0.3611	-0.0272	0.2407	0.5603	-0.1769	-0.1142	0.0065	-0.1348	0.063	0.2001	0.0901	0.3731	-0.0703	0.4437	-0.0418	-0.2986	-0.0394	-0.1508	0.1434	0.3375	0.1095	0.1302	0.2068	0.5139	0.4312	0.328	0.116	0.2475	0.0168	0.543	0.674	0.0107	0.3874	0.152	-0.091	0.2593	0.341	0.1544	0.3363	0.2532	0.2449	0.1992	-0.2508	0.2904	0.18	0.2262	0.1354	-0.2238	-0.0756	0.0078	0.395	0.238	0.1771	0.2454	-0.2989	-0.3153	-0.4364	-0.5139	-0.4374	-0.4702	0.16	-0.2972	0.3334	0.0549	-0.3763	-0.0869	0.1009	0.1241	0.1415	-0.1558	-0.2718	0.0559	-0.3168	0.4968	-0.2835	0.0085	-0.1396	0.3201	0.2419	-0.391	-0.1654	0.186	-0.2664	0.0797	-0.1698	-0.2933	-0.152	-0.2541	-0.0624
RH_Vis_12	0.3436	0.4116	0.1443	0.2496	0.3334	0.0162	0.4194	0.4922	0.6126	0.2199	0.1198	0.1681	0.7221	0.6221	0.146	0.0954	0.1886	-0.1308	-0.3631	-0.0571	0.1303	-0.0219	-0.1728	-0.3072	-0.1211	-0.2942	0.1063	-0.4413	-0.1003	-0.1812	-0.1633	-0.1848	-0.07	-0.2671	-0.1774	-0.2812	-0.2465	0.3722	-0.3414	0.0824	-0.1477	-0.3043	-0.4067	-0.029	-0.3347	-0.1924	0.2055	-0.0522	0.042	-0.1644	0.1887	-0.2891	-0.0166	-0.2673	-0.0363	0.1895	-0.1002	-0.2515	-0.0166	-0.0242	0.0564	-0.1874	-0.3068	-0.0602	0.0088	-0.1848	-0.1217	-0.1002	-0.3289	-0.3598	0.0224	0.0868	0.1937	-0.0625	-0.0851	-0.1232	0.171	-0.0927	-0.0786	-0.3681	0.131	-0.1417	-0.0829	-0.3282	-0.1624	0.1085	-0.0554	-0.2147	-0.0395	0.1312	-0.0224	-0.2365	-0.0016	-0.25	-0.082	-0.4346	-0.1412	-0.2351	-0.1507	-0.268	0.1163	-0.2527	0.5188	0.3946	0.4128	0.4077	-0.0679	0.4766	0.4175	0.1507	0.3611	1.0	0.2057	0.592	0.1841	0.024	-0.1027	-0.0894	-0.1106	-0.0086	-0.0428	-0.0055	0.3319	-0.2911	0.2451	-0.082	-0.3819	-0.1871	-0.1795	0.0071	-0.171	0.128	-0.0204	0.0718	0.1188	0.5087	-0.2793	-0.1515	-0.2003	-0.0196	-0.0392	0.2263	-0.288	0.0151	-0.246	-0.4364	0.0318	0.5737	0.4301	-0.0241	-0.1091	-0.0283	0.0748	-0.265	0.0803	0.0071	0.1278	-0.047	-0.0323	-0.0762	-0.1379	0.0811	0.1116	-0.0849	0.1059	-0.0912	-0.2065	-0.1441	-0.2409	-0.0768	-0.2876	0.1047	-0.2349	0.3423	-0.0223	-0.1686	-0.0848	0.0866	0.2009	0.2289	-0.1697	-0.4055	0.1826	0.0328	0.0908	-0.1937	-0.1694	-0.0366	0.4509	0.1348	-0.4692	0.0446	0.1494	-0.1033	0.1391	-0.0984	-0.3116	-0.4257	-0.197	-0.0155
RH_Vis_13	0.312	0.1173	0.0214	0.5583	0.1069	0.2961	0.5349	0.2346	0.1389	0.7747	0.046	0.7027	0.5951	0.4075	-0.0759	-0.1541	-0.0577	-0.0839	0.029	0.07	0.3604	0.153	-0.1794	-0.175	-0.1466	-0.0559	0.1192	-0.0423	-0.2475	-0.035	0.2407	0.099	0.3828	-0.0136	0.0605	0.1741	0.241	0.3797	0.0987	-0.2001	0.068	-0.1465	-0.0245	0.0129	0.0907	0.1232	0.3227	0.0557	0.3364	0.0409	-0.0775	0.1472	0.1417	-0.0208	0.1014	0.0748	-0.0912	-0.1569	0.2844	0.0201	-0.1798	-0.0101	0.0393	0.0087	-0.3212	-0.2788	-0.2634	-0.1828	-0.3381	-0.1335	0.5176	0.1401	-0.2479	-0.4464	-0.3874	-0.3271	-0.3018	-0.2408	-0.0514	0.1278	-0.0973	-0.3666	-0.1783	-0.2239	-0.4116	-0.3257	-0.361	-0.2527	-0.4134	-0.0388	-0.436	-0.5077	-0.403	-0.3676	-0.49	0.286	0.2489	-0.1131	0.0338	0.1938	0.3464	0.1256	0.0276	0.5025	0.0249	0.2396	0.1661	-0.0471	0.5801	0.5635	-0.0272	0.2057	1.0	0.6322	0.4024	-0.1851	-0.1579	0.0818	-0.2187	-0.0138	0.0282	-0.0529	0.3888	0.0776	0.2054	0.0712	-0.1704	-0.433	-0.0361	0.1253	0.0327	-0.0532	-0.2396	-0.1747	0.2793	0.4421	-0.0673	0.124	-0.0187	0.3836	0.3257	0.2187	0.3138	-0.1424	0.2061	-0.3023	0.0734	0.2497	0.1537	0.1139	0.3594	0.2571	-0.1375	0.0409	-0.0402	0.0787	0.4404	0.055	0.2759	-0.0476	0.0183	0.2851	0.1862	0.2614	0.2468	-0.0365	0.2701	0.0499	0.076	-0.1736	-0.0305	-0.0986	0.18	0.0607	-0.2356	-0.1168	0.6393	0.1407	0.0717	0.1318	-0.5048	0.2993	0.1518	-0.1519	-0.0918	-0.0112	0.1026	-0.106	-0.1547	-0.1238	-0.0825	0.1245	0.1878	-0.3144	-0.48	-0.1541	-0.2885	0.3751	0.3954	0.462
RH_Vis_14	0.4856	0.3147	0.0359	0.4769	0.174	0.159	0.5065	0.3767	0.3991	0.6027	0.1462	0.5797	0.8472	0.7017	0.1297	-0.0139	0.1286	-0.1133	-0.1862	0.1145	0.3836	-0.0015	-0.3282	-0.1121	-0.1206	-0.2391	0.1288	-0.2481	-0.2022	-0.0873	0.023	-0.0031	0.3694	-0.2593	-0.1874	-0.0215	0.1662	0.4956	0.1124	-0.0225	0.0573	-0.2208	-0.2743	-0.0649	-0.1308	0.0607	0.3452	-0.0628	0.2223	-0.1439	0.1729	-0.024	0.2599	-0.2059	-0.0669	0.0501	-0.1767	-0.3089	0.2326	0.08	0.0464	-0.1859	-0.1655	-0.1416	-0.1671	-0.371	-0.2029	-0.1727	-0.5596	-0.3514	0.4882	0.2595	-0.25	-0.3745	-0.3509	-0.3351	-0.0648	-0.3271	-0.2364	-0.0197	0.0629	-0.4861	-0.2797	-0.3888	-0.4158	-0.3029	-0.3479	-0.4065	-0.3859	0.0518	-0.3882	-0.5259	-0.3825	-0.3366	-0.4311	-0.1247	-0.0477	-0.3436	-0.0686	0.0182	0.3147	0.0828	0.4011	0.5511	0.2334	0.3607	-0.0055	0.1786	0.5427	0.527	0.2407	0.592	0.6322	1.0	0.6031	-0.0661	-0.2336	0.0825	-0.1781	0.0115	0.0162	0.1114	0.4892	-0.1182	0.4062	0.0063	-0.3082	-0.4081	-0.1341	-0.0105	-0.1036	0.0105	-0.2711	-0.0879	0.3153	0.6668	-0.216	0.0634	-0.2534	0.4833	0.262	0.2605	0.3346	-0.0259	0.1427	-0.1991	0.2598	0.5626	0.4165	0.101	0.3164	0.3472	0.0758	-0.0686	0.0456	0.0244	0.5833	0.1825	0.0642	0.0002	-0.0968	0.1991	0.213	0.1654	0.4498	0.0469	0.1745	-0.0022	-0.0707	-0.1433	-0.0868	0.2162	0.0921	0.4317	-0.0686	-0.2167	0.4728	0.2094	0.0722	0.124	-0.3898	0.1758	0.3162	-0.0852	-0.175	-0.1433	-0.0582	-0.0714	0.0638	0.0509	-0.2998	0.0532	0.2418	-0.2854	-0.2218	0.1162	-0.2532	0.0593	0.1662	0.4388
RH_Vis_15	0.5245	0.1518	0.2713	0.0929	0.061	-0.0209	0.4041	0.2325	0.2763	0.3908	0.5546	0.3564	0.3479	0.634	-0.0361	-0.1486	-0.1737	-0.2024	-0.061	0.0651	0.3197	-0.0336	-0.2406	-0.1778	0.1753	-0.089	0.2075	0.1654	-0.0739	-0.0493	0.2664	0.4319	0.6959	0.1459	0.2312	0.3223	0.6715	0.6752	0.3983	0.2327	-0.0068	-0.026	0.0417	-0.2051	0.1971	0.2546	0.043	-0.255	0.1034	-0.1845	0.0804	-0.0428	0.1196	-0.2246	0.1017	0.107	0.173	-0.2057	0.4486	0.1908	0.0108	-0.0938	0.0547	-0.1796	-0.2652	-0.3878	-0.3159	-0.1805	-0.3681	-0.247	0.4262	0.2092	-0.2738	-0.2947	-0.4715	-0.3321	-0.2163	-0.3616	-0.2709	0.0932	-0.0208	-0.6433	-0.3907	-0.3158	-0.33	-0.4258	-0.4062	-0.4301	-0.6097	-0.2024	-0.5932	-0.6601	-0.5212	-0.4456	-0.5299	0.0961	-0.1216	-0.4833	-0.1501	0.2625	0.2794	0.3771	0.2998	0.3059	0.2009	0.2639	0.1006	0.0605	0.2534	0.2736	0.5603	0.1841	0.4024	0.6031	1.0	-0.3077	-0.2276	-0.018	-0.3023	-0.1204	-0.0388	0.0003	0.3023	0.0009	0.2465	-0.0518	-0.2362	-0.2177	-0.1546	0.0678	0.2732	-0.1703	-0.1656	-0.0721	0.4609	0.4358	0.2491	0.399	0.1415	0.6119	0.7279	0.7284	0.6609	0.4087	0.4848	0.1454	0.3547	0.2877	0.0869	0.2213	0.6163	0.5168	-0.0511	0.072	-0.0515	-0.1678	0.5385	0.0315	0.168	0.1072	-0.0711	0.4087	0.3832	0.3496	0.543	0.1178	0.3373	0.0696	-0.3062	-0.1224	-0.2193	0.29	0.2736	0.2562	0.054	-0.1847	0.4692	0.2625	-0.0118	-0.1428	-0.321	0.3894	0.1313	-0.2102	0.0177	-0.166	-0.1067	-0.1176	-0.1628	0.0493	-0.3191	-0.1891	0.165	-0.4476	-0.4846	0.0997	-0.3852	0.2312	0.1006	0.4083
RH_SomMot_1	0.0366	0.0234	-0.0995	0.0561	0.1546	0.1398	-0.0761	0.1068	-0.0441	-0.1303	-0.1079	-0.0914	-0.0305	-0.1322	0.5758	0.7229	0.5794	0.1158	0.1926	0.282	-0.0468	-0.0402	-0.0492	0.1079	-0.132	-0.1061	-0.0611	-0.2387	-0.0309	0.1567	-0.2877	-0.1149	-0.2614	-0.1601	-0.3009	-0.2335	-0.3093	-0.3486	-0.1456	-0.2097	-0.0586	0.054	-0.1281	0.4629	-0.0893	-0.0237	0.3564	-0.047	0.1792	-0.2092	-0.0098	-0.1345	0.0717	-0.3822	-0.032	0.1076	-0.0103	-0.0265	-0.146	0.0074	0.0764	0.0541	-0.0328	0.1549	0.335	0.136	-0.1603	0.1379	-0.0434	0.1048	-0.1504	-0.0208	-0.056	-0.0929	0.4815	-0.0679	-0.0125	0.1378	-0.123	-0.0348	-0.1253	0.2246	-0.1902	-0.0355	-0.1276	0.009	-0.0887	0.0032	0.0444	0.0272	-0.0369	0.122	0.1327	0.2363	-0.0028	-0.1769	-0.2371	0.0721	-0.2724	0.0488	-0.0797	-0.0437	0.066	-0.1521	0.0379	0.0455	-0.2552	0.1428	-0.0184	-0.1551	-0.1769	0.024	-0.1851	-0.0661	-0.3077	1.0	0.561	0.4438	0.4063	0.3393	0.3412	0.3023	0.131	-0.0811	0.1259	0.1389	-0.0667	0.0611	-0.0905	0.0257	-0.1721	0.0972	0.1473	0.1206	-0.0535	0.0457	-0.1312	-0.1051	-0.1164	-0.062	-0.2793	-0.3842	-0.2298	-0.1751	0.0329	0.0085	0.063	0.1769	0.361	0.1629	-0.1548	0.0007	0.4789	-0.0277	0.2345	0.0746	0.0471	0.0786	-0.034	0.1559	-0.1862	-0.0831	-0.1423	-0.1729	-0.0399	0.1492	-0.1158	0.0128	0.1162	0.1091	0.0579	0.1623	-0.0217	0.0298	0.0603	0.1112	-0.2213	-0.0585	-0.0428	0.0011	0.0406	-0.2661	-0.1544	0.2082	-0.1901	0.0693	0.0164	-0.0015	0.1521	0.0427	0.0927	0.03	-0.1991	-0.1229	0.1556	0.1862	0.2554	-0.2491	-0.2107	-0.2129
RH_SomMot_2	-0.0941	-0.1913	-0.0393	-0.2573	0.1299	-0.1237	-0.0876	0.0889	-0.0498	-0.3408	-0.1054	-0.0597	-0.1775	-0.0946	0.443	0.5087	0.4564	0.2546	0.2249	0.3041	-0.0096	-0.0433	-0.0012	0.2799	0.197	0.0427	0.0735	-0.2031	0.0606	0.328	-0.3326	-0.0007	-0.1764	-0.1401	-0.1723	-0.1269	-0.1389	-0.1354	-0.1391	-0.0272	-0.0739	0.073	0.0436	0.57	-0.0382	-0.1409	0.1771	-0.0693	0.0405	-0.0984	-0.1321	-0.3156	-0.2149	-0.15	-0.0135	0.1349	-0.166	0.0349	-0.3611	0.1699	0.0684	0.1994	-0.0048	0.2591	0.4116	0.2877	-0.2564	0.2655	0.13	0.1612	-0.1457	0.1413	-0.054	-0.0267	0.3925	-0.0684	-0.03	0.4198	0.0721	-0.0846	-0.1026	0.2647	-0.1612	-0.0256	-0.0145	0.1509	0.031	0.0175	0.0122	-0.0789	-0.0367	0.1166	0.2793	0.1179	0.1035	-0.0079	-0.1714	0.1719	-0.362	0.0432	-0.0962	-0.0051	-0.0062	-0.3685	-0.0474	0.0881	-0.1961	0.1528	-0.2886	-0.4437	-0.1142	-0.1027	-0.1579	-0.2336	-0.2276	0.561	1.0	0.3093	0.3265	0.1896	0.1656	0.24	0.0211	-0.1847	0.0806	0.0429	-0.1173	0.2385	-0.1612	-0.1709	-0.1294	0.1347	0.3598	0.2748	-0.3185	-0.1258	-0.1638	-0.124	-0.1617	-0.0037	-0.2522	-0.1946	-0.2348	-0.024	-0.0891	0.0428	-0.1832	-0.0143	0.305	0.0536	-0.2445	-0.07	0.3557	-0.1347	0.0476	-0.2736	-0.0061	-0.1379	0.0118	-0.1803	-0.2172	-0.2599	-0.3038	-0.2003	-0.2015	0.0901	-0.1287	-0.0441	-0.0757	0.119	-0.0365	0.0056	-0.1644	-0.0753	0.1203	0.0735	-0.2402	-0.0425	0.1869	-0.2057	-0.1017	-0.3111	-0.3763	0.2366	-0.1577	-0.1412	-0.1077	-0.1821	0.1837	-0.3206	-0.0392	-0.0403	-0.2103	-0.2218	-0.0464	0.1163	0.0106	-0.1805	-0.2837	-0.352
RH_SomMot_3	0.2936	0.2593	0.1302	0.3492	-0.0758	0.1129	0.0316	0.0675	-0.0545	0.2105	0.1946	0.37	0.1295	0.0593	0.2605	0.3284	0.5382	0.263	0.3535	0.3029	0.1875	0.069	0.0391	-0.0513	-0.0807	-0.0234	-0.0459	0.0616	0.0432	0.103	-0.2175	0.2259	0.0712	0.0049	-0.0104	0.0119	0.0468	-0.1944	0.0561	0.0361	0.0411	0.0103	0.1522	0.2481	0.2522	0.3093	0.5077	-0.0416	0.3832	-0.0534	-0.122	-0.0291	0.0801	-0.2891	-0.2138	0.0045	0.0463	-0.1033	0.0055	0.1621	0.0151	0.0115	0.0717	0.0416	0.1933	0.1087	-0.1619	-0.038	-0.2443	0.0789	0.0146	0.0599	-0.1974	-0.1977	0.0956	-0.2456	-0.0756	-0.136	-0.1621	-0.0007	-0.1242	-0.1129	-0.2122	-0.3158	-0.1828	-0.4217	-0.2414	-0.293	-0.3598	-0.2605	-0.354	-0.0334	-0.0443	-0.0978	-0.4053	-0.0038	-0.2801	-0.0965	-0.1938	0.1637	0.0015	0.017	0.1383	0.0202	0.062	-0.0417	-0.0075	-0.017	0.1438	0.1054	0.0065	-0.0894	0.0818	0.0825	-0.018	0.4438	0.3093	1.0	0.496	0.4534	0.5216	0.4874	0.0975	0.2418	0.2916	0.3573	-0.1597	0.0465	0.0737	0.0404	0.2338	0.4073	0.023	0.0751	0.2013	0.1907	0.1263	0.1934	0.1579	0.0938	0.0927	-0.0174	0.044	0.1884	0.3047	0.0308	0.2451	0.0017	0.1612	0.4831	0.2101	0.2361	0.4486	0.0961	0.4529	0.2538	0.1763	0.2417	-0.0032	-0.0053	-0.3001	0.1286	-0.0956	0.0381	0.2668	0.1876	0.1015	0.1285	-0.0358	0.1185	0.0285	0.1849	0.165	-0.0451	0.0162	0.2216	0.0346	-0.1019	-0.0601	-0.2089	-0.0451	0.0938	0.0845	0.1513	-0.0833	0.1143	-0.0759	0.1698	0.1732	0.0355	-0.05	-0.2855	-0.1933	-0.1718	-0.1568	0.1182	0.0431	-0.0503	-0.1111	-0.0259
RH_SomMot_4	-0.0222	0.2962	0.091	0.1308	0.274	0.103	0.046	0.1205	0.0936	-0.0564	-0.0605	0.0749	-0.204	-0.1621	0.341	0.4664	0.602	0.5347	0.5907	0.1148	-0.0084	0.3239	0.3721	0.1645	0.0383	0.344	0.03	0.1037	0.2962	0.2505	-0.1666	0.0275	-0.198	0.1032	-0.0286	-0.166	-0.3266	-0.3556	-0.199	0.2123	-0.1908	-0.104	-0.03	0.4769	0.4166	0.2143	0.4016	0.0357	0.3638	-0.1809	-0.1666	0.0422	0.0175	-0.1592	-0.071	0.0078	0.1028	0.064	-0.247	0.1781	-0.1549	-0.0332	-0.1386	0.0493	0.2105	0.1633	-0.1753	-0.0521	-0.0527	0.1068	-0.3047	-0.0854	-0.2028	0.0522	0.2043	-0.1039	-0.0191	-0.0292	-0.0694	-0.2212	-0.2271	-0.0022	-0.1751	-0.0729	0.0183	-0.2414	-0.1705	-0.0064	-0.074	-0.1675	-0.1103	0.1076	0.072	-0.0546	-0.1398	-0.262	-0.3464	-0.0634	-0.3282	-0.0198	-0.1421	-0.131	0.0513	0.0358	0.0916	-0.0163	0.0779	0.096	-0.0745	-0.1571	-0.1348	-0.1106	-0.2187	-0.1781	-0.3023	0.4063	0.3265	0.496	1.0	0.6667	0.5326	0.161	0.1558	0.3967	0.3585	0.4028	0.2599	0.4978	0.2646	0.1703	0.1655	0.4093	0.2992	0.1681	0.0769	0.1071	0.238	-0.0518	0.272	-0.1138	-0.0849	-0.166	-0.1826	0.2044	0.0869	0.0419	0.2188	0.0388	0.3419	0.5546	-0.0131	0.0441	0.5518	-0.0036	0.5833	0.3985	0.1148	0.3128	-0.0208	-0.0143	-0.2534	-0.1034	-0.1535	-0.1707	0.0353	0.0858	-0.1169	0.063	0.0808	0.098	-0.0506	0.1853	0.0068	-0.0881	0.0642	0.1351	-0.2874	-0.4103	-0.1942	-0.0288	-0.0072	-0.2013	-0.1681	0.168	0.062	0.0182	-0.0333	-0.0198	0.097	0.0147	-0.012	-0.2073	-0.3221	-0.1357	0.0136	-0.045	-0.0078	-0.3192	-0.4008	-0.2874
RH_SomMot_5	0.1013	0.3653	0.0383	0.1678	0.159	0.1011	0.0882	0.2472	0.0779	0.3003	0.0313	0.1997	-0.0631	0.0253	0.1342	0.3197	0.614	0.6466	0.5392	0.2139	0.366	0.4197	0.3159	-0.0684	-0.0992	0.2644	0.0091	0.0958	0.0276	0.2768	-0.0003	-0.0213	-0.157	0.2491	0.1883	-0.0986	-0.3273	-0.0991	-0.3408	0.1815	-0.1102	-0.3511	-0.1364	0.4671	0.4548	0.2661	0.6037	-0.1637	0.5347	0.0335	-0.2281	0.025	-0.074	-0.1192	-0.0851	0.1625	0.3206	0.1432	0.0739	0.3694	-0.3397	-0.2181	-0.2346	-0.2328	-0.2179	-0.2143	-0.1896	-0.3036	-0.196	-0.168	-0.0467	-0.1391	-0.0445	0.1582	-0.2008	0.1423	0.0914	-0.0425	0.2797	-0.4356	0.0237	-0.3447	-0.2146	-0.1277	-0.0647	-0.3786	-0.193	-0.1721	-0.2835	-0.2094	-0.1764	-0.1714	-0.3262	-0.4095	-0.3334	-0.0498	-0.073	-0.2334	-0.0414	-0.0144	-0.043	-0.0203	0.1546	0.0978	0.1479	0.0256	-0.0263	0.1183	0.1519	0.182	0.063	-0.0086	-0.0138	0.0115	-0.1204	0.3393	0.1896	0.4534	0.6667	1.0	0.6466	0.279	0.446	0.5132	0.5596	0.314	0.2036	0.1746	0.3714	0.4337	0.3967	0.3733	0.1833	0.0761	0.2793	0.2497	0.2911	0.0379	0.3192	0.0795	0.1592	-0.0342	-0.1699	0.1958	0.3136	-0.1576	0.4409	0.2435	0.2186	0.6423	0.1783	0.361	0.5522	-0.0946	0.7054	0.5869	0.1319	0.4808	0.1444	0.0768	-0.0924	0.167	0.136	0.1486	0.1353	-0.056	-0.0462	0.0079	0.0485	-0.1816	-0.3878	0.136	0.1019	-0.119	-0.1641	0.047	0.1402	-0.0793	0.0599	0.0412	-0.1538	-0.1656	-0.0342	-0.1014	0.3167	0.1917	0.2985	0.103	0.1677	0.2266	-0.0013	-0.3016	-0.5013	-0.2194	0.0204	-0.3755	0.0024	-0.0062	-0.0822	0.0235
RH_SomMot_6	0.2729	0.1985	0.259	0.156	0.1022	0.1892	-0.0051	0.3059	0.1726	0.3018	0.2993	0.2195	0.0013	0.0846	0.1876	0.3705	0.569	0.5536	0.508	0.2119	0.3969	0.2738	0.2468	0.0389	0.0847	0.2713	-0.0112	0.1568	0.0179	0.2497	0.1337	0.0928	-0.082	0.4097	0.2824	-0.1699	-0.173	-0.075	-0.2207	0.0587	0.0292	-0.2487	-0.1132	0.4158	0.537	0.4803	0.6421	-0.1662	0.541	-0.0438	-0.0784	0.2618	0.1368	-0.2403	0.0152	0.0188	0.2456	0.1434	0.2173	0.2625	-0.3624	-0.3324	-0.2226	-0.3653	-0.1708	-0.3347	-0.2068	-0.2625	-0.3675	-0.2429	0.0981	0.0489	-0.1184	-0.0096	-0.2898	0.0182	-0.0301	-0.0863	0.0072	-0.3627	-0.0664	-0.4525	-0.132	-0.1066	-0.1076	-0.2829	-0.2475	-0.0688	-0.3354	0.0209	-0.3003	-0.2571	-0.407	-0.2913	-0.3813	0.0396	-0.1203	-0.2098	-0.1259	0.1228	0.132	0.2421	0.1921	0.0121	0.3435	-0.1903	0.1887	0.1218	0.2075	0.171	0.2001	-0.0428	0.0282	0.0162	-0.0388	0.3412	0.1656	0.5216	0.5326	0.6466	1.0	0.349	0.4561	0.4882	0.6027	0.466	0.1608	0.2497	0.2992	0.3569	0.4374	0.2548	0.1446	0.1727	0.3902	0.2088	0.3859	-0.0421	0.4396	0.0726	0.2477	-0.0877	-0.0444	0.2768	0.2506	-0.0509	0.3714	0.2291	0.2623	0.7419	0.2487	0.4036	0.634	0.0137	0.7755	0.4978	0.3486	0.4692	-0.0294	0.0372	-0.1662	0.2451	0.1562	0.1115	0.1662	-0.1707	-0.1917	-0.2297	-0.0754	-0.2877	-0.2757	0.1207	-0.0847	0.0704	-0.1125	-0.1071	0.119	0.0673	0.1113	0.1293	-0.1818	-0.1845	-0.0669	-0.2393	0.2444	0.0692	0.2871	-0.0223	0.099	0.1346	-0.0247	-0.236	-0.1499	-0.3774	-0.0601	-0.2131	-0.0276	-0.0098	-0.1139	0.0096
RH_SomMot_7	0.0171	0.1286	0.0935	-0.0611	-0.3505	0.2916	-0.156	-0.1645	-0.1985	-0.0496	0.0505	0.1666	0.0824	0.0388	0.0546	0.076	0.3688	0.268	0.0473	0.8477	0.3507	0.0213	-0.2281	-0.0504	-0.0828	-0.2225	-0.1092	-0.1288	-0.2094	0.0966	-0.0339	-0.094	-0.1081	-0.0656	-0.1074	-0.1737	-0.0742	-0.0423	-0.126	-0.1894	0.0918	-0.1746	-0.0943	0.0192	-0.1289	0.0171	0.2261	-0.321	0.2382	0.1298	-0.3053	-0.1528	-0.1357	-0.0981	0.2759	0.2143	0.2051	0.3273	0.1756	0.4309	-0.1616	-0.1677	-0.2704	-0.1457	-0.1112	-0.1841	-0.2885	-0.1236	-0.0448	-0.0689	0.1061	0.0159	-0.0213	0.1575	0.069	0.2081	0.0953	0.2047	-0.0765	-0.1922	0.1085	-0.0905	-0.2568	0.0288	-0.0258	-0.0618	0.0622	-0.0663	-0.1167	-0.1034	-0.0306	-0.1185	-0.1912	-0.233	-0.0606	0.0385	-0.0981	-0.0456	-0.1641	0.207	0.2664	0.1461	0.222	-0.1032	0.1046	-0.1063	-0.171	-0.1215	-0.0843	-0.0659	0.0901	-0.0055	-0.0529	0.1114	0.0003	0.3023	0.24	0.4874	0.161	0.279	0.349	1.0	0.2114	-0.1198	0.4122	0.1985	-0.3104	-0.0761	-0.2491	-0.2112	0.0751	0.1329	0.0032	0.3241	0.221	-0.0398	0.0132	-0.19	-0.1272	0.0981	-0.0439	-0.1965	-0.109	-0.061	0.0488	-0.1381	0.0673	0.0185	0.0832	0.1841	0.1204	0.0492	0.3493	-0.2331	0.1309	-0.0074	0.036	0.0446	-0.0098	0.0675	0.059	0.1826	0.1983	0.0435	-0.1085	-0.1424	-0.0243	-0.0759	-0.2704	-0.15	-0.1686	-0.1201	0.0129	-0.2543	-0.2818	-0.0713	0.0553	0.186	0.0969	-0.176	-0.1983	-0.0107	-0.0594	-0.084	0.1503	0.3355	0.1441	0.0154	-0.0065	-0.0192	0.2184	-0.0704	-0.262	-0.0764	-0.0612	-0.0858	-0.0171	-0.062	0.0464	0.0428
RH_SomMot_8	0.3095	0.4344	0.2942	0.2538	0.4374	0.1778	0.3969	0.5375	0.403	0.4594	0.3315	0.3142	0.3456	0.4692	0.2406	0.2752	0.3582	0.3681	0.0274	0.2505	0.4963	0.279	-0.1132	0.0251	0.085	-0.0275	0.0446	-0.124	-0.173	0.3849	0.2028	-0.1083	0.0465	0.1006	0.0808	-0.3197	-0.206	0.33	-0.2821	-0.015	-0.1298	-0.5726	-0.5005	0.3641	0.0923	0.2071	0.5837	-0.4211	0.5139	-0.0854	-0.1108	0.0292	0.1224	-0.2434	0.1863	0.1186	0.238	0.0874	0.2246	0.2799	-0.4604	-0.4045	-0.4831	-0.3868	-0.3603	-0.5142	-0.4344	-0.3073	-0.335	-0.5737	0.2675	-0.0073	-0.0958	-0.0606	-0.4063	0.0802	0.0088	-0.063	0.0814	-0.419	0.0686	-0.5087	-0.1513	-0.1771	-0.1348	-0.216	-0.2541	-0.1384	-0.3136	0.0858	-0.2259	-0.5106	-0.582	-0.5549	-0.402	-0.0376	0.0235	-0.3151	-0.2166	0.109	0.3043	0.1843	0.4854	0.2701	0.5323	0.4625	-0.0059	0.496	0.3874	0.402	0.3731	0.3319	0.3888	0.4892	0.3023	0.131	0.0211	0.0975	0.1558	0.446	0.4561	0.2114	1.0	0.0882	0.6959	0.241	-0.0793	-0.0222	-0.1136	0.2759	0.2095	0.0007	0.043	0.2028	0.4653	0.573	-0.0121	-0.1999	0.1291	0.1864	0.3009	0.1337	0.0295	0.0829	0.1238	-0.3852	0.281	0.6821	0.5301	0.4692	0.2584	0.4285	0.489	-0.2752	0.517	0.4146	0.562	0.3192	-0.0449	0.156	-0.1368	0.2456	0.321	0.2736	0.2255	-0.341	-0.1918	-0.2927	-0.2552	-0.4811	-0.4579	0.1694	-0.0866	0.2377	-0.3579	-0.3158	0.3479	0.1405	-0.0317	0.3036	-0.4892	-0.1896	0.1094	-0.3556	0.2388	-0.0256	0.395	-0.0659	0.2595	0.1357	-0.1208	0.1097	-0.0424	-0.3851	-0.0305	-0.2666	-0.2632	0.0591	0.0217	0.2071
RH_SomMot_9	0.1361	0.0864	-0.0624	0.246	-0.0482	0.0197	0.0536	0.0709	0.0358	0.3557	0.0408	0.1932	-0.1677	-0.2536	-0.2215	-0.0151	0.1528	0.3805	0.5732	-0.1065	0.1652	0.4229	0.698	0.0247	0.1203	0.7054	0.1657	0.5522	0.252	0.0345	0.1602	0.1329	-0.0356	0.528	0.4874	0.1682	0.0008	-0.089	0.0809	0.2361	0.1518	-0.0324	0.1699	0.0685	0.6876	0.4406	0.2502	-0.0147	0.2709	0.0995	-0.0293	0.3399	0.046	0.0266	-0.2145	-0.0146	0.3124	-0.0285	0.1742	0.1951	-0.2286	-0.2129	0.0581	-0.27	-0.3061	-0.2136	0.11	-0.3188	-0.2002	-0.0605	-0.0961	-0.1276	-0.1104	0.0455	-0.3823	-0.0256	-0.1101	-0.2276	0.1473	-0.062	-0.0261	-0.4126	-0.0215	0.0189	0.0109	-0.4735	-0.2508	-0.0761	-0.2397	-0.293	-0.2066	-0.1691	-0.3149	-0.1601	-0.3496	0.1559	0.0003	-0.216	0.1531	0.0639	-0.1508	0.1074	-0.1375	0.2114	-0.0995	-0.2603	0.1988	-0.1753	0.1469	0.24	-0.0703	-0.2911	0.0776	-0.1182	0.0009	-0.0811	-0.1847	0.2418	0.3967	0.5132	0.4882	-0.1198	0.0882	1.0	0.2268	0.362	0.6044	0.2562	0.8546	0.5669	0.5413	0.2487	0.1809	-0.1806	0.1966	0.0412	0.5669	0.2216	0.6903	0.0224	0.3894	0.0791	0.1692	0.3618	0.4352	0.1266	0.4178	-0.0491	-0.2698	0.5188	0.1994	0.2952	0.1427	0.1278	0.5174	0.4861	0.1644	0.4808	0.198	0.0346	0.0455	0.1779	0.2061	0.0729	0.2465	0.0127	0.0501	0.0416	0.0879	-0.0574	-0.1694	0.1498	0.1538	-0.0683	-0.0743	0.0654	0.173	-0.2184	-0.0781	-0.1584	0.055	0.1822	-0.0225	-0.2293	0.2797	0.1042	0.2477	-0.0037	-0.1039	0.179	0.0999	-0.2772	-0.2489	-0.0306	-0.058	-0.2339	-0.0439	0.2181	0.0217	0.0533
RH_SomMot_10	0.2575	0.5581	0.3297	0.1261	0.3868	0.259	0.2772	0.5502	0.541	0.3447	0.3449	0.2723	0.2365	0.4754	0.142	0.3358	0.4433	0.4529	0.203	0.419	0.5301	0.3934	-0.0714	0.0953	0.1361	0.1258	0.1902	-0.1113	-0.1509	0.367	0.1335	-0.1786	-0.0448	0.1378	0.0112	-0.3986	-0.2456	0.3598	-0.3171	0.0208	-0.1838	-0.5827	-0.5543	0.2871	0.174	0.1113	0.5328	-0.4265	0.4083	-0.1883	-0.1728	0.0119	0.1201	-0.2806	0.1761	0.0976	0.1603	0.0473	0.2557	0.4244	-0.4927	-0.5007	-0.584	-0.4874	-0.3408	-0.5676	-0.3931	-0.4803	-0.519	-0.5863	0.1324	-0.0294	-0.1522	-0.0566	-0.359	0.0798	-0.0299	-0.1371	0.0308	-0.4953	-0.0332	-0.517	-0.1654	-0.1575	-0.1255	-0.2777	-0.3536	-0.1267	-0.3232	0.0368	-0.2423	-0.4518	-0.5563	-0.5474	-0.3799	-0.1462	-0.0874	-0.3215	-0.2208	0.0786	0.3791	0.1276	0.5859	0.2401	0.602	0.3343	0.1096	0.4854	0.214	0.2456	0.4437	0.2451	0.2054	0.4062	0.2465	0.1259	0.0806	0.2916	0.3585	0.5596	0.6027	0.4122	0.6959	0.2268	1.0	0.2524	0.0038	0.0782	0.0611	0.3507	0.2091	0.295	0.1079	0.2262	0.4796	0.6405	0.2223	-0.2011	0.1807	0.1282	0.3253	0.1504	-0.0704	0.0664	0.1664	-0.2481	0.3515	0.5132	0.4574	0.5375	0.3315	0.3759	0.5313	-0.3569	0.6527	0.4063	0.4897	0.4668	-0.0216	0.0913	-0.0601	0.2874	0.2815	0.1639	0.1878	-0.3232	-0.1541	-0.2534	-0.3427	-0.4116	-0.3823	0.107	-0.0837	0.1983	-0.2657	-0.1742	0.1726	0.0982	0.0202	0.1887	-0.3657	-0.1457	0.123	-0.233	0.2927	0.1243	0.3084	-0.0181	0.1644	0.1714	-0.0289	-0.0666	-0.0866	-0.2876	0.0264	-0.1923	-0.1275	-0.0871	0.0046	0.198
RH_SomMot_11	0.0952	0.14	0.259	0.3109	-0.0276	0.0259	0.1396	0.0726	0.0393	0.1564	0.1683	0.3675	0.0018	-0.1443	0.0521	0.1475	0.3627	0.4172	0.4409	0.0935	0.2688	0.5203	0.3905	0.1661	0.2757	0.2623	0.1112	0.3164	0.3444	0.2317	0.2449	0.2412	0.0442	0.4048	0.312	-0.0383	-0.0968	-0.1507	-0.0225	0.0176	0.2293	-0.2303	-0.036	0.096	0.4629	0.4803	0.2889	-0.0975	0.4648	0.1613	-0.0879	0.2352	0.3309	-0.0132	0.1492	0.1991	0.4138	0.252	0.2424	0.326	-0.2274	-0.1347	-0.1065	-0.1965	-0.1212	-0.119	-0.258	0.0306	-0.0292	-0.0823	0.0871	0.1794	-0.1013	0.1394	-0.2363	0.0929	0.1696	0.0334	0.0978	-0.1603	-0.0496	-0.2339	0.0003	-0.0684	0.117	-0.1948	-0.0773	-0.0254	-0.2113	-0.1145	-0.2035	-0.2779	-0.2361	-0.2711	-0.3009	0.1238	0.0625	0.0683	-0.0048	0.2152	0.0722	0.2057	0.0686	0.197	0.0915	-0.1462	0.0793	-0.0985	0.2729	0.0407	-0.0418	-0.082	0.0712	0.0063	-0.0518	0.1389	0.0429	0.3573	0.4028	0.314	0.466	0.1985	0.241	0.362	0.2524	1.0	0.2456	0.4099	0.2623	0.336	0.4217	0.3269	0.3326	0.2851	0.3113	-0.0345	0.378	-0.1492	0.4333	-0.0585	0.1911	-0.1347	0.0232	0.4097	0.2357	-0.2407	0.1693	0.2096	0.1729	0.4892	0.125	0.1919	0.2449	-0.0538	0.4456	0.4116	0.3395	0.2941	0.1072	0.1661	-0.2961	0.277	0.0894	0.1162	0.1185	-0.2724	-0.2465	-0.2188	-0.0314	-0.2179	-0.3464	0.0813	-0.0726	-0.1091	-0.2479	-0.2199	0.0787	-0.0764	-0.1136	-0.132	-0.3341	-0.2171	-0.146	-0.2972	0.2182	-0.041	0.2199	-0.0491	0.0278	-0.0729	-0.0672	-0.2505	0.035	-0.2871	-0.2586	-0.2423	-0.3351	0.0009	-0.1489	-0.1188
RH_SomMot_12	-0.1297	-0.0798	-0.1138	0.0113	0.0955	-0.0252	-0.0498	-0.1569	-0.0493	-0.0436	-0.1911	-0.0916	-0.3876	-0.3975	-0.1623	-0.0501	0.0271	0.2161	0.4613	-0.134	-0.0537	0.1839	0.5474	0.5406	0.3309	0.5549	0.0561	0.3915	0.4124	0.3601	0.3315	-0.0856	-0.1097	0.2882	0.1908	-0.0331	-0.1392	-0.2294	0.0008	0.1077	0.0455	-0.02	0.0023	0.0932	0.3771	0.0942	-0.0853	0.0785	-0.0348	0.062	-0.1008	0.4325	0.0338	0.2256	-0.0599	-0.1637	0.1857	0.1686	-0.0675	0.0296	-0.3778	-0.13	-0.0302	-0.0887	-0.0581	0.0103	0.235	-0.0511	0.2075	0.0442	-0.2175	-0.2143	0.1841	0.2075	-0.1473	0.1634	-0.0667	0.0241	0.2231	-0.0	-0.2998	-0.0312	0.1586	0.4846	0.3452	-0.1629	-0.031	0.3969	0.2292	0.0111	0.2625	0.1374	-0.1089	0.1375	0.0195	0.1482	0.166	0.1574	0.1754	0.0892	-0.0182	0.1657	-0.195	0.1044	-0.2328	-0.0815	0.1526	-0.0635	-0.0318	0.0303	-0.2986	-0.3819	-0.1704	-0.3082	-0.2362	-0.0667	-0.1173	-0.1597	0.2599	0.2036	0.1608	-0.3104	-0.0793	0.6044	0.0038	0.2456	1.0	0.5154	0.6487	0.3934	0.1298	0.0853	0.314	0.1884	-0.1356	-0.2657	0.2481	-0.1996	0.3894	-0.3185	-0.0758	-0.2745	-0.0638	0.1815	0.0389	-0.0633	0.0178	-0.2425	-0.3093	0.0768	-0.0521	-0.1396	0.0457	0.0723	0.1853	0.3093	0.0184	0.3194	0.0362	0.3102	-0.0337	-0.0737	-0.0367	-0.0742	-0.2068	-0.1886	-0.1164	-0.0537	0.1849	-0.056	-0.1278	-0.0646	-0.0202	-0.2757	-0.2808	-0.1095	-0.0635	-0.3893	-0.2151	-0.0248	-0.0102	0.0249	-0.3073	-0.339	0.0546	0.0637	0.272	-0.1864	-0.2515	-0.1113	0.3995	0.0017	-0.227	0.1898	0.0761	-0.2125	0.0139	0.2293	0.037	-0.2239
RH_SomMot_13	-0.1848	-0.0502	0.255	-0.2552	0.0822	-0.2668	-0.0902	0.0124	0.0589	-0.4265	0.0447	-0.2318	-0.4534	-0.3144	0.191	0.2772	0.2942	0.3958	0.449	-0.0156	-0.0863	0.0828	0.496	0.4746	0.5777	0.3573	0.1623	0.4005	0.5062	0.424	0.166	0.1228	-0.1361	0.3032	0.2716	-0.139	-0.0958	-0.2434	0.02	0.3162	-0.0592	0.0085	0.0687	0.3269	0.3702	0.2701	-0.1108	-0.025	0.1536	-0.0145	0.006	0.1493	0.0523	0.0972	-0.0343	-0.0767	0.262	0.1608	-0.1734	0.0852	-0.2277	-0.047	-0.1206	0.0038	0.2844	0.1959	-0.1079	0.259	0.3295	0.0853	-0.365	-0.1547	0.238	0.3277	0.0949	0.1309	0.1477	0.2634	0.0538	-0.1018	-0.1536	0.0745	0.0511	0.2291	0.3719	0.0386	0.1025	0.3197	0.2313	-0.0328	0.2028	0.2009	0.1736	0.1514	0.1038	-0.0699	-0.1662	0.1683	-0.2922	0.0893	-0.0195	0.1693	0.0458	-0.1258	0.0575	-0.0033	0.0926	0.0664	-0.1948	-0.3963	-0.0394	-0.1871	-0.433	-0.4081	-0.2177	0.0611	0.2385	0.0465	0.4978	0.1746	0.2497	-0.0761	-0.0222	0.2562	0.0782	0.4099	0.5154	1.0	0.2891	0.2117	0.2707	0.1505	0.4877	0.4728	-0.0692	-0.2709	0.3038	-0.3217	0.4093	-0.3952	-0.0753	-0.0969	-0.1704	0.4249	-0.1327	-0.0552	-0.1204	-0.094	0.0443	0.2797	-0.1522	-0.1522	0.2189	-0.0578	0.2815	0.18	0.055	0.2031	-0.2022	0.1032	-0.4476	-0.0576	-0.2137	-0.1696	-0.2575	-0.2454	-0.3761	-0.2317	-0.2564	-0.0262	-0.2724	0.0422	-0.2562	-0.1659	-0.0805	-0.1256	-0.4279	-0.4856	-0.3262	-0.1213	-0.0586	-0.2831	-0.4268	-0.1974	0.1275	-0.167	0.1175	-0.2835	0.0347	-0.2056	-0.0091	-0.1718	-0.144	-0.0219	0.0244	-0.0804	-0.2481	-0.2113	-0.4251	-0.5589
RH_SomMot_14	0.0481	-0.0673	-0.1173	0.1641	-0.1128	-0.0712	-0.0916	0.0606	0.0176	0.1675	-0.1046	0.041	-0.1854	-0.3337	-0.3068	-0.0806	0.0473	0.2909	0.4176	-0.2425	0.127	0.2842	0.7407	0.0792	0.09	0.6758	0.1569	0.4575	0.2584	-0.1037	0.0214	0.0471	-0.1938	0.4184	0.4075	0.1434	-0.0734	-0.1677	0.0769	0.1359	0.2675	0.0558	0.2017	0.0065	0.5762	0.284	0.0916	0.2104	0.0775	0.2657	0.1272	0.3456	-0.0065	0.2412	-0.4003	-0.1441	0.1353	-0.0658	0.0858	0.0871	-0.1332	-0.1799	0.0973	-0.2051	-0.2011	-0.0835	0.3479	-0.1734	-0.0638	0.0071	-0.2028	-0.1747	0.0287	0.2024	-0.3162	0.0947	0.0454	-0.0438	0.2754	-0.0528	0.0418	-0.2086	0.2165	0.0693	0.1586	-0.2513	-0.023	0.0337	0.0312	-0.1363	0.0485	0.0402	-0.0644	0.0375	-0.0953	0.1037	0.1221	-0.0821	0.3052	-0.0761	-0.2738	-0.0281	-0.2242	0.1115	-0.1472	-0.3828	0.0817	-0.1994	0.0466	0.1374	-0.1508	-0.1795	-0.0361	-0.1341	-0.1546	-0.0905	-0.1612	0.0737	0.2646	0.3714	0.2992	-0.2491	-0.1136	0.8546	0.0611	0.2623	0.6487	0.2891	1.0	0.4919	0.4078	0.2158	0.2374	-0.1772	-0.1079	-0.0716	0.3809	0.0776	0.5035	-0.1623	0.1752	-0.0141	0.0334	0.2327	0.1826	0.0749	0.1521	-0.1446	-0.3594	0.2397	-0.0876	0.0972	0.0274	0.1699	0.3563	0.4116	-0.0795	0.4629	0.1363	-0.0382	0.0465	0.0943	0.009	-0.1103	0.0403	-0.0527	-0.0871	-0.076	0.2065	-0.0435	-0.0798	-0.0343	-0.0522	-0.0486	-0.001	0.0423	0.0322	-0.305	-0.0361	-0.0865	0.1362	0.0492	-0.0712	-0.2092	0.2055	-0.0618	0.2527	-0.0813	-0.0734	0.0605	0.0412	-0.2324	-0.2026	0.1256	0.0932	-0.2033	0.0312	0.1608	0.0155	-0.0786
RH_SomMot_15	0.1302	0.1864	0.239	0.1597	0.2632	-0.0194	0.2224	0.3823	0.2475	0.3389	0.2571	0.0421	-0.0243	0.0908	-0.0195	0.2186	0.2425	0.3009	0.3746	-0.1021	0.2435	0.399	0.5335	-0.0939	0.2865	0.4525	0.4992	0.2696	0.293	0.2641	0.3466	0.1705	0.0612	0.5395	0.4986	0.0974	-0.0765	0.2749	-0.1538	0.3647	-0.0969	-0.2894	-0.1601	0.239	0.4446	0.2889	0.3173	-0.2534	0.3068	-0.0851	-0.0522	0.047	0.1392	-0.1484	0.0686	0.2675	0.4134	-0.0412	0.333	0.0822	-0.3597	-0.115	-0.096	-0.1976	-0.2505	-0.2632	-0.1454	-0.2275	-0.1804	-0.2688	0.0479	-0.0326	0.0449	-0.05	-0.3444	0.0176	-0.1319	-0.2766	0.1863	-0.1249	-0.1634	-0.3122	-0.0149	0.0144	-0.1645	-0.2973	-0.3607	-0.179	-0.3052	-0.2511	-0.2284	-0.328	-0.3778	-0.2846	-0.412	0.0696	0.13	-0.0396	0.2215	-0.0087	0.1438	0.0768	0.0191	0.1843	0.2409	0.1082	0.0389	0.1775	0.3563	0.1784	0.1434	0.0071	0.1253	-0.0105	0.0678	0.0257	-0.1709	0.0404	0.1703	0.4337	0.3569	-0.2112	0.2759	0.5669	0.3507	0.336	0.3934	0.2117	0.4919	1.0	0.443	0.3738	0.3755	0.032	0.4166	0.3104	0.4478	0.0778	0.6075	0.0212	0.424	0.2376	-0.0532	0.3282	0.2874	-0.2433	0.3739	0.2956	-0.0101	0.4272	0.2829	0.3056	0.1249	-0.1195	0.4153	0.37	0.2173	0.3845	0.3598	0.2492	0.0599	0.2854	0.272	0.2376	0.1886	-0.2204	-0.0052	-0.0385	-0.1184	-0.1551	-0.3971	0.1982	0.179	-0.0489	-0.2614	0.044	0.2286	0.0101	-0.1972	-0.0468	-0.1305	0.0106	0.0239	-0.2543	0.4136	0.2414	0.3763	0.0259	-0.1004	0.2591	0.109	-0.1625	-0.2051	-0.1735	-0.0655	-0.4453	-0.0976	0.1096	0.1704	0.2176
RH_SomMot_16	0.3601	0.0051	0.3975	0.1297	-0.2698	0.0092	-0.0154	0.1943	-0.0803	0.2229	0.496	0.1316	-0.191	-0.009	-0.2808	-0.0467	0.0095	0.2255	0.4333	-0.078	0.2869	0.3257	0.4846	-0.214	0.3142	0.378	-0.0765	0.7436	0.0297	0.0595	0.3628	0.4577	0.1981	0.8296	0.8717	0.2891	0.2907	0.0587	0.1287	0.1456	0.2515	-0.0681	0.258	-0.0447	0.7359	0.7127	0.0611	-0.1105	0.3994	0.2481	0.0417	0.2568	-0.0061	-0.0649	0.0343	0.1254	0.5653	0.1243	0.3994	0.1766	-0.2668	-0.2147	0.0753	-0.3936	-0.2664	-0.2591	-0.0851	-0.123	-0.0263	-0.1175	0.1235	-0.0077	-0.0061	0.0956	-0.5205	0.0673	-0.1519	-0.194	0.0925	-0.1476	0.1023	-0.5168	-0.0787	-0.0976	-0.0585	-0.3286	-0.1179	-0.2109	-0.3893	-0.2097	-0.2962	-0.3414	-0.4374	-0.3156	-0.4092	0.2876	0.0204	-0.3025	0.0667	0.2711	-0.1068	0.3502	0.0142	-0.0316	0.1714	-0.2393	0.1141	-0.1886	0.1813	0.1694	0.3375	-0.171	0.0327	-0.1036	0.2732	-0.1721	-0.1294	0.2338	0.1655	0.3967	0.4374	0.0751	0.2095	0.5413	0.2091	0.4217	0.1298	0.2707	0.4078	0.443	1.0	0.0236	0.181	-0.0557	0.4268	0.0167	0.7495	0.3334	0.7947	0.1138	0.7163	0.4275	0.2502	0.564	0.4819	0.0479	0.4743	-0.0346	-0.243	0.6723	0.3551	0.4346	0.1732	0.1809	0.4678	0.418	0.1559	0.3675	0.0927	0.0439	-0.0765	0.3742	0.2183	0.2195	0.3001	-0.206	-0.1553	-0.2259	-0.2522	-0.2688	-0.3961	0.2071	0.0569	0.0039	-0.0265	-0.144	0.2686	0.0363	-0.0019	-0.024	-0.0772	0.0499	-0.0728	-0.4265	0.4222	-0.0784	0.2557	-0.0989	-0.1384	0.1999	-0.159	-0.3515	-0.1039	-0.2362	-0.2059	-0.3321	-0.3203	0.2586	-0.0565	-0.0042
RH_SomMot_17	0.0426	0.4715	0.2342	0.1779	0.2593	-0.1033	0.1504	0.3081	0.3018	0.1043	0.1252	0.1188	0.1614	0.1834	0.0811	0.171	0.462	0.3817	0.1847	0.1469	0.2361	0.3168	0.3309	0.0773	0.244	0.2214	0.4854	-0.1384	0.5622	0.2417	-0.12	-0.0261	-0.1107	0.0417	-0.0579	-0.1608	-0.295	0.1315	-0.3991	0.3808	-0.2175	-0.3252	-0.1945	0.3076	0.1319	-0.0824	0.3556	-0.0831	0.1758	-0.0006	-0.161	-0.1935	0.0158	0.0213	-0.2286	0.023	-0.0507	-0.1093	-0.15	0.1527	-0.097	-0.1088	-0.1674	-0.0484	0.0298	0.0424	-0.0722	-0.1363	-0.3052	-0.1232	-0.2891	-0.0567	-0.0046	0.1017	0.0211	-0.0546	-0.0103	-0.0256	0.1477	-0.3265	-0.1309	0.0056	-0.1335	-0.1816	0.0748	-0.1934	-0.0737	-0.1297	-0.0493	-0.1829	-0.0614	0.0589	0.0974	-0.2554	-0.1827	-0.2981	-0.1656	0.0198	-0.0014	-0.1789	0.0511	-0.2593	0.1475	0.3751	0.2797	0.0071	-0.0905	0.2076	0.1884	-0.0868	0.1095	0.128	-0.0532	0.0105	-0.1703	0.0972	0.1347	0.4073	0.4093	0.3733	0.2548	0.1329	0.0007	0.2487	0.295	0.3269	0.0853	0.1505	0.2158	0.3738	0.0236	1.0	0.5113	0.2895	0.1548	0.2652	0.0778	-0.03	0.1297	-0.1716	-0.0397	0.0285	-0.4235	0.3111	0.0117	-0.3199	0.1811	0.203	0.2313	0.1996	0.035	-0.1704	0.16	-0.3089	0.2803	0.1432	0.0199	0.0225	0.0648	-0.1644	-0.0293	-0.0128	-0.1796	-0.1633	0.0497	-0.0947	-0.1197	-0.0024	-0.0894	0.06	-0.2348	0.13	-0.091	-0.1074	-0.1457	0.0378	-0.2693	-0.213	0.0167	-0.3507	-0.1194	-0.2308	-0.0111	0.0992	0.3199	0.1221	-0.1971	0.1233	0.1868	0.0253	-0.0269	-0.1456	-0.1543	0.0162	0.0367	-0.2962	-0.1948	-0.2636	-0.139	-0.1026
RH_SomMot_18	-0.0379	0.0061	0.3341	-0.1748	0.2605	-0.0342	0.0236	0.1871	0.1104	-0.2692	0.1479	-0.1432	-0.2492	-0.1278	0.1887	0.2659	0.3269	0.402	0.2183	0.1815	0.145	0.1166	0.5285	0.4063	0.5497	0.4476	0.4302	0.103	0.6221	0.4746	0.1565	0.0571	-0.1116	0.2768	0.213	-0.0091	-0.1707	-0.0224	-0.2953	0.2276	-0.0358	-0.0803	-0.0134	0.4148	0.2423	-0.0539	0.0358	-0.0865	-0.0296	0.0883	-0.1613	-0.0249	-0.2515	0.1677	-0.0098	0.0628	0.2701	0.1341	-0.1851	0.0256	-0.2593	0.0041	0.0159	0.0768	0.1426	0.1799	-0.1079	0.1525	0.1335	0.0535	-0.347	-0.2137	0.1068	0.3257	0.0895	0.1102	-0.0802	0.3082	0.1732	-0.3234	-0.2023	0.1175	-0.1124	0.1914	0.2432	0.0759	0.0401	0.194	0.1704	-0.1028	0.096	0.0981	0.1462	-0.077	0.0642	-0.0856	-0.1167	0.1055	-0.2144	0.0288	-0.034	0.0824	-0.0219	-0.0648	0.2079	0.0072	-0.1944	0.1836	-0.1048	-0.3243	0.1302	-0.0204	-0.2396	-0.2711	-0.1656	0.1473	0.3598	0.023	0.2992	0.1833	0.1446	0.0032	0.043	0.1809	0.1079	0.3326	0.314	0.4877	0.2374	0.3755	0.181	0.5113	1.0	0.5706	-0.0302	-0.1318	0.1661	-0.0913	0.2713	-0.2334	-0.0552	0.04	-0.3759	0.4404	-0.1164	-0.2155	-0.0112	0.0019	0.1427	0.1546	-0.1522	-0.2039	0.1756	-0.2081	0.0608	-0.0218	-0.0666	-0.0147	0.0135	-0.0681	-0.1845	-0.073	-0.1028	-0.1714	-0.2947	-0.2145	-0.2978	-0.2489	-0.2342	-0.0506	-0.3223	0.0494	-0.204	-0.2713	-0.1853	-0.2093	-0.3375	-0.3564	-0.0826	-0.3062	-0.1715	-0.4051	-0.5964	-0.1549	0.3363	-0.1666	-0.0482	-0.3823	0.0408	-0.279	-0.0423	0.0236	-0.1807	-0.2172	-0.0726	-0.3746	-0.3013	-0.0899	-0.3339	-0.4781
RH_SomMot_19	-0.1025	0.1277	0.4148	-0.1677	0.1116	0.083	0.004	0.0155	0.0276	-0.2752	0.1951	0.0625	-0.1007	0.1098	0.2886	0.1467	0.3062	0.3432	0.0603	0.4998	0.2818	0.009	0.0715	0.4001	0.5109	-0.0531	0.2324	-0.1346	0.357	0.6626	0.2759	-0.0478	0.0159	0.0443	-0.026	-0.2564	-0.1172	-0.0281	-0.3444	0.1006	-0.1751	-0.2143	-0.2034	0.3832	-0.0486	-0.1226	0.0587	-0.2664	0.0479	0.0225	-0.4244	0.0284	-0.167	0.0934	0.2205	0.0196	0.3084	0.2941	-0.0644	0.1694	-0.527	-0.1057	-0.2894	0.0931	0.093	0.0521	-0.3794	0.1229	0.1853	-0.0197	-0.2009	-0.1759	0.3592	0.3752	0.1351	0.2256	0.0225	0.4083	-0.0245	-0.3194	-0.3334	0.1271	-0.2381	0.3547	0.2895	0.1139	0.0731	0.3726	0.2073	0.0095	0.211	0.0692	0.018	-0.1446	0.0904	-0.052	-0.0757	0.1256	-0.3306	0.3021	0.2785	0.1768	0.2362	0.0147	0.2632	0.1894	-0.033	0.1898	-0.0269	-0.2335	0.2068	0.0718	-0.1747	-0.0879	-0.0721	0.1206	0.2748	0.0751	0.1681	0.0761	0.1727	0.3241	0.2028	-0.1806	0.2262	0.2851	0.1884	0.4728	-0.1772	0.032	-0.0557	0.2895	0.5706	1.0	0.0626	-0.182	-0.0537	-0.4045	0.05	-0.3339	-0.2271	-0.0743	-0.4005	0.3232	-0.3594	-0.5102	-0.2314	0.0149	0.1771	0.0871	-0.0882	-0.3077	0.3412	-0.3197	-0.0317	-0.0077	0.0149	-0.1142	-0.1935	0.1837	-0.3052	0.0605	-0.1174	-0.0713	-0.4668	-0.3871	-0.3393	-0.2729	-0.3986	-0.1958	-0.4117	-0.1503	-0.3059	-0.4598	-0.5163	-0.389	-0.3062	-0.3666	-0.0336	-0.0696	-0.4472	-0.359	-0.605	-0.3047	0.1906	-0.0052	0.0442	-0.4041	0.0188	-0.437	0.1235	0.0762	-0.1001	-0.1792	-0.1599	-0.3842	-0.3393	-0.1166	-0.2251	-0.4566
RH_DorsAttn_Post_1	0.5062	0.4552	0.5378	0.2184	0.0491	0.1926	0.2297	0.33	0.2502	0.4579	0.615	0.312	0.2659	0.4478	0.1806	0.1297	0.1217	0.2259	0.0986	0.1852	0.3604	0.234	-0.0509	-0.2871	0.075	-0.0393	0.1096	0.1482	-0.0752	0.1518	0.4319	0.2911	0.3556	0.434	0.3603	0.0866	0.1589	0.3059	-0.1104	0.1541	-0.0983	-0.3822	-0.1575	0.0277	0.3149	0.4038	0.3086	-0.279	0.4715	-0.1492	-0.0664	0.0005	0.1487	-0.3273	0.2709	0.2176	0.5043	-0.0667	0.4808	0.2207	-0.2529	-0.239	-0.1401	-0.3168	-0.3834	-0.3641	-0.4372	-0.2876	-0.4204	-0.2481	0.215	0.0549	-0.2835	-0.25	-0.4175	-0.2025	-0.2591	-0.4376	-0.2826	-0.2319	-0.0698	-0.6231	-0.354	-0.274	-0.268	-0.4707	-0.3517	-0.3093	-0.5315	-0.1303	-0.5188	-0.4941	-0.5696	-0.5642	-0.5219	-0.1659	-0.263	-0.4707	-0.2157	0.1347	0.5013	0.2844	0.3794	0.4172	0.5455	0.1127	0.1255	0.0613	0.3846	0.2371	0.5139	0.1188	0.2793	0.3153	0.4609	-0.0535	-0.3185	0.2013	0.0769	0.2793	0.3902	0.221	0.4653	0.1966	0.4796	0.3113	-0.1356	-0.0692	-0.1079	0.4166	0.4268	0.1548	-0.0302	0.0626	1.0	0.5055	0.4919	0.2938	0.4333	0.3326	0.598	0.4283	0.188	0.2931	0.5441	-0.1426	0.6767	0.4071	0.2546	0.5957	0.7173	0.4445	0.1812	0.0437	0.3983	0.3271	0.4625	0.3109	0.1514	0.1544	-0.0305	0.342	0.4081	0.4302	0.4566	-0.0702	0.1073	0.0226	-0.2003	-0.1282	-0.3159	0.3644	0.3076	0.1125	-0.1121	-0.0831	0.2573	0.1386	-0.1602	-0.0216	-0.2157	0.0997	0.1601	-0.1801	0.3579	0.2098	0.1423	0.1082	-0.0549	0.4207	-0.0846	-0.3029	-0.0455	-0.3786	-0.2441	-0.2641	-0.3107	-0.065	-0.0249	0.31
RH_DorsAttn_Post_2	0.4826	0.6378	0.2707	0.4117	0.5576	0.0351	0.5198	0.7345	0.6959	0.5113	0.3763	0.3277	0.5954	0.7221	0.222	0.27	0.2345	0.0318	-0.0994	-0.0064	0.2693	0.2165	-0.2219	-0.1786	-0.0495	-0.0718	0.1837	-0.2785	-0.1969	0.0384	-0.121	-0.0403	0.1105	-0.0835	-0.095	-0.1857	-0.1074	0.5313	-0.221	0.1177	-0.31	-0.4983	-0.4705	0.1364	-0.006	0.0099	0.4556	-0.2329	0.2586	-0.3793	0.0716	-0.2249	0.1456	-0.4676	-0.0998	0.0183	-0.1457	-0.4342	0.1411	0.1146	-0.0573	-0.2397	-0.2956	-0.2573	-0.225	-0.3405	-0.2657	-0.4018	-0.6783	-0.5198	0.1451	0.1218	-0.3459	-0.4613	-0.3027	-0.333	-0.1729	-0.5087	-0.1699	-0.2586	-0.0335	-0.4221	-0.1926	-0.493	-0.3822	-0.3978	-0.4713	-0.4244	-0.4215	-0.0432	-0.4178	-0.4513	-0.3493	-0.4702	-0.4934	-0.4003	-0.1625	-0.4212	-0.1358	-0.2677	0.2487	-0.2086	0.5216	0.4808	0.598	0.5095	0.0264	0.5656	0.4526	0.3731	0.4312	0.5087	0.4421	0.6668	0.4358	0.0457	-0.1258	0.1907	0.1071	0.2497	0.2088	-0.0398	0.573	0.0412	0.6405	-0.0345	-0.2657	-0.2709	-0.0716	0.3104	0.0167	0.2652	-0.1318	-0.182	0.5055	1.0	0.0138	0.1712	0.0372	0.2961	0.3708	0.4001	0.0709	-0.0258	0.3142	-0.1639	0.4569	0.6601	0.5471	0.3175	0.3786	0.3354	0.1689	-0.1702	0.4001	0.2312	0.4792	0.2862	0.0418	0.0133	-0.029	0.1074	0.1683	0.1155	0.562	0.0414	0.0877	0.0441	-0.1172	-0.0701	-0.0867	0.3742	0.1298	0.5148	0.0351	0.0966	0.206	0.1619	-0.0543	0.1507	-0.1421	0.009	0.5033	0.146	0.0136	0.0047	-0.0279	0.2177	0.2625	0.3337	-0.2748	-0.0563	0.0656	-0.1903	0.0693	0.0168	-0.1216	-0.2329	0.0363	0.3961
RH_DorsAttn_Post_3	0.236	0.0539	0.3289	-0.0169	-0.1483	0.0388	0.0021	0.1652	0.0457	0.0955	0.4445	0.0364	-0.3355	-0.0746	-0.279	0.021	-0.0139	0.1088	0.5462	-0.0416	0.1084	0.402	0.438	-0.117	0.3427	0.4588	-0.022	0.6604	0.0563	0.019	0.3334	0.3332	0.1151	0.8114	0.7275	0.2235	0.2322	0.0054	0.1113	0.1209	0.0469	-0.0126	0.1678	-0.1133	0.7447	0.5703	-0.083	-0.0745	0.3531	-0.0242	-0.0757	0.2666	0.0206	-0.1997	0.1553	0.016	0.464	0.0067	0.3302	0.0903	-0.2543	-0.2015	0.046	-0.4219	-0.3321	-0.2759	-0.1858	-0.1852	-0.1226	-0.0823	0.0328	0.0214	-0.0862	0.0429	-0.4041	-0.0052	-0.333	-0.3524	-0.0391	-0.1511	-0.0828	-0.4071	-0.1396	0.0349	-0.067	-0.2709	-0.2133	-0.0115	-0.272	-0.1302	-0.2985	-0.3045	-0.3736	-0.2757	-0.2961	0.1768	0.0061	-0.2484	0.0397	0.2131	-0.0389	0.3001	-0.0475	0.0486	0.1769	-0.3027	0.2763	-0.1757	0.0326	-0.0135	0.328	-0.2793	-0.0673	-0.216	0.2491	-0.1312	-0.1638	0.1263	0.238	0.2911	0.3859	0.0132	-0.0121	0.5669	0.2223	0.378	0.2481	0.3038	0.3809	0.4478	0.7495	0.0778	0.1661	-0.0537	0.4919	0.0138	1.0	0.3551	0.8259	0.0961	0.6737	0.3901	0.2487	0.5181	0.5385	0.1841	0.5022	-0.1136	-0.2568	0.6752	0.3545	0.2849	0.0555	0.1099	0.393	0.3069	0.1303	0.2886	0.0806	0.0684	0.0046	0.2766	0.1697	0.0947	0.2801	-0.1069	-0.0914	-0.181	-0.166	-0.1911	-0.2277	0.223	0.0647	0.0156	0.0707	-0.0777	0.1247	0.0147	0.0029	-0.0032	0.0355	0.0732	-0.1128	-0.2652	0.3721	-0.0162	0.1227	-0.1206	-0.2953	0.2183	-0.059	-0.323	0.0279	-0.165	-0.1837	-0.2047	-0.1595	0.1533	-0.0742	-0.0148
RH_DorsAttn_Post_4	0.3487	-0.0855	0.0539	0.2677	-0.1619	0.0098	0.099	-0.0142	-0.1922	0.3062	0.2927	0.1511	0.0412	0.0692	0.004	-0.1067	-0.1305	-0.2451	0.1153	-0.2959	-0.1483	-0.1624	0.0298	-0.3472	-0.179	0.0468	-0.0497	0.2692	-0.1285	-0.3041	-0.0448	0.534	0.4509	0.1972	0.347	0.7447	0.5273	0.0359	0.2527	0.1927	-0.0355	0.3983	0.5335	-0.167	0.3284	0.2961	-0.0811	0.0672	-0.0671	-0.2167	0.0192	-0.1326	-0.2781	-0.3109	-0.2213	-0.0842	0.0932	-0.4458	-0.0519	-0.195	0.3878	0.4425	0.681	0.2304	0.059	0.223	0.0143	-0.0048	-0.1659	0.3679	0.1801	0.1641	-0.3618	-0.4645	-0.1051	-0.5576	-0.3861	-0.5713	-0.339	0.2432	-0.1451	-0.2009	-0.3381	-0.4604	-0.4762	-0.5726	-0.4322	-0.5869	-0.5622	-0.4097	-0.6331	-0.0842	-0.0006	-0.0882	-0.4151	0.0038	-0.2477	-0.3084	0.0204	-0.0761	-0.3086	-0.0238	-0.2736	-0.013	-0.1387	-0.1946	-0.063	-0.3306	0.2054	0.198	0.116	-0.1515	0.124	0.0634	0.399	-0.1051	-0.124	0.1934	-0.0518	0.0379	-0.0421	-0.19	-0.1999	0.2216	-0.2011	-0.1492	-0.1996	-0.3217	0.0776	0.0778	0.3334	-0.03	-0.0913	-0.4045	0.2938	0.1712	0.3551	1.0	0.2636	0.603	0.505	0.5457	0.4569	0.3371	0.6354	0.5127	0.6407	-0.1731	-0.1746	0.2995	0.499	0.4097	-0.0877	0.5504	-0.0482	-0.1739	-0.0832	-0.0613	0.2402	-0.0858	-0.1204	-0.1335	0.0551	0.0531	0.636	0.7306	0.6073	0.5462	0.2156	0.4953	0.2748	0.5635	0.6322	0.1184	0.4466	0.4517	0.2749	0.0938	0.0788	-0.2242	0.3738	0.4312	0.1557	0.4024	-0.2035	-0.0161	-0.4637	0.2239	-0.2299	0.2491	-0.3089	-0.349	-0.0465	-0.2119	-0.3401	0.1507	0.0021	0.0796	-0.0204	0.2844
RH_DorsAttn_Post_5	0.279	0.0804	0.3805	0.1247	-0.0324	0.0179	0.1042	0.2287	0.0686	0.1704	0.4338	0.0688	-0.2692	-0.1183	-0.1841	0.0636	0.0212	0.199	0.4983	-0.151	0.108	0.3868	0.6343	-0.1149	0.4526	0.5474	0.1106	0.7376	0.2134	0.1546	0.3745	0.366	0.0746	0.8519	0.8117	0.19	0.1543	0.014	0.0337	0.2454	-0.0222	-0.0616	0.1683	0.0238	0.723	0.582	0.0435	-0.1986	0.3302	-0.0292	-0.0759	0.2578	0.0473	-0.2406	0.0795	0.121	0.5392	0.0337	0.3304	0.0716	-0.3669	-0.1803	0.0472	-0.2824	-0.2374	-0.1809	-0.1527	-0.1553	-0.0672	-0.1145	-0.0679	-0.0001	0.0681	0.0076	-0.3601	-0.0539	-0.33	-0.3153	-0.0424	-0.1022	-0.1739	-0.37	-0.1054	0.0972	-0.0828	-0.3171	-0.2978	-0.0108	-0.276	-0.2538	-0.2529	-0.2788	-0.3708	-0.1944	-0.4156	0.1943	0.019	-0.1799	0.0253	0.2094	-0.1053	0.2067	-0.0794	0.0801	0.187	-0.1446	0.2092	-0.058	0.1822	0.0795	0.2475	-0.2003	-0.0187	-0.2534	0.1415	-0.1164	-0.1617	0.1579	0.272	0.3192	0.4396	-0.1272	0.1291	0.6903	0.1807	0.4333	0.3894	0.4093	0.5035	0.6075	0.7947	0.1297	0.2713	0.05	0.4333	0.0372	0.8259	0.2636	1.0	-0.0649	0.602	0.3393	0.1124	0.5667	0.426	-0.0196	0.4322	-0.0349	-0.2468	0.6375	0.2738	0.2205	0.1127	0.0801	0.459	0.4293	0.1586	0.2546	0.1522	0.1811	-0.0354	0.2981	0.1811	0.1307	0.2256	-0.1713	-0.1728	-0.1374	-0.2582	-0.1312	-0.3007	0.2618	0.0476	-0.0664	-0.1169	-0.0652	0.0894	-0.1254	-0.0687	-0.0556	-0.0365	0.0356	-0.153	-0.3371	0.3746	0.0459	0.2341	-0.1286	-0.1848	0.1456	-0.0012	-0.2244	-0.0593	-0.1354	-0.1661	-0.3569	-0.2397	0.1297	-0.054	-0.0766
RH_DorsAttn_Post_6	0.2837	-0.1401	-0.1398	0.1619	-0.0672	0.1033	0.3616	-0.0448	-0.0991	0.4922	0.0806	0.3487	0.3468	0.2599	0.1185	-0.0599	0.1145	-0.0435	0.1171	0.032	0.0963	-0.1476	-0.247	-0.1921	-0.2103	-0.0645	0.1266	0.0218	-0.2112	-0.2103	0.0752	0.3907	0.5603	-0.0482	0.1068	0.5859	0.4978	0.3598	0.3588	0.1876	0.0249	0.2146	0.2396	-0.0546	0.1304	0.2396	0.2424	-0.1863	0.1357	-0.3171	-0.006	-0.1836	-0.0013	-0.2941	0.1145	0.1902	-0.0225	-0.224	0.1267	0.1207	0.2925	0.3834	0.3721	0.1634	-0.0553	-0.1139	-0.2784	0.0061	-0.297	0.1177	0.7163	0.4949	-0.4882	-0.5746	-0.2435	-0.5205	-0.2382	-0.4322	-0.323	0.2952	-0.0669	-0.4422	-0.4684	-0.4476	-0.6466	-0.4645	-0.5739	-0.6729	-0.7701	-0.3128	-0.7771	-0.4815	-0.3346	-0.2518	-0.5553	0.2345	-0.0611	-0.142	-0.0047	0.0505	0.1032	0.2752	-0.1557	0.0253	-0.1838	0.0456	-0.0079	-0.2566	0.2874	0.3414	0.0168	-0.0196	0.3836	0.4833	0.6119	-0.062	-0.0037	0.0938	-0.1138	0.0795	0.0726	0.0981	0.1864	0.0224	0.1282	-0.0585	-0.3185	-0.3952	-0.1623	0.0212	0.1138	-0.1716	-0.2334	-0.3339	0.3326	0.2961	0.0961	0.603	-0.0649	1.0	0.4548	0.3248	0.6655	0.1675	0.5455	0.4045	0.5224	0.2287	0.1864	0.2432	0.6005	0.6792	0.036	0.2766	-0.0794	-0.3236	0.4233	-0.0387	0.4315	-0.0554	-0.0357	0.015	0.3486	0.3517	0.6163	0.575	0.7195	0.4702	0.0703	0.2562	0.1319	0.4705	0.6501	0.2238	0.2322	0.2039	0.6965	0.5248	0.1329	-0.1786	-0.113	0.5378	0.2076	0.2489	-0.2686	0.0984	-0.2041	0.1184	-0.3271	0.0522	-0.1655	-0.146	0.0075	-0.5043	-0.5556	0.234	-0.0565	0.263	0.2614	0.6715
RH_DorsAttn_Post_7	0.4671	0.1486	0.4166	0.1543	-0.0504	0.0384	0.1898	0.3502	0.1853	0.46	0.6942	0.2123	0.0487	0.3727	-0.2377	-0.0535	-0.1937	-0.0413	0.2251	-0.0991	0.3554	0.2779	0.1176	-0.3142	0.2178	0.2043	0.1162	0.5423	-0.1294	-0.0643	0.3149	0.5148	0.5198	0.6261	0.6701	0.3738	0.5617	0.4751	0.3324	0.1803	0.1204	-0.0387	0.1321	-0.1879	0.6152	0.6104	0.0851	-0.1988	0.305	0.0056	0.1137	0.1232	0.1384	-0.2355	0.1055	0.1182	0.3632	-0.1614	0.5285	0.1405	-0.1169	-0.1927	0.088	-0.4081	-0.3994	-0.4552	-0.198	-0.2842	-0.3118	-0.2566	0.3122	0.133	-0.3127	-0.2156	-0.6069	-0.1773	-0.2904	-0.4433	-0.0655	-0.0145	0.0679	-0.6824	-0.1497	-0.3598	-0.2801	-0.4945	-0.3529	-0.4653	-0.6273	-0.2043	-0.5775	-0.5926	-0.5717	-0.4577	-0.5212	0.1851	-0.0811	-0.5315	0.0266	0.2232	0.1028	0.361	0.1735	0.2357	0.2942	-0.0449	0.1403	-0.0587	0.2734	0.2724	0.543	-0.0392	0.3257	0.262	0.7279	-0.2793	-0.2522	0.0927	-0.0849	0.1592	0.2477	-0.0439	0.3009	0.3894	0.3253	0.1911	-0.0758	-0.0753	0.1752	0.424	0.7163	-0.0397	-0.0552	-0.2271	0.598	0.3708	0.6737	0.505	0.602	0.4548	1.0	0.7595	0.5871	0.493	0.657	0.2024	0.5673	0.1686	-0.1327	0.5801	0.6304	0.6085	0.0365	0.1612	0.3056	0.175	0.4077	0.2952	0.1971	0.0593	-0.0321	0.4304	0.3324	0.3698	0.6044	-0.0094	0.1751	-0.0734	-0.2641	-0.2396	-0.2942	0.3147	0.238	0.2562	0.1367	-0.0795	0.4594	0.2323	-0.0131	-0.0621	-0.1178	0.2986	0.1702	-0.3093	0.2953	-0.1036	0.115	-0.0258	-0.1932	0.2968	-0.286	-0.3761	0.0671	-0.3957	-0.3566	-0.0992	-0.2941	0.2584	0.0518	0.3569
RH_DorsAttn_Post_8	0.3793	0.213	0.4728	0.0442	0.0893	-0.12	0.2077	0.3888	0.3171	0.2386	0.7054	0.0993	0.1096	0.543	-0.1093	-0.1042	-0.2527	-0.1271	-0.0828	-0.1618	0.1937	0.0551	0.0141	-0.3863	0.2144	0.0305	0.2538	0.2167	-0.0277	-0.0806	0.0925	0.4653	0.512	0.3158	0.4554	0.3651	0.549	0.5529	0.1621	0.3719	-0.1763	-0.0035	0.1375	-0.1043	0.3234	0.2513	-0.0919	-0.1497	0.0424	-0.1224	0.0519	-0.1742	-0.1423	-0.1605	-0.0719	-0.0061	0.1944	-0.388	0.2497	-0.0336	0.0228	0.0026	0.1305	-0.1153	-0.2003	-0.1734	-0.2251	-0.2188	-0.2172	-0.1527	0.0753	0.0459	-0.1661	-0.1616	-0.3813	-0.2918	-0.2661	-0.3819	-0.1606	-0.0364	-0.0167	-0.3905	-0.2137	-0.4227	-0.255	-0.3685	-0.2806	-0.4781	-0.4867	-0.3021	-0.4754	-0.3941	-0.2062	-0.4194	-0.338	-0.1096	-0.2071	-0.5195	-0.0983	0.0005	-0.0143	0.0614	0.2339	0.1895	0.3707	0.158	0.0113	0.1189	0.1492	0.0332	0.674	0.2263	0.2187	0.2605	0.7284	-0.3842	-0.1946	-0.0174	-0.166	-0.0342	-0.0877	-0.1965	0.1337	0.0791	0.1504	-0.1347	-0.2745	-0.0969	-0.0141	0.2376	0.4275	0.0285	0.04	-0.0743	0.4283	0.4001	0.3901	0.5457	0.3393	0.3248	0.7595	1.0	0.3536	0.496	0.347	0.1087	0.3698	0.1338	-0.0441	0.3032	0.4333	0.3498	-0.0654	0.1229	0.0287	-0.0895	0.127	0.0475	0.0728	-0.1461	-0.1334	0.255	0.1361	0.1483	0.4678	0.1424	0.2092	0.0587	-0.3522	-0.0235	-0.2524	0.2684	0.1735	0.1877	0.2008	0.0458	0.1597	-0.0041	-0.0471	-0.0841	-0.0561	0.2087	0.1418	-0.0334	0.2524	-0.2208	-0.2041	-0.0129	-0.0057	0.1837	-0.4833	-0.3871	0.0667	-0.3012	-0.29	-0.1156	-0.3536	-0.0406	-0.1073	0.1983
RH_DorsAttn_Post_9	0.2181	-0.2965	-0.0937	0.1681	-0.2186	0.0126	0.1275	-0.2236	-0.1972	0.3524	0.2017	0.2463	0.0913	0.0726	-0.0768	-0.1827	-0.2973	-0.2183	0.1192	-0.173	-0.0354	-0.1557	-0.1884	-0.056	-0.0446	-0.0447	-0.0732	0.4198	-0.1374	-0.1987	0.1943	0.5333	0.6593	0.1445	0.2039	0.5601	0.7653	0.1432	0.8249	0.0983	0.3036	0.3755	0.4067	-0.3045	0.3547	0.5295	-0.066	0.0996	0.0262	-0.0636	0.3175	0.238	0.3248	-0.0655	0.0308	-0.04	-0.011	-0.1482	0.3047	-0.0244	0.2623	0.1703	0.4034	-0.006	-0.036	-0.1089	0.0652	0.116	-0.0846	0.1542	0.5363	0.2584	-0.4769	-0.4078	-0.3369	-0.3944	-0.1807	-0.3757	-0.3158	0.5363	0.0222	-0.4596	-0.1241	-0.2781	-0.3321	-0.4275	-0.3025	-0.4126	-0.5015	-0.1482	-0.5216	-0.3199	-0.344	0.0358	-0.3547	0.3151	-0.0704	-0.2192	0.0579	0.3176	0.0693	0.4762	-0.1737	0.0732	-0.2808	-0.1064	0.2505	-0.3529	0.118	0.3282	0.0107	-0.288	0.3138	0.3346	0.6609	-0.2298	-0.2348	0.044	-0.1826	-0.1699	-0.0444	-0.109	0.0295	0.1692	-0.0704	0.0232	-0.0638	-0.1704	0.0334	-0.0532	0.2502	-0.4235	-0.3759	-0.4005	0.188	0.0709	0.2487	0.4569	0.1124	0.6655	0.5871	0.3536	1.0	0.2178	0.5072	0.5837	0.2608	-0.0464	-0.1153	0.1985	0.4912	0.5696	-0.0405	0.4482	-0.0673	-0.1229	0.4612	0.1772	0.1312	0.1375	-0.0949	0.1937	0.2329	0.4236	0.5693	0.3426	0.517	0.2154	0.0768	0.0547	0.2692	0.265	0.4342	0.2981	0.3566	0.0361	0.5653	0.2192	-0.1801	-0.113	-0.0032	0.6919	0.2022	-0.0935	-0.3277	-0.1459	0.0168	-0.04	-0.4083	-0.0127	-0.1241	-0.1939	0.1643	-0.3275	-0.4715	0.4892	-0.0084	0.4372	0.1772	0.4653
RH_DorsAttn_Post_10	0.3241	0.1186	0.3997	0.0559	0.0675	-0.2099	0.2468	0.1008	0.1473	0.0837	0.5333	0.1457	-0.0604	0.1445	-0.0424	-0.0737	0.1527	0.1672	0.3551	-0.0977	0.0731	0.132	0.3919	0.0294	0.5132	0.218	0.2815	0.4038	0.5195	0.1996	0.2311	0.534	0.3767	0.434	0.5005	0.2933	0.3414	0.1511	0.0832	0.5256	-0.0677	0.0144	0.2149	0.0724	0.5471	0.4945	0.0508	-0.2438	0.1694	-0.0607	-0.0889	-0.0056	-0.0575	-0.1087	-0.0124	0.0686	0.4319	-0.0624	0.0392	0.1639	-0.0993	0.0233	0.1312	-0.0749	-0.0027	-0.0175	-0.2092	0.0442	-0.0294	-0.0037	-0.0137	0.0895	0.0346	0.1408	-0.3104	-0.1949	-0.1099	-0.197	-0.1155	-0.1664	-0.1881	-0.3675	-0.3113	-0.1637	0.0544	-0.3733	-0.2136	-0.2429	-0.38	-0.3627	-0.3688	-0.246	-0.188	-0.3127	-0.3938	0.0203	-0.2131	-0.2171	-0.1369	0.1974	-0.0904	0.2582	0.0445	0.122	0.136	-0.0564	0.088	-0.0031	0.2409	-0.0547	0.3874	0.0151	-0.1424	-0.0259	0.4087	-0.1751	-0.024	0.1884	0.2044	0.1958	0.2768	-0.061	0.0829	0.3618	0.0664	0.4097	0.1815	0.4249	0.2327	0.3282	0.564	0.3111	0.4404	0.3232	0.2931	-0.0258	0.5181	0.3371	0.5667	0.1675	0.493	0.496	0.2178	1.0	0.3221	0.0435	0.3874	0.0836	0.002	0.5581	0.3218	0.288	0.2844	0.0449	0.2492	0.0281	0.2151	0.0039	0.0787	0.1158	-0.328	0.1963	0.1156	0.0352	0.3563	0.0569	0.0006	-0.0418	-0.2806	0.0124	-0.4283	0.4271	0.0728	-0.0675	-0.0043	-0.168	-0.0109	-0.1341	-0.0758	-0.2595	-0.128	-0.0436	-0.2559	-0.233	0.2777	-0.2228	-0.2276	-0.1617	-0.0313	-0.0129	-0.3027	-0.3477	0.023	-0.3378	-0.365	-0.1643	-0.5363	-0.0237	-0.3408	-0.1592
RH_DorsAttn_FEF_1	0.4854	0.1408	0.0917	0.222	-0.1055	0.019	0.1772	0.1142	-0.0041	0.4207	0.3585	0.2586	0.0183	0.0936	-0.024	0.0237	0.0507	0.0175	0.371	-0.0068	0.1761	0.1649	0.0924	-0.1751	-0.0468	0.1741	-0.0501	0.3934	-0.0886	-0.1085	0.1047	0.4596	0.3641	0.3532	0.3934	0.4267	0.3811	0.2026	0.2664	0.1179	0.0722	0.0383	0.2116	-0.1504	0.5035	0.4422	0.1841	-0.1554	0.2826	-0.1278	0.0087	-0.0116	0.0988	-0.3405	0.0037	0.2051	0.3194	-0.1826	0.3328	0.2727	0.1213	0.0495	0.2829	-0.1677	-0.2566	-0.159	-0.1626	-0.2412	-0.3156	0.0026	0.2079	0.1976	-0.4629	-0.3666	-0.3012	-0.2938	-0.2416	-0.496	-0.1084	0.0772	-0.0245	-0.5308	-0.3206	-0.3616	-0.2757	-0.6322	-0.4236	-0.4168	-0.6556	-0.3243	-0.6291	-0.4193	-0.4172	-0.3273	-0.5739	0.0993	-0.2004	-0.3522	-0.0055	0.0569	0.0633	0.2179	0.009	0.2218	-0.0179	-0.0901	0.0563	-0.2061	0.2301	0.2157	0.152	-0.246	0.2061	0.1427	0.4848	0.0329	-0.0891	0.3047	0.0869	0.3136	0.2506	0.0488	0.1238	0.4352	0.1664	0.2357	0.0389	-0.1327	0.1826	0.2874	0.4819	0.0117	-0.1164	-0.3594	0.5441	0.3142	0.5385	0.6354	0.426	0.5455	0.657	0.347	0.5072	0.3221	1.0	0.3644	0.7061	0.0706	-0.0894	0.493	0.6731	0.5549	0.0004	0.3162	0.3091	0.1693	0.3511	0.2701	0.4257	0.2279	-0.0383	0.1662	0.3164	0.305	0.6729	0.3598	0.4252	0.3282	0.1361	0.1871	-0.0627	0.4585	0.5673	0.1338	0.2228	0.2582	0.3936	0.2713	0.0049	-0.31	0.1028	0.352	0.1938	0.0661	-0.0101	0.1082	-0.0482	0.2734	-0.1709	0.3742	-0.0886	-0.3924	-0.1556	-0.3142	-0.3118	0.0696	-0.0338	0.1946	0.041	0.3543
RH_DorsAttn_FEF_2	-0.0228	-0.3588	-0.2355	-0.212	-0.2077	-0.0493	-0.2998	-0.2745	-0.2441	-0.1818	0.0023	-0.2779	-0.3128	-0.2709	0.0181	0.0198	-0.198	-0.2223	0.1165	-0.2713	-0.3689	-0.3128	-0.0641	0.0172	-0.1919	0.1188	-0.1652	0.2508	-0.1186	-0.3643	-0.2443	0.2515	0.1607	-0.0129	-0.002	0.3897	0.3975	-0.1895	0.571	0.0572	0.1409	0.5999	0.4161	-0.2416	0.198	0.2113	-0.2447	0.1934	-0.3297	-0.1838	0.328	0.0173	0.0361	-0.1155	-0.1672	-0.1818	-0.2133	-0.2362	-0.114	-0.1547	0.5285	0.2644	0.4823	0.0765	0.2454	0.1923	0.2895	0.1088	-0.0317	0.3429	0.0277	0.0989	-0.4968	-0.2748	0.1557	-0.2916	-0.0792	-0.2338	-0.2995	0.3859	0.0725	-0.0262	0.0235	-0.2508	-0.1309	-0.138	-0.1025	-0.216	-0.1796	-0.0562	-0.2877	0.1628	0.1681	0.3676	0.0637	0.0102	-0.3531	-0.1495	-0.0745	-0.0608	-0.2918	0.1175	-0.2566	-0.3496	-0.29	-0.367	0.0976	-0.3173	-0.4055	-0.1347	-0.091	-0.4364	-0.3023	-0.1991	0.1454	0.0085	0.0428	0.0308	0.0419	-0.1576	-0.0509	-0.1381	-0.3852	0.1266	-0.2481	-0.2407	-0.0633	-0.0552	0.0749	-0.2433	0.0479	-0.3199	-0.2155	-0.5102	-0.1426	-0.1639	0.1841	0.5127	-0.0196	0.4045	0.2024	0.1087	0.5837	0.0435	0.3644	1.0	0.211	-0.33	-0.1977	0.0367	0.1538	0.3452	-0.0153	0.4975	-0.0521	-0.3023	-0.0246	0.0529	0.0256	-0.1064	-0.0139	-0.2202	0.0156	-0.0089	0.38	0.6075	0.4244	0.3203	0.2603	0.4028	0.5462	0.3144	0.3479	0.3341	0.7402	0.4051	-0.0082	0.1433	-0.0522	-0.1676	0.6163	0.4201	0.1716	0.4077	-0.347	-0.1197	-0.3084	0.1873	-0.2105	0.1901	-0.0852	-0.1963	0.0728	-0.0349	-0.0127	0.6998	0.4204	0.0317	-0.1435	0.1235
RH_DorsAttn_PrCv_1	0.4571	0.3273	0.159	0.3351	0.0347	0.0565	0.2046	0.2599	0.1313	0.451	0.3799	0.1734	0.1834	0.2175	0.1012	0.1638	0.227	0.1223	0.2605	-0.0588	0.0843	0.1842	0.1014	-0.1931	0.0147	0.1215	-0.0311	0.2657	-0.0436	0.0217	0.1315	0.262	0.2419	0.339	0.365	0.3059	0.1216	0.1366	-0.0565	0.2591	-0.0899	-0.1208	0.0583	0.0185	0.3851	0.4219	0.2313	-0.2342	0.2941	-0.2562	0.0232	-0.0848	-0.0601	-0.4645	-0.0797	0.0633	0.292	-0.3215	0.0854	0.0522	0.0818	-0.0055	0.1567	-0.2207	-0.1905	-0.1955	-0.1698	-0.2709	-0.3763	-0.0919	0.19	0.1858	-0.335	-0.3575	-0.3545	-0.3761	-0.3179	-0.6384	-0.238	-0.1263	-0.0345	-0.5287	-0.4016	-0.3822	-0.417	-0.6763	-0.4715	-0.5518	-0.5797	-0.3102	-0.562	-0.3302	-0.4045	-0.3624	-0.5323	-0.1816	-0.3007	-0.4648	-0.028	-0.1337	-0.0437	0.085	0.1291	0.265	0.2077	0.0071	-0.1079	-0.0321	0.3859	0.3095	0.2593	0.0318	0.0734	0.2598	0.3547	0.063	-0.1832	0.2451	0.2188	0.4409	0.3714	0.0673	0.281	0.4178	0.3515	0.1693	0.0178	-0.1204	0.1521	0.3739	0.4743	0.1811	-0.0112	-0.2314	0.6767	0.4569	0.5022	0.6407	0.4322	0.5224	0.5673	0.3698	0.2608	0.3874	0.7061	0.211	1.0	0.3158	0.1351	0.6357	0.6173	0.5349	0.2538	0.2222	0.464	0.2147	0.2978	0.3759	0.167	0.0697	-0.096	-0.0499	0.2727	0.1183	0.7287	0.3714	0.3053	0.2775	0.0089	0.1669	-0.12	0.7127	0.5163	0.2527	0.1362	0.2072	0.29	0.1702	-0.007	-0.1422	0.1783	0.1937	0.252	0.0986	0.1006	0.1461	-0.0997	0.2505	-0.0569	0.556	-0.1712	-0.3855	-0.1851	-0.211	-0.0835	-0.0595	-0.1057	-0.0724	-0.0587	0.3309
RH_SalVentAttn_TempOccPar_1	0.2366	0.5441	0.0627	0.1885	0.5033	-0.1542	0.4705	0.568	0.5928	0.3269	0.1774	0.187	0.5464	0.5273	0.3122	0.3579	0.4	0.2234	-0.1557	0.058	0.2272	0.2824	-0.1589	-0.133	0.0786	-0.1476	0.3093	-0.352	0.0204	0.1046	-0.0727	-0.2098	-0.0828	-0.1153	-0.1358	-0.3384	-0.3201	0.4625	-0.3043	0.2102	-0.1845	-0.575	-0.5457	0.2191	-0.1703	-0.0271	0.4892	-0.4083	0.2995	-0.2051	0.1053	-0.3306	0.2331	-0.3007	0.0449	0.2235	-0.0046	-0.2256	0.1552	0.2046	-0.0352	-0.2709	-0.4645	-0.3076	-0.2603	-0.4298	-0.4176	-0.2278	-0.428	-0.6162	0.1918	0.2548	-0.0883	-0.1209	-0.2891	-0.0427	0.1869	-0.1288	0.0519	-0.3346	0.2527	-0.357	-0.1691	-0.3128	-0.1837	-0.1057	-0.2189	-0.3098	-0.2634	-0.041	-0.2315	-0.499	-0.3636	-0.4841	-0.3389	-0.2886	-0.0085	-0.2673	-0.0612	-0.2216	0.203	-0.12	0.5212	0.4063	0.4823	0.5382	-0.1486	0.59	0.3679	0.2015	0.341	0.5737	0.2497	0.5626	0.2877	0.1769	-0.0143	0.0017	0.0388	0.2435	0.2291	0.0185	0.6821	-0.0491	0.5132	0.2096	-0.2425	-0.094	-0.1446	0.2956	-0.0346	0.203	0.0019	0.0149	0.4071	0.6601	-0.1136	-0.1731	-0.0349	0.2287	0.1686	0.1338	-0.0464	0.0836	0.0706	-0.33	0.3158	1.0	0.6916	0.2162	0.1164	0.3262	0.2692	-0.4148	0.35	0.1298	0.5299	0.1807	0.0068	0.0251	-0.0229	0.1844	0.3585	0.1426	0.3878	-0.1435	-0.1303	-0.1651	-0.2375	-0.2693	-0.3632	0.3171	-0.0644	0.436	-0.1708	-0.1859	0.1739	0.2882	-0.0092	0.0716	-0.3397	-0.2291	0.3797	-0.06	0.2497	0.0354	0.2028	0.1762	0.433	0.2983	-0.2743	-0.0034	0.0538	-0.2064	0.1215	-0.0886	-0.2209	-0.234	0.0128	0.3182
RH_SalVentAttn_TempOccPar_2	0.1938	0.399	0.1767	0.1713	0.6281	-0.0243	0.4362	0.4548	0.5033	0.1325	0.0851	0.1651	0.4276	0.4362	0.6805	0.5706	0.5087	0.2933	-0.0547	0.1366	0.0555	0.047	-0.312	0.1667	0.0527	-0.2082	0.1866	-0.4831	0.0932	0.3226	-0.1277	-0.1329	-0.0216	-0.2675	-0.4036	-0.3358	-0.3227	0.1204	-0.3183	0.0698	-0.2925	-0.4003	-0.4386	0.5423	-0.1589	-0.0862	0.4707	-0.1356	0.2578	-0.3925	0.0444	-0.2647	0.1546	-0.2723	-0.0047	0.0568	-0.1858	-0.1938	-0.1535	0.0699	0.0103	-0.029	-0.2851	0.0404	0.1537	0.0026	-0.384	0.039	-0.3502	-0.2529	0.0603	0.1666	-0.3266	-0.252	0.1117	-0.2818	0.0202	-0.0467	-0.197	-0.2605	-0.0811	-0.0937	-0.258	-0.3309	-0.1898	-0.031	-0.2366	-0.1866	-0.159	0.0938	-0.2745	-0.1792	-0.0497	-0.2522	-0.2223	-0.4047	-0.268	-0.1235	-0.4229	-0.116	0.2244	-0.0634	0.3502	0.2402	0.4422	0.49	-0.0281	0.5385	0.2359	0.0504	0.1544	0.4301	0.1537	0.4165	0.0869	0.361	0.305	0.1612	0.3419	0.2186	0.2623	0.0832	0.5301	-0.2698	0.4574	0.1729	-0.3093	0.0443	-0.3594	-0.0101	-0.243	0.2313	0.1427	0.1771	0.2546	0.5471	-0.2568	-0.1746	-0.2468	0.1864	-0.1327	-0.0441	-0.1153	0.002	-0.0894	-0.1977	0.1351	0.6916	1.0	0.2262	0.0537	0.2078	0.4267	-0.2004	0.2799	0.0166	0.4629	0.0396	-0.1735	-0.1259	-0.2616	-0.0647	-0.0214	0.0419	0.1649	-0.0044	-0.1069	-0.0683	-0.0172	-0.046	-0.0229	0.2854	-0.0911	0.3399	0.0403	-0.0974	-0.085	0.0001	-0.1292	0.1115	-0.3507	-0.2945	0.0758	0.199	-0.0883	-0.1358	-0.0849	0.0227	0.3136	-0.0306	-0.3084	0.0677	0.0995	-0.3803	-0.0354	0.1227	-0.1796	-0.3577	-0.2698	0.0384
RH_SalVentAttn_TempOccPar_3	0.4122	0.2768	0.3915	0.2734	0.1143	0.1356	0.1757	0.3585	0.1849	0.3882	0.5055	0.339	0.0025	0.1739	0.1461	0.2995	0.3978	0.4062	0.6037	0.0578	0.2677	0.3817	0.2757	-0.0942	0.1697	0.2441	-0.0501	0.362	-0.0262	0.2339	0.1938	0.3427	0.1827	0.5508	0.4978	0.0714	0.0677	-0.0518	-0.0642	0.131	0.0126	-0.1806	0.0244	0.2913	0.7148	0.717	0.4621	-0.1612	0.6267	-0.1064	-0.1043	0.2199	0.0812	-0.3517	0.0949	0.0663	0.4257	-0.0387	0.1682	0.2022	-0.2909	-0.2113	-0.0864	-0.331	-0.1732	-0.252	-0.3363	-0.187	-0.3004	-0.1515	0.1427	0.0495	-0.2338	-0.0774	-0.3813	-0.1471	-0.2055	-0.336	-0.1151	-0.3221	-0.0946	-0.5423	-0.2815	-0.2748	-0.1781	-0.4637	-0.341	-0.2515	-0.4848	-0.1392	-0.4766	-0.3481	-0.4262	-0.418	-0.4762	0.0002	-0.2465	-0.3894	-0.2326	0.2197	0.0681	0.2886	0.2051	0.1278	0.3566	-0.0833	0.2599	0.0546	0.3369	0.1956	0.3363	-0.0241	0.1139	0.101	0.2213	0.1629	0.0536	0.4831	0.5546	0.6423	0.7419	0.1841	0.4692	0.5188	0.5375	0.4892	0.0768	0.2797	0.2397	0.4272	0.6723	0.1996	0.1546	0.0871	0.5957	0.3175	0.6752	0.2995	0.6375	0.2432	0.5801	0.3032	0.1985	0.5581	0.493	0.0367	0.6357	0.2162	0.2262	1.0	0.4319	0.5227	0.5758	0.0798	0.7279	0.5048	0.4197	0.4686	0.0096	0.0742	-0.3077	0.226	0.1471	0.1857	0.446	-0.0237	-0.0754	-0.1455	-0.1201	-0.2046	-0.3355	0.4011	0.0938	0.1385	0.0386	-0.0855	0.1921	-0.0409	-0.037	0.1384	-0.126	-0.0889	-0.065	-0.2092	0.2668	-0.0785	0.108	-0.0897	0.0286	0.2408	-0.2255	-0.3638	-0.0582	-0.4538	-0.2187	-0.1817	-0.2668	-0.007	-0.2922	-0.011
RH_SalVentAttn_PrC_1	0.4833	0.2271	0.383	0.2566	-0.0308	0.3013	0.3673	0.0363	0.0421	0.5696	0.459	0.3556	0.2308	0.3905	0.0507	-0.094	0.01	-0.0203	0.1946	0.0764	0.2723	-0.0289	-0.1838	-0.1799	-0.0777	-0.0637	0.1103	0.2298	-0.0419	0.0536	0.5295	0.5227	0.6916	0.2381	0.2522	0.4312	0.4941	0.3644	0.1923	0.1877	-0.0969	-0.0478	0.108	-0.0878	0.3095	0.3946	0.1822	-0.206	0.2661	-0.2365	-0.0868	0.0355	0.0804	-0.3056	0.2541	0.1953	0.3731	-0.0205	0.3452	0.2511	-0.1321	0.0913	0.1988	-0.0023	-0.1493	-0.1939	-0.2995	-0.1664	-0.3001	0.0829	0.4001	0.0293	-0.37	-0.4762	-0.3472	-0.46	-0.3168	-0.4773	-0.3628	0.0709	-0.3158	-0.6504	-0.3778	-0.3944	-0.3685	-0.7098	-0.5354	-0.504	-0.7562	-0.218	-0.7219	-0.4089	-0.5277	-0.4156	-0.6824	0.0646	-0.274	-0.3127	-0.2401	0.3149	0.4922	0.4533	0.143	0.2986	0.1383	0.0679	0.1582	-0.2017	0.4338	0.3846	0.2532	-0.1091	0.3594	0.3164	0.6163	-0.1548	-0.2445	0.2101	-0.0131	0.1783	0.2487	0.1204	0.2584	0.1994	0.3315	0.125	-0.0521	-0.1522	-0.0876	0.2829	0.3551	0.035	-0.1522	-0.0882	0.7173	0.3786	0.3545	0.499	0.2738	0.6005	0.6304	0.4333	0.4912	0.3218	0.6731	0.1538	0.6173	0.1164	0.0537	0.4319	1.0	0.5902	0.144	0.3487	0.231	0.0607	0.4409	0.1553	0.413	0.3113	-0.108	0.3001	0.3613	0.4307	0.5181	0.2475	0.5576	0.3852	-0.0293	0.179	-0.1256	0.3832	0.664	-0.0257	0.0023	0.1577	0.4521	0.1901	-0.1632	-0.1441	-0.1232	0.4197	0.0803	-0.0381	-0.0279	0.2009	-0.0983	0.126	-0.3435	0.2909	-0.0212	-0.2891	-0.0994	-0.4488	-0.5518	-0.0038	-0.2985	0.149	0.1144	0.4518
RH_SalVentAttn_FrOperIns_1	0.3913	0.0776	0.0725	0.1445	0.0425	0.0823	0.2591	0.2141	0.0929	0.5102	0.3156	0.2634	0.1616	0.2707	0.0924	0.1499	0.2055	0.1657	0.295	-0.0819	0.2854	0.0825	-0.0703	-0.1641	-0.1413	0.1178	0.0588	0.1969	-0.1934	-0.0362	0.1818	0.2995	0.3963	0.2376	0.2986	0.2803	0.2858	0.2492	0.25	0.1341	0.0332	-0.0258	0.0318	0.1208	0.4136	0.496	0.4414	-0.1955	0.3791	-0.1863	0.0756	0.0369	0.1771	-0.2869	0.0093	0.1186	0.2661	-0.1626	0.3547	0.1772	-0.0173	-0.0112	0.106	-0.2247	-0.2133	-0.357	-0.2844	-0.1737	-0.4075	-0.1838	0.5315	0.2468	-0.3893	-0.3487	-0.4203	-0.272	-0.0766	-0.3894	-0.124	0.0028	0.017	-0.6487	-0.1293	-0.4785	-0.4138	-0.4735	-0.5015	-0.5515	-0.7432	-0.1375	-0.7323	-0.5423	-0.5427	-0.4047	-0.6275	0.2412	-0.0707	-0.3594	-0.0809	0.1533	0.094	0.3683	0.1142	-0.0087	0.1071	0.0565	0.073	-0.0306	0.2511	0.3975	0.2449	-0.0283	0.2571	0.3472	0.5168	0.0007	-0.07	0.2361	0.0441	0.361	0.4036	0.0492	0.4285	0.2952	0.3759	0.1919	-0.1396	-0.1522	0.0972	0.3056	0.4346	-0.1704	-0.2039	-0.3077	0.4445	0.3354	0.2849	0.4097	0.2205	0.6792	0.6085	0.3498	0.5696	0.288	0.5549	0.3452	0.5349	0.3262	0.2078	0.5227	0.5902	1.0	0.2977	0.2904	0.424	0.1493	0.4922	0.3381	0.2664	0.0224	-0.1592	0.3317	0.3985	0.449	0.5932	0.2293	0.3717	0.1375	0.0661	-0.0772	-0.1075	0.4366	0.4146	0.3149	0.1771	0.096	0.6044	0.3986	0.0443	0.0937	-0.1097	0.2936	0.2484	-0.0261	-0.002	-0.0247	0.1261	0.1662	-0.0688	0.3226	-0.2527	-0.262	0.0343	-0.519	-0.3631	0.1588	-0.0206	0.2698	0.1182	0.5035
RH_SalVentAttn_FrOperIns_2	0.2015	0.2276	0.2219	0.1526	0.2408	0.2541	0.034	0.1415	0.1114	0.0926	0.268	0.1006	0.046	0.1761	0.3876	0.436	0.5347	0.4067	0.2666	0.2496	0.0835	0.0355	-0.0347	0.1372	0.0408	-0.091	-0.0551	-0.1303	0.0222	0.3852	0.0097	0.0244	-0.0324	0.0495	-0.0986	-0.2366	-0.1948	-0.2237	-0.2341	0.0761	-0.1107	-0.2305	-0.2034	0.4529	0.1935	0.2824	0.4846	-0.2114	0.2513	-0.1559	-0.1046	-0.007	-0.0188	-0.2646	0.1021	0.0015	0.153	0.0845	-0.1696	0.1841	-0.3188	-0.1833	-0.2652	-0.1087	0.1438	-0.0882	-0.198	-0.0726	-0.1041	-0.0895	-0.0013	-0.0949	-0.0552	0.0233	-0.0353	-0.0709	-0.0359	-0.0022	-0.1654	-0.3142	-0.2139	-0.225	-0.1812	-0.1093	-0.0358	-0.2424	-0.1688	-0.0979	-0.1902	-0.0119	-0.1427	-0.0051	-0.2382	-0.134	-0.2079	-0.1848	-0.3025	-0.1729	-0.3104	0.2614	0.0672	0.1953	0.3012	-0.0735	0.3104	0.0937	0.0869	0.2844	0.1407	0.0712	0.1992	0.0748	-0.1375	0.0758	-0.0511	0.4789	0.3557	0.4486	0.5518	0.5522	0.634	0.3493	0.489	0.1427	0.5313	0.2449	0.0457	0.2189	0.0274	0.1249	0.1732	0.16	0.1756	0.3412	0.1812	0.1689	0.0555	-0.0877	0.1127	0.036	0.0365	-0.0654	-0.0405	0.2844	0.0004	-0.0153	0.2538	0.2692	0.4267	0.5758	0.144	0.2977	1.0	-0.0134	0.6073	0.3007	0.2391	0.3282	-0.1351	0.2313	-0.2532	0.0227	0.0234	-0.0179	0.1303	-0.0462	-0.1342	-0.1378	-0.0839	-0.1224	-0.1728	0.25	-0.05	0.0605	-0.0352	-0.0682	-0.0751	-0.1367	-0.0946	0.2089	-0.0862	-0.1896	-0.1222	-0.1006	0.0518	-0.02	0.1174	-0.0636	0.1448	0.0806	0.024	-0.0746	-0.1771	-0.237	0.0543	0.0537	-0.0235	-0.1818	-0.2794	-0.1176
RH_SalVentAttn_FrOperIns_3	0.1741	-0.3601	0.0673	0.2677	-0.3464	0.158	-0.1571	-0.277	-0.4102	0.1822	0.0518	-0.0543	-0.079	-0.205	0.0735	-0.0738	-0.2178	-0.2143	0.1409	-0.399	-0.1757	-0.4297	-0.029	-0.0469	-0.2766	-0.0115	-0.3477	0.3275	-0.0836	-0.2371	0.1563	0.5057	0.3752	0.1321	0.2072	0.634	0.4604	-0.3707	0.414	-0.0638	0.1789	0.5549	0.6152	-0.1042	0.354	0.3823	-0.1777	0.5589	-0.0581	-0.0088	0.3082	0.293	-0.0602	0.0351	-0.2785	-0.3089	-0.0213	-0.2278	-0.0656	-0.3355	0.3158	0.464	0.7354	0.3432	0.3317	0.4548	0.3091	0.2918	0.1613	0.631	0.1308	0.0083	-0.3098	-0.3978	0.0534	-0.4723	-0.1949	-0.277	-0.3194	0.4198	-0.2396	-0.0504	0.1155	-0.3486	-0.2062	-0.3819	-0.1129	-0.2992	-0.2511	0.0679	-0.3673	0.3003	0.2011	0.2824	-0.1437	0.0571	-0.246	-0.0504	-0.0203	0.0848	-0.1565	0.2242	-0.4249	-0.0535	-0.2945	-0.4279	0.0373	-0.5388	0.0802	0.1801	-0.2508	-0.265	0.0409	-0.0686	0.072	-0.0277	-0.1347	0.0961	-0.0036	-0.0946	0.0137	-0.2331	-0.2752	0.1278	-0.3569	-0.0538	0.0723	-0.0578	0.1699	-0.1195	0.1809	-0.3089	-0.2081	-0.3197	0.0437	-0.1702	0.1099	0.5504	0.0801	0.2766	0.1612	0.1229	0.4482	0.0449	0.3162	0.4975	0.2222	-0.4148	-0.2004	0.0798	0.3487	0.2904	-0.0134	1.0	-0.0057	-0.0643	-0.1547	0.1169	0.1041	0.008	-0.356	-0.1654	-0.2324	0.0367	0.2329	0.5033	0.4346	0.3885	0.5205	0.4777	0.4762	0.1998	0.4441	0.0496	0.4975	0.4075	0.1426	-0.1617	-0.1093	0.0273	0.3707	0.3717	-0.0208	0.2634	-0.4684	-0.1771	-0.231	0.1222	-0.3931	0.103	-0.2134	-0.3197	-0.0198	-0.1924	-0.3321	0.3061	0.1277	0.121	-0.0625	0.0741
RH_SalVentAttn_FrOperIns_4	0.3164	0.4833	0.3001	0.2315	0.2806	0.0757	0.0915	0.4686	0.3901	0.2936	0.3543	0.1253	0.0062	0.1327	0.0857	0.3799	0.4668	0.4915	0.4022	-0.0628	0.2775	0.3991	0.2506	0.0242	0.0548	0.258	-0.1205	0.2055	0.0268	0.2392	0.0571	0.0194	-0.1662	0.3673	0.2398	-0.3091	-0.3208	-0.0783	-0.2511	0.1235	-0.0782	-0.4358	-0.2724	0.314	0.5174	0.4777	0.5508	-0.1239	0.5427	-0.0383	0.1276	0.1857	0.2359	-0.2829	-0.1165	-0.0222	0.2754	0.0417	0.1204	0.2383	-0.3185	-0.4656	-0.3354	-0.5174	-0.1798	-0.3522	-0.0831	-0.3023	-0.3808	-0.3897	-0.0869	-0.0903	-0.089	0.0267	-0.3782	0.031	0.0603	-0.2165	0.1097	-0.4904	0.0489	-0.5146	0.1051	-0.2688	-0.0047	-0.3479	-0.168	-0.1226	-0.2541	0.081	-0.1951	-0.2034	-0.4022	-0.3364	-0.3557	-0.1976	-0.1937	-0.3253	-0.146	-0.0343	0.0205	0.078	0.393	0.1457	0.4575	0.0059	0.1121	0.3312	0.205	0.1857	0.2904	0.0803	-0.0402	0.0456	-0.0515	0.2345	0.0476	0.4529	0.5833	0.7054	0.7755	0.1309	0.517	0.5174	0.6527	0.4456	0.1853	0.2815	0.3563	0.4153	0.4678	0.2803	0.0608	-0.0317	0.3983	0.4001	0.393	-0.0482	0.459	-0.0794	0.3056	0.0287	-0.0673	0.2492	0.3091	-0.0521	0.464	0.35	0.2799	0.7279	0.231	0.424	0.6073	-0.0057	1.0	0.7242	0.336	0.6517	-0.0814	0.0921	-0.2224	0.2002	0.0947	0.0859	0.3275	-0.2125	-0.2925	-0.263	-0.0591	-0.2876	-0.3275	0.2754	-0.1035	0.2945	0.0272	-0.018	-0.0046	-0.0575	-0.0529	0.2191	-0.002	-0.2993	0.1465	-0.2014	0.2559	-0.0917	0.3159	0.1034	0.3435	0.4184	-0.1863	-0.288	-0.1272	-0.2102	0.1917	-0.1019	-0.038	-0.1807	-0.2479	-0.0525
RH_SalVentAttn_Med_1	0.1905	0.3547	0.2231	0.2933	0.099	0.1359	-0.0144	0.284	0.1771	0.3223	0.2073	0.2282	-0.0417	-0.0069	-0.0901	0.1022	0.1505	0.4552	0.2392	-0.1172	0.3241	0.4671	0.326	-0.0037	-0.0625	0.2283	-0.2451	0.2854	-0.0373	0.2136	0.2156	-0.0424	-0.1401	0.4071	0.2709	-0.3038	-0.3065	-0.2245	-0.1883	-0.0826	0.0845	-0.447	-0.2286	0.154	0.4629	0.4298	0.418	0.091	0.5567	0.2603	0.0868	0.5035	0.3364	0.0392	-0.0778	-0.0348	0.384	0.2692	0.2707	0.1401	-0.4586	-0.5617	-0.3309	-0.4769	-0.3328	-0.3397	0.0946	-0.2328	-0.2336	-0.3133	-0.1019	-0.3021	0.1169	0.2282	-0.4045	0.2752	0.0892	-0.089	0.2352	-0.4057	0.1054	-0.4168	0.1924	0.0156	0.1622	-0.1732	0.0394	0.1837	0.0347	0.2095	0.1233	-0.0933	-0.4057	-0.2079	-0.1588	-0.0532	0.0554	-0.2333	0.0197	0.1026	0.0707	0.1056	0.2831	0.2584	0.3199	-0.0356	0.2262	0.159	0.2392	0.3529	0.18	0.0071	0.0787	0.0244	-0.1678	0.0746	-0.2736	0.2538	0.3985	0.5869	0.4978	-0.0074	0.4146	0.4861	0.4063	0.4116	0.3093	0.18	0.4116	0.37	0.418	0.1432	-0.0218	-0.0077	0.3271	0.2312	0.3069	-0.1739	0.4293	-0.3236	0.175	-0.0895	-0.1229	0.0281	0.1693	-0.3023	0.2147	0.1298	0.0166	0.5048	0.0607	0.1493	0.3007	-0.0643	0.7242	1.0	0.2028	0.6157	-0.1705	0.1489	-0.0693	0.3113	0.0183	0.265	0.0618	-0.4227	-0.4207	-0.3545	0.0043	-0.4575	-0.328	-0.0187	-0.2394	0.0992	-0.1784	-0.2766	0.0393	-0.2417	-0.1189	0.3616	-0.1477	-0.2683	0.0382	-0.464	0.2851	-0.0986	0.4811	-0.0691	0.2348	0.1916	0.0072	-0.091	-0.0653	-0.0525	0.2275	-0.3239	-0.051	0.0745	-0.1025	-0.1532
RH_SalVentAttn_Med_2	0.4604	0.2101	0.1267	0.2022	0.2797	0.0812	0.4582	0.3408	0.3834	0.4656	0.2777	0.4953	0.453	0.4594	0.2842	0.2189	0.2548	0.2144	0.2447	0.102	0.3275	0.1976	-0.041	0.1778	0.2757	0.1194	0.2424	0.1133	0.1011	0.2849	0.2815	0.1703	0.428	0.1124	0.0387	-0.1374	0.1886	0.4183	0.2584	0.1551	0.0584	-0.2646	-0.2983	0.1921	0.238	0.391	0.4645	-0.2392	0.4151	-0.2475	0.1719	0.1897	0.6287	-0.263	0.2361	0.2743	0.09	-0.0289	0.3842	0.2757	-0.1655	-0.3041	-0.2808	-0.2647	-0.0998	-0.4251	-0.3733	-0.0464	-0.5457	-0.401	0.4561	0.3419	-0.305	-0.366	-0.3535	-0.2989	-0.181	-0.2591	-0.2803	0.0112	-0.0631	-0.6523	-0.3302	-0.1665	-0.272	-0.2418	-0.4348	-0.1752	-0.4789	0.0413	-0.4826	-0.6372	-0.6082	-0.2718	-0.5495	0.0802	-0.1494	-0.236	-0.3053	0.3168	0.4983	0.4811	0.3788	0.3973	0.2492	0.3675	0.3133	0.2244	0.3545	0.2938	0.2262	0.1278	0.4404	0.5833	0.5385	0.0471	-0.0061	0.1763	0.1148	0.1319	0.3486	0.036	0.562	0.1644	0.4897	0.3395	0.0184	0.055	-0.0795	0.2173	0.1559	0.0199	-0.0666	0.0149	0.4625	0.4792	0.1303	-0.0832	0.1586	0.4233	0.4077	0.127	0.4612	0.2151	0.3511	-0.0246	0.2978	0.5299	0.4629	0.4197	0.4409	0.4922	0.2391	-0.1547	0.336	0.2028	1.0	0.2936	0.1248	0.1374	-0.0985	0.3389	0.326	0.4577	0.4478	-0.1413	0.0029	-0.1465	-0.2502	-0.2552	-0.2686	0.3337	0.0562	0.4225	-0.0523	-0.3751	0.3919	0.2263	-0.0683	0.0188	-0.5285	0.1353	0.0635	-0.3147	-0.0265	-0.1163	0.1318	-0.234	-0.031	-0.0254	-0.0572	0.0602	0.2757	-0.5181	-0.3386	0.152	-0.3203	0.1798	0.0087	0.2713
RH_SalVentAttn_Med_3	0.1509	0.1917	0.0737	0.1866	-0.0184	0.0097	-0.2186	0.2434	0.1345	0.225	0.1793	0.0885	-0.0222	0.0472	0.0456	0.2775	0.1841	0.4244	0.2536	-0.0141	0.2833	0.2375	0.1963	0.1218	0.0344	0.1951	-0.166	0.27	-0.0947	0.1929	0.0991	-0.0291	-0.0585	0.3004	0.2309	-0.1248	-0.1004	-0.097	0.0666	0.0346	0.3175	-0.2608	-0.0897	0.1338	0.4602	0.4258	0.3045	0.1487	0.3098	0.2311	0.3243	0.3371	0.243	0.0676	-0.2413	-0.1109	0.1684	-0.0616	0.2393	0.0429	-0.1913	-0.4222	-0.2015	-0.4731	-0.2386	-0.3093	0.1625	-0.2475	-0.1799	-0.2623	-0.0358	-0.1541	-0.2089	0.0825	-0.4458	0.1475	0.1209	-0.1293	0.1694	-0.179	0.2492	-0.4301	0.2001	-0.0689	0.0507	-0.3257	0.0481	-0.0767	-0.0399	0.0675	0.0292	-0.1186	-0.336	-0.1457	-0.0463	-0.1489	-0.1319	-0.3894	0.0821	-0.0833	0.1069	0.1638	0.3284	0.1638	0.2183	-0.0607	0.0414	0.0846	0.0427	0.2082	0.1354	-0.047	0.055	0.1825	0.0315	0.0786	-0.1379	0.2417	0.3128	0.4808	0.4692	0.0446	0.3192	0.4808	0.4668	0.2941	0.3194	0.2031	0.4629	0.3845	0.3675	0.0225	-0.0147	-0.1142	0.3109	0.2862	0.2886	-0.0613	0.2546	-0.0387	0.2952	0.0475	0.1772	0.0039	0.2701	0.0529	0.3759	0.1807	0.0396	0.4686	0.1553	0.3381	0.3282	0.1169	0.6517	0.6157	0.2936	1.0	-0.1799	0.0804	-0.1444	0.1069	0.0986	0.189	0.2414	-0.2086	-0.1546	-0.2541	0.0283	-0.3332	-0.1629	0.0477	-0.0058	0.2496	0.0565	-0.0277	0.119	-0.1402	-0.2201	0.0808	0.0781	0.0182	0.1825	-0.3065	0.1716	-0.0667	0.5328	-0.0117	0.1696	0.352	-0.0467	-0.4042	-0.276	-0.0549	0.2623	-0.0365	0.1389	0.0199	-0.0704	0.0464
RH_Limbic_OFC_1	0.1845	-0.0668	-0.1209	0.0864	-0.068	0.2546	0.3262	-0.1204	-0.1103	0.352	-0.1434	0.2599	0.1532	-0.0139	-0.122	-0.1646	0.071	-0.011	0.2636	0.0335	0.1146	0.0907	0.1896	-0.3319	-0.2122	0.1844	0.3808	0.0524	0.067	-0.2522	0.1622	0.2961	0.2283	0.0395	0.1628	0.3832	0.1732	0.3265	0.0694	0.158	-0.0391	0.1181	0.13	-0.1363	0.0787	-0.0271	0.2089	-0.2429	0.0511	-0.1359	-0.2376	-0.2292	0.0158	-0.157	0.3588	0.6492	0.2693	0.0888	0.2815	0.3784	0.0077	0.3289	0.2026	0.3018	-0.0908	-0.015	-0.2639	-0.132	-0.0669	0.1639	0.2889	0.2618	-0.1361	-0.2793	0.0213	-0.2329	-0.0956	-0.1614	-0.0407	0.2084	-0.238	-0.1859	-0.237	-0.098	-0.3164	-0.2208	-0.4229	-0.3098	-0.5646	-0.4087	-0.4713	-0.3778	-0.2145	-0.1833	-0.4529	0.3127	0.0741	0.1964	0.0791	0.1152	0.1703	0.0397	-0.2502	0.0521	-0.2833	-0.0126	0.0209	-0.2842	0.2079	0.0712	-0.2238	-0.0323	0.2759	0.0642	0.168	-0.034	0.0118	-0.0032	-0.0208	0.1444	-0.0294	-0.0098	-0.0449	0.198	-0.0216	0.1072	0.0362	-0.2022	0.1363	0.3598	0.0927	0.0648	0.0135	-0.1935	0.1514	0.0418	0.0806	0.2402	0.1522	0.4315	0.1971	0.0728	0.1312	0.0787	0.4257	0.0256	0.167	0.0068	-0.1735	0.0096	0.413	0.2664	-0.1351	0.1041	-0.0814	-0.1705	0.1248	-0.1799	1.0	0.2941	0.2456	0.2251	0.4344	0.2318	0.1586	0.2713	0.5176	0.4968	0.1173	0.3707	-0.1263	0.065	0.568	-0.2865	-0.1047	0.3043	0.3919	0.3577	0.16	-0.2927	-0.1017	0.2781	-0.0294	0.1687	0.0554	0.402	-0.0589	0.1735	-0.31	0.1159	0.204	-0.0203	-0.182	-0.2515	-0.4861	-0.1772	-0.0709	0.1599	0.3176	0.4235
RH_Limbic_OFC_2	0.1273	0.0789	0.0047	0.179	0.0613	0.2412	0.1607	-0.2083	-0.0994	0.0702	0.0461	0.1107	-0.0077	0.0003	0.0138	-0.0332	-0.0032	-0.1975	0.1314	0.0943	-0.0999	-0.0504	-0.1129	0.0379	0.0092	-0.246	-0.0653	0.1151	-0.0081	0.1736	0.3466	0.1532	0.1487	0.0245	-0.0435	-0.0052	0.0716	-0.0045	0.0675	-0.0106	-0.0447	-0.0927	-0.12	-0.233	-0.0478	0.1043	-0.0266	-0.3043	-0.0895	-0.1312	-0.1308	0.0392	0.1734	-0.282	0.4382	0.3408	0.3784	0.2768	0.2527	0.2223	-0.2683	-0.0245	-0.1061	0.0524	0.0164	-0.0648	-0.0798	-0.0485	0.182	-0.0029	0.0195	-0.1213	0.1643	-0.0081	0.0131	0.0589	0.0526	-0.1391	-0.1478	0.0959	-0.2885	-0.1194	-0.1235	0.2724	0.0495	-0.2451	-0.1883	0.0958	-0.1077	-0.1611	0.0369	-0.1159	-0.3456	0.0125	-0.2322	0.0502	0.0214	0.0804	0.003	0.3337	0.2562	0.1546	0.1197	0.069	-0.1118	0.2232	0.1353	0.0565	0.2451	0.1267	-0.0756	-0.0762	-0.0476	0.0002	0.1072	0.1559	-0.1803	-0.0053	-0.0143	0.0768	0.0372	0.0675	0.156	0.0346	0.0913	0.1661	0.3102	0.1032	-0.0382	0.2492	0.0439	-0.1644	-0.0681	0.1837	0.1544	0.0133	0.0684	-0.0858	0.1811	-0.0554	0.0593	-0.1461	0.1375	0.1158	0.2279	-0.1064	0.0697	0.0251	-0.1259	0.0742	0.3113	0.0224	0.2313	0.008	0.0921	0.1489	0.1374	0.0804	0.2941	1.0	0.0237	0.2573	0.3863	0.2011	0.0867	-0.0647	0.131	0.1729	-0.0034	0.0743	-0.1334	0.0903	0.3173	-0.2253	-0.2882	0.0358	0.0911	0.0412	-0.2019	0.0213	0.0234	0.1357	-0.029	-0.2224	-0.0998	0.367	0.2228	0.0669	-0.2055	0.1577	0.3729	0.0724	-0.1885	0.0675	-0.0654	0.0274	0.0099	0.0754	0.1487	0.0812
RH_Limbic_OFC_3	-0.0244	-0.0047	-0.3127	-0.2562	-0.1051	0.113	-0.1421	-0.0851	-0.0746	-0.0896	-0.2205	-0.0883	-0.0291	-0.0086	-0.4372	-0.3248	-0.2593	-0.1054	-0.1902	0.1347	-0.0259	0.1498	0.0535	-0.323	-0.1398	0.1201	0.0967	-0.1286	-0.1253	-0.2869	-0.0765	-0.3618	-0.3113	0.0231	-0.0759	-0.2004	-0.2184	0.2456	-0.1858	-0.0678	-0.0016	-0.2794	-0.2477	-0.2826	-0.2253	-0.3436	-0.0596	-0.2007	-0.2113	0.114	-0.1758	-0.1974	-0.0128	0.112	0.2837	0.2716	-0.0809	0.1646	0.2801	0.16	-0.1389	-0.2855	-0.3438	-0.2709	-0.4833	-0.3477	0.0776	-0.3836	-0.1552	-0.2977	-0.0207	0.0769	0.0112	0.1464	-0.1068	0.2686	-0.1384	-0.0529	0.1096	-0.0446	0.1654	0.0084	0.0067	0.4468	-0.0127	0.3045	0.1099	0.1953	0.1417	-0.0858	0.2414	-0.2056	-0.2824	-0.1031	0.0953	0.1003	0.3717	0.0205	0.3808	-0.0983	0.033	-0.2131	-0.12	-0.0717	-0.0377	-0.1051	0.0425	-0.0252	-0.2459	-0.0806	0.0078	-0.1379	0.0183	-0.0968	-0.0711	-0.1862	-0.2172	-0.3001	-0.2534	-0.0924	-0.1662	0.059	-0.1368	0.0455	-0.0601	-0.2961	-0.0337	-0.4476	0.0465	0.0599	-0.0765	-0.0293	-0.1845	-0.3052	-0.0305	-0.029	0.0046	-0.1204	-0.0354	-0.0357	-0.0321	-0.1334	-0.0949	-0.328	-0.0383	-0.0139	-0.096	-0.0229	-0.2616	-0.3077	-0.108	-0.1592	-0.2532	-0.356	-0.2224	-0.0693	-0.0985	-0.1444	0.2456	0.0237	1.0	0.1428	0.3931	0.0395	-0.0872	-0.2097	-0.0306	-0.0433	0.0481	-0.1766	0.0581	-0.2468	-0.0301	-0.0638	-0.1532	-0.0491	0.111	0.4176	0.2447	-0.0018	0.0594	0.1725	0.2463	-0.0668	0.3477	0.4346	0.2218	0.1117	-0.1667	0.1967	0.532	0.3746	-0.026	0.4257	0.2785	-0.179	0.2821	0.1616	0.493	0.3628
RH_Limbic_TempPole_1	0.2575	0.2064	0.2198	0.0091	-0.083	0.1876	0.1586	0.1142	0.1387	0.2981	0.3358	0.3985	0.1209	0.274	-0.2166	-0.0966	-0.0834	0.1263	0.1372	0.1903	0.4758	0.3282	0.0299	-0.2889	0.0178	0.0532	0.1858	0.1991	-0.0437	0.0069	0.3834	0.1866	0.2559	0.3262	0.2304	-0.0837	0.2109	0.2968	0.1224	-0.0743	0.1125	-0.2293	-0.0986	-0.1357	0.2625	0.2781	0.2234	-0.1628	0.29	0.2552	-0.0169	0.2849	0.3598	0.0536	0.3332	0.3563	0.4983	0.3232	0.7925	0.4081	-0.3631	-0.4276	-0.2684	-0.3517	-0.3782	-0.4861	-0.2855	-0.1907	-0.27	-0.326	0.1903	-0.1183	0.0952	0.2025	-0.3683	0.2062	0.1013	0.0636	0.059	-0.1588	0.1034	-0.5277	-0.0461	0.0091	0.0368	-0.0792	-0.0731	0.0085	-0.2907	-0.0082	-0.2357	-0.5227	-0.5686	-0.4011	-0.3771	0.265	0.1309	-0.2833	-0.0863	0.5022	0.3767	0.3436	0.2953	0.2012	0.2107	0.0324	0.2317	0.0257	0.1292	0.1206	0.395	0.0811	0.2851	0.1991	0.4087	-0.0831	-0.2599	0.1286	-0.1034	0.167	0.2451	0.1826	0.2456	0.1779	0.2874	0.277	-0.0737	-0.0576	0.0943	0.2854	0.3742	-0.0128	-0.073	0.0605	0.342	0.1074	0.2766	-0.1335	0.2981	0.015	0.4304	0.255	0.1937	0.1963	0.1662	-0.2202	-0.0499	0.1844	-0.0647	0.226	0.3001	0.3317	0.0227	-0.1654	0.2002	0.3113	0.3389	0.1069	0.2251	0.2573	0.1428	1.0	0.5	0.5028	0.0355	-0.4036	-0.1177	-0.2855	-0.2973	-0.4633	-0.464	-0.2195	-0.1008	-0.0884	-0.2707	-0.4057	0.2639	0.1124	-0.0013	0.1181	-0.4863	0.0095	-0.0496	-0.5378	0.4358	0.0472	0.3536	-0.1758	-0.0149	0.0586	-0.0428	-0.1051	0.1426	-0.3234	-0.3371	-0.2468	-0.321	0.2636	0.1272	0.1147
RH_Limbic_TempPole_2	0.2513	0.189	-0.1412	-0.0106	0.0117	0.2487	0.2279	-0.0433	0.1025	0.2727	0.0759	0.2491	0.2001	0.182	-0.1435	-0.1601	0.0209	0.0347	-0.0113	0.2146	0.1746	0.1575	-0.0333	-0.3447	-0.151	0.0123	0.2015	0.0271	-0.1559	-0.1611	0.2377	-0.0242	0.0823	0.1012	0.1247	0.0162	0.0571	0.4378	0.0001	0.1325	0.0973	-0.2163	-0.176	-0.3319	-0.045	0.0024	0.2122	-0.4869	-0.0395	-0.0376	-0.1209	-0.1573	0.0413	-0.1694	0.4792	0.5406	0.4329	0.2064	0.5413	0.4358	-0.1901	-0.2413	-0.2566	-0.2644	-0.4676	-0.5252	-0.3053	-0.4176	-0.2165	-0.3366	0.2449	0.0801	-0.0619	-0.0035	-0.3297	0.1278	0.1169	-0.138	-0.0444	-0.1036	0.1772	-0.4963	-0.2941	0.1082	-0.149	-0.1735	-0.2623	-0.1433	-0.4065	-0.3284	-0.2508	-0.6225	-0.6296	-0.4311	-0.3628	0.1451	0.0447	-0.2684	0.0224	0.1362	0.3077	0.1418	0.2723	0.0916	0.0437	0.2147	0.1509	0.0874	0.1	0.1326	0.238	0.1116	0.1862	0.213	0.3832	-0.1423	-0.3038	-0.0956	-0.1535	0.136	0.1562	0.1983	0.321	0.2061	0.2815	0.0894	-0.0367	-0.2137	0.009	0.272	0.2183	-0.1796	-0.1028	-0.1174	0.4081	0.1683	0.1697	0.0551	0.1811	0.3486	0.3324	0.1361	0.2329	0.1156	0.3164	0.0156	0.2727	0.3585	-0.0214	0.1471	0.3613	0.3985	0.0234	-0.2324	0.0947	0.0183	0.326	0.0986	0.4344	0.3863	0.3931	0.5	1.0	0.4204	0.2546	-0.0391	0.2256	0.0996	-0.2391	-0.1528	-0.3136	0.0645	0.3346	-0.0308	-0.2456	-0.0923	0.3748	0.4378	0.0777	-0.0944	-0.1408	0.2116	0.2082	-0.2223	0.3944	0.4453	0.2867	0.127	-0.0193	0.3136	0.1694	0.0134	-0.1672	-0.1361	-0.1277	-0.1227	-0.082	0.1573	0.2683	0.4409
RH_Limbic_TempPole_3	0.1209	-0.0503	0.0801	0.0133	-0.0859	0.0594	0.1027	-0.1145	-0.0803	0.3921	0.2135	0.293	0.1407	0.1852	0.0664	-0.0868	-0.1552	0.274	-0.0032	0.032	0.2701	0.0901	-0.1648	-0.1449	-0.1113	-0.1101	0.0241	0.1576	-0.1621	0.1742	0.4517	0.3531	0.5	0.24	0.2007	0.204	0.3366	0.203	0.3147	0.1085	0.2297	-0.1299	0.0321	-0.0588	0.1942	0.3339	0.2842	-0.0555	0.2112	0.1297	0.146	0.2595	0.3685	0.0676	0.335	0.4414	0.3776	0.3373	0.5703	0.281	-0.1416	-0.0816	0.012	-0.0685	-0.1806	-0.217	-0.0539	0.0896	-0.132	-0.0704	0.4368	0.0645	-0.1469	-0.1364	-0.3397	0.0379	0.0769	-0.0236	0.0101	0.0913	0.1119	-0.5315	-0.0986	-0.1094	-0.1181	-0.1571	-0.1276	-0.2044	-0.4016	-0.0207	-0.2833	-0.335	-0.5025	-0.2083	-0.2749	0.2707	-0.0267	-0.1709	-0.0433	0.3702	0.5349	0.5347	0.1394	0.1465	0.012	0.1619	0.367	-0.0444	0.1677	0.3223	0.1771	-0.0849	0.2614	0.1654	0.3496	-0.1729	-0.2003	0.0381	-0.1707	0.1486	0.1115	0.0435	0.2736	0.0729	0.1639	0.1162	-0.0742	-0.1696	-0.1103	0.2376	0.2195	-0.1633	-0.1714	-0.0713	0.4302	0.1155	0.0947	0.0531	0.1307	0.3517	0.3698	0.1483	0.4236	0.0352	0.305	-0.0089	0.1183	0.1426	0.0419	0.1857	0.4307	0.449	-0.0179	0.0367	0.0859	0.265	0.4577	0.189	0.2318	0.2011	0.0395	0.5028	0.4204	1.0	0.158	-0.1234	0.2172	0.0427	-0.1887	-0.2149	-0.2212	0.0078	0.2502	0.0367	-0.0131	-0.2256	0.4585	0.2634	-0.0866	-0.0122	-0.3624	0.2465	0.0268	-0.3603	0.1322	0.1521	0.3719	-0.0525	-0.1182	-0.0658	0.0608	-0.1896	-0.0797	-0.4874	-0.359	-0.0848	-0.1494	0.395	0.1417	0.2936
RH_Cont_Par_1	0.4648	0.2394	0.0076	0.4333	0.0841	-0.133	0.2981	0.272	0.212	0.4684	0.3852	0.3203	0.383	0.3464	0.001	0.0062	0.0647	-0.125	0.0835	-0.2889	-0.0494	0.0962	-0.0729	-0.2582	-0.0471	-0.058	0.0143	0.165	-0.1044	-0.2205	-0.1522	0.3921	0.3598	0.0761	0.1894	0.3065	0.3138	0.2894	0.2552	0.3027	-0.089	-0.046	0.0781	-0.1761	0.2806	0.4605	0.2284	-0.1742	0.1938	-0.2785	0.2428	-0.1823	0.2356	-0.4754	-0.1306	0.037	-0.0321	-0.4728	0.1187	0.0451	0.3683	0.0648	0.1779	-0.1687	-0.0991	-0.1702	-0.1123	-0.1611	-0.4751	-0.1697	0.3185	0.4513	-0.4526	-0.5095	-0.3733	-0.5245	-0.2028	-0.7252	-0.3452	0.1152	0.059	-0.5028	-0.262	-0.5891	-0.4629	-0.6181	-0.4671	-0.6926	-0.662	-0.331	-0.6452	-0.4342	-0.3351	-0.2657	-0.584	-0.1763	-0.2059	-0.4038	0.0509	-0.2091	-0.1194	-0.0437	0.1396	0.2981	0.1135	0.0858	-0.0156	0.039	0.4018	0.2922	0.2454	0.1059	0.2468	0.4498	0.543	-0.0399	-0.2015	0.2668	0.0353	0.1353	0.1662	-0.1085	0.2255	0.2465	0.1878	0.1185	-0.2068	-0.2575	0.0403	0.1886	0.3001	0.0497	-0.2947	-0.4668	0.4566	0.562	0.2801	0.636	0.2256	0.6163	0.6044	0.4678	0.5693	0.3563	0.6729	0.38	0.7287	0.3878	0.1649	0.446	0.5181	0.5932	0.1303	0.2329	0.3275	0.0618	0.4478	0.2414	0.1586	0.0867	-0.0872	0.0355	0.2546	0.158	1.0	0.4839	0.3893	0.2993	0.0303	0.211	0.0427	0.7329	0.4454	0.5784	0.3816	0.2506	0.366	0.3239	-0.0253	-0.0871	0.1859	0.3457	0.5737	0.2144	-0.1412	-0.0358	-0.2268	0.342	0.0204	0.453	-0.3118	-0.3378	0.1444	-0.1901	-0.1212	0.3156	-0.0803	-0.0964	0.014	0.4877
RH_Cont_Par_2	0.0449	-0.1661	-0.3386	0.1853	-0.0814	-0.0329	0.102	-0.2748	-0.234	0.1071	-0.182	0.0379	0.0912	-0.1313	0.2506	0.0232	0.0612	-0.2491	0.0346	-0.232	-0.4366	-0.3845	-0.1494	-0.1751	-0.4103	-0.1318	-0.011	-0.0778	-0.0806	-0.3919	-0.3607	0.2977	0.2541	-0.3592	-0.1763	0.5866	0.3118	-0.1356	0.2788	0.2019	-0.1684	0.5653	0.4743	-0.0952	-0.0723	-0.0179	-0.0589	0.0711	-0.2475	-0.4235	0.014	-0.3373	-0.2408	-0.3378	-0.2562	-0.0535	-0.2246	-0.4811	-0.3832	-0.1898	0.6472	0.6965	0.6598	0.5876	0.388	0.4723	0.0371	0.1437	-0.0197	0.5563	0.1033	0.2538	-0.3688	-0.528	0.339	-0.6489	-0.15	-0.4014	-0.4425	0.4466	-0.1987	0.1412	-0.3381	-0.4466	-0.449	-0.439	-0.4136	-0.5469	-0.4036	-0.4272	-0.4975	0.158	0.339	0.2382	-0.2073	-0.1302	-0.3492	-0.0131	-0.094	-0.259	-0.3417	-0.2239	-0.3366	-0.1018	-0.4304	-0.0754	-0.154	-0.3203	0.0565	0.0278	-0.2989	-0.0912	-0.0365	0.0469	0.1178	0.1492	0.0901	0.1876	0.0858	-0.056	-0.1707	-0.1424	-0.341	0.0127	-0.3232	-0.2724	-0.1886	-0.2454	-0.0527	-0.2204	-0.206	-0.0947	-0.2145	-0.3871	-0.0702	0.0414	-0.1069	0.7306	-0.1713	0.575	-0.0094	0.1424	0.3426	0.0569	0.3598	0.6075	0.3714	-0.1435	-0.0044	-0.0237	0.2475	0.2293	-0.0462	0.5033	-0.2125	-0.4227	-0.1413	-0.2086	0.2713	-0.0647	-0.2097	-0.4036	-0.0391	-0.1234	0.4839	1.0	0.767	0.8161	0.3426	0.8178	0.5091	0.5091	0.6903	0.0809	0.5	0.6745	0.0784	0.0496	0.0045	-0.3018	0.4754	0.4366	0.1953	0.7565	-0.5392	0.1133	-0.6054	0.359	-0.1329	0.1217	-0.1694	-0.2412	-0.1376	-0.0652	-0.2257	0.4692	0.2199	-0.1798	-0.0659	0.2489
RH_Cont_Par_3	-0.0048	-0.1443	-0.2886	0.2119	-0.1188	0.1138	0.2595	-0.4051	-0.2918	0.3778	-0.1619	0.1736	0.1481	-0.0004	0.0549	-0.1876	-0.0563	-0.2079	0.0533	-0.0144	-0.2092	-0.3191	-0.2871	-0.2061	-0.4285	-0.1816	0.14	-0.0542	-0.1064	-0.272	0.039	0.3461	0.5083	-0.2794	-0.1179	0.6853	0.4892	0.1516	0.3635	0.2171	-0.1221	0.3985	0.4022	-0.1855	-0.0655	-0.0165	0.0113	-0.0736	-0.1656	-0.3472	-0.1634	-0.2543	-0.1871	-0.1834	0.0202	0.0989	-0.0749	-0.2586	-0.0751	-0.0128	0.3395	0.664	0.5649	0.5295	0.1041	0.2268	-0.0512	-0.0257	0.0301	0.4633	0.403	0.1792	-0.3893	-0.5633	0.0804	-0.5476	-0.165	-0.4095	-0.3029	0.5567	-0.2862	-0.0582	-0.3197	-0.3347	-0.496	-0.5746	-0.519	-0.592	-0.5907	-0.4922	-0.5814	-0.0773	-0.0084	-0.0058	-0.3876	0.1836	-0.1038	0.0795	0.0831	-0.0034	0.0557	0.039	-0.3481	0.0137	-0.4856	0.0334	-0.0035	-0.3967	0.2006	0.2727	-0.3153	-0.2065	0.2701	0.1745	0.3373	-0.1158	-0.1287	0.1015	-0.1169	-0.0462	-0.1917	-0.0243	-0.1918	0.0501	-0.1541	-0.2465	-0.1164	-0.3761	-0.0871	-0.0052	-0.1553	-0.1197	-0.2978	-0.3393	0.1073	0.0877	-0.0914	0.6073	-0.1728	0.7195	0.1751	0.2092	0.517	0.0006	0.4252	0.4244	0.3053	-0.1303	-0.1069	-0.0754	0.5576	0.3717	-0.1342	0.4346	-0.2925	-0.4207	0.0029	-0.1546	0.5176	0.131	-0.0306	-0.1177	0.2256	0.2172	0.3893	0.767	1.0	0.8663	0.2759	0.6234	0.3825	0.2566	0.9014	-0.1851	0.1551	0.6291	0.4656	0.2197	-0.1161	-0.3543	0.1811	0.7434	0.2354	0.4941	-0.4126	0.4011	-0.2961	0.3857	-0.4042	0.0732	0.1074	-0.1938	-0.2693	-0.1439	-0.4808	0.2673	0.1484	0.1805	0.3427	0.6181
RH_Cont_Temp_1	-0.0575	-0.0769	-0.3176	0.243	-0.0826	0.0231	0.2197	-0.3971	-0.281	0.1943	-0.297	0.0891	0.1111	-0.1085	0.2008	-0.0973	0.0481	-0.1718	0.0512	-0.0784	-0.3727	-0.2891	-0.1409	-0.2329	-0.4145	-0.165	0.1378	-0.0967	0.0138	-0.2401	-0.1046	0.2788	0.314	-0.3375	-0.1906	0.5515	0.2623	0.0006	0.1643	0.3093	-0.2729	0.3511	0.3456	-0.0976	-0.1843	-0.1378	-0.0425	-0.1037	-0.2281	-0.455	-0.214	-0.3973	-0.2244	-0.288	-0.057	0.1845	-0.0561	-0.2657	-0.2335	0.005	0.3934	0.7168	0.5106	0.685	0.288	0.4364	-0.027	0.009	0.0978	0.5368	0.1087	0.1601	-0.2434	-0.527	0.3496	-0.5576	-0.0932	-0.3786	-0.3651	0.5259	-0.3547	0.1557	-0.3808	-0.2704	-0.4414	-0.5035	-0.4897	-0.5127	-0.4617	-0.5964	-0.4396	0.1	0.2031	0.1354	-0.3199	-0.0312	-0.2226	0.1654	-0.0033	-0.1391	-0.1004	-0.2204	-0.3438	0.0041	-0.5077	0.0947	-0.0555	-0.3459	0.1796	0.1238	-0.4364	-0.1441	0.0499	-0.0022	0.0696	0.0128	-0.0441	0.1285	0.063	0.0079	-0.2297	-0.0759	-0.2927	0.0416	-0.2534	-0.2188	-0.0537	-0.2317	-0.076	-0.0385	-0.2259	-0.0024	-0.2489	-0.2729	0.0226	0.0441	-0.181	0.5462	-0.1374	0.4702	-0.0734	0.0587	0.2154	-0.0418	0.3282	0.3203	0.2775	-0.1651	-0.0683	-0.1455	0.3852	0.1375	-0.1378	0.3885	-0.263	-0.3545	-0.1465	-0.2541	0.4968	0.1729	-0.0433	-0.2855	0.0996	0.0427	0.2993	0.8161	0.8663	1.0	0.3027	0.8379	0.3863	0.3266	0.8604	-0.2616	0.1428	0.7541	0.1573	0.0449	-0.1048	-0.4132	0.305	0.5713	0.2064	0.6683	-0.447	0.4971	-0.4198	0.4892	-0.2772	0.0973	0.1551	-0.1873	-0.3736	0.0388	-0.3081	0.2073	0.158	-0.0994	0.1836	0.4018
RH_Cont_PFCv_1	-0.0143	-0.131	-0.3095	0.2171	-0.018	0.0559	-0.0953	-0.2127	-0.2532	0.1353	-0.3817	0.006	-0.0509	-0.2749	0.0301	-0.0727	-0.074	-0.1751	0.156	-0.312	-0.2114	-0.1249	-0.0638	0.012	-0.5022	0.0085	-0.3041	-0.158	-0.0891	-0.284	-0.189	-0.0684	-0.0981	-0.2123	-0.2701	0.2009	-0.1375	-0.4342	-0.0046	-0.3289	0.0977	0.2094	0.1879	-0.0077	0.0694	-0.0504	0.0131	0.5062	-0.0605	0.046	0.0273	0.1218	-0.0645	0.1584	-0.2704	-0.2837	-0.2724	-0.1943	-0.2198	-0.1886	0.2546	0.2902	0.3549	0.2003	0.0441	0.3358	0.3218	0.048	0.0522	0.367	-0.0463	-0.0319	-0.3496	-0.139	0.1518	-0.1352	0.0403	-0.1192	0.0851	0.1353	-0.0964	0.2252	0.2618	-0.1297	0.0636	-0.097	0.0761	-0.0052	0.0854	0.1809	-0.0387	0.3124	0.2806	0.1319	0.0887	-0.0344	0.0627	0.0677	0.2293	-0.1923	-0.206	-0.2203	-0.4453	0.0247	-0.3452	-0.3698	-0.014	-0.3293	0.0205	0.1361	-0.5139	-0.2409	0.076	-0.0707	-0.3062	0.1162	-0.0757	-0.0358	0.0808	0.0485	-0.0754	-0.2704	-0.2552	0.0879	-0.3427	-0.0314	0.1849	-0.2564	0.2065	-0.1184	-0.2522	-0.0894	-0.2342	-0.3986	-0.2003	-0.1172	-0.166	0.2156	-0.2582	0.0703	-0.2641	-0.3522	0.0768	-0.2806	0.1361	0.2603	0.0089	-0.2375	-0.0172	-0.1201	-0.0293	0.0661	-0.0839	0.5205	-0.0591	0.0043	-0.2502	0.0283	0.1173	-0.0034	0.0481	-0.2973	-0.2391	-0.1887	0.0303	0.3426	0.2759	0.3027	1.0	0.3025	0.5055	-0.0532	0.2356	-0.0343	0.2772	0.3579	0.057	-0.0651	0.0023	0.1381	0.3461	0.0934	0.1178	0.3664	-0.3694	-0.0274	-0.1435	0.2945	-0.1366	0.1725	0.0232	-0.0256	-0.0214	0.128	0.0146	0.1887	0.3582	0.0761	0.0443	0.1136
RH_Cont_PFCl_1	-0.0063	-0.179	-0.1971	0.1482	-0.1178	-0.0147	0.0834	-0.335	-0.2492	-0.0802	-0.2688	-0.0905	0.0693	-0.215	0.2886	0.0005	0.0393	-0.2506	0.0036	-0.2009	-0.5231	-0.4766	-0.0176	-0.0783	-0.2552	-0.1091	0.1059	-0.0847	0.1395	-0.2793	-0.2412	0.2854	0.1475	-0.3447	-0.204	0.4702	0.1762	-0.1895	0.1373	0.252	-0.25	0.5035	0.4073	-0.0813	-0.2015	-0.1412	-0.2061	0.0932	-0.352	-0.436	-0.0087	-0.3934	-0.2288	-0.2749	-0.165	0.0786	-0.1812	-0.365	-0.4445	-0.1559	0.5388	0.7496	0.5926	0.7541	0.5977	0.7079	0.0817	0.2882	0.1444	0.6688	-0.1256	0.1552	-0.1907	-0.4884	0.5633	-0.6296	-0.1411	-0.2815	-0.5083	0.4713	-0.3888	0.3464	-0.2641	-0.2927	-0.2904	-0.2877	-0.3081	-0.3584	-0.2179	-0.3859	-0.3036	0.3813	0.5295	0.3973	-0.1192	-0.2288	-0.4103	0.2497	-0.1822	-0.2156	-0.1823	-0.2618	-0.3702	-0.0727	-0.418	-0.0527	-0.1095	-0.336	0.0571	-0.1469	-0.4374	-0.0768	-0.1736	-0.1433	-0.1224	0.1091	0.119	0.1185	0.098	-0.1816	-0.2877	-0.15	-0.4811	-0.0574	-0.4116	-0.2179	-0.056	-0.0262	-0.0435	-0.1551	-0.2688	0.06	-0.0506	-0.1958	-0.1282	-0.0701	-0.1911	0.4953	-0.1312	0.2562	-0.2396	-0.0235	0.0547	0.0124	0.1871	0.4028	0.1669	-0.2693	-0.046	-0.2046	0.179	-0.0772	-0.1224	0.4777	-0.2876	-0.4575	-0.2552	-0.3332	0.3707	0.0743	-0.1766	-0.4633	-0.1528	-0.2149	0.211	0.8178	0.6234	0.8379	0.3025	1.0	0.4919	0.4175	0.6304	-0.1105	0.3888	0.741	-0.2028	-0.122	-0.1034	-0.3946	0.4912	0.3234	0.0432	0.7866	-0.5363	0.235	-0.6366	0.3384	-0.2166	0.0457	0.0297	-0.1315	-0.1725	0.0958	-0.1752	0.378	0.1249	-0.3459	-0.117	0.0496
RH_Cont_PFCl_2	-0.1601	-0.3245	-0.3138	0.1329	-0.0848	0.0984	-0.1563	-0.3188	-0.2998	-0.1224	-0.3496	-0.2073	-0.0554	-0.3102	0.1259	0.0403	-0.2271	-0.3915	-0.1544	-0.2208	-0.5306	-0.4552	-0.3052	0.0701	-0.3369	-0.1612	-0.2423	-0.0797	-0.1767	-0.321	-0.2977	-0.045	-0.0694	-0.3052	-0.3575	0.2557	0.1278	-0.4102	0.3332	-0.2275	0.0327	0.504	0.3258	-0.1556	-0.1997	-0.1611	-0.2578	0.4112	-0.4008	-0.2454	0.1767	-0.0049	-0.0399	-0.0648	-0.2904	-0.4283	-0.5871	-0.366	-0.344	-0.5168	0.4466	0.4382	0.499	0.3845	0.3498	0.4705	0.4001	0.1943	0.0908	0.4574	0.0185	0.0572	-0.3898	-0.4637	0.411	-0.4048	-0.2403	-0.2513	-0.3577	0.5693	-0.1813	0.4384	0.1616	-0.0602	-0.255	-0.0031	-0.0946	-0.0212	0.1533	0.0737	-0.028	0.462	0.4124	0.573	0.1674	-0.0146	-0.0596	0.2346	0.1256	-0.1497	-0.2723	-0.2124	-0.4912	-0.1965	-0.3386	-0.2188	0.0538	-0.2527	-0.1811	0.0761	-0.4702	-0.2876	-0.0305	-0.0868	-0.2193	0.0579	-0.0365	0.0285	-0.0506	-0.3878	-0.2757	-0.1686	-0.4579	-0.1694	-0.3823	-0.3464	-0.1278	-0.2724	-0.0798	-0.3971	-0.3961	-0.2348	-0.3223	-0.4117	-0.3159	-0.0867	-0.2277	0.2748	-0.3007	0.1319	-0.2942	-0.2524	0.2692	-0.4283	-0.0627	0.5462	-0.12	-0.3632	-0.0229	-0.3355	-0.1256	-0.1075	-0.1728	0.4762	-0.3275	-0.328	-0.2686	-0.1629	-0.1263	-0.1334	0.0581	-0.464	-0.3136	-0.2212	0.0427	0.5091	0.3825	0.3863	0.5055	0.4919	1.0	0.0477	0.2657	0.1477	0.4474	0.502	-0.0322	-0.0399	-0.1082	-0.0192	0.5077	0.4656	0.2496	0.5768	-0.6455	0.0567	-0.2413	0.2554	-0.2851	-0.0631	0.1209	0.2081	0.125	0.2993	0.0655	0.6343	0.5869	0.0475	0.1821	0.1883
RH_Cont_PFCl_3	0.394	0.1669	0.0754	0.2377	0.176	-0.108	0.3113	0.2451	0.1309	0.1631	0.2668	0.0558	0.2195	0.1771	0.3109	0.2729	0.2777	-0.0359	0.1285	-0.255	-0.2204	-0.1312	0.0872	0.0418	0.1625	0.0475	0.0969	0.157	0.1381	0.059	-0.0415	0.2775	0.2433	0.0935	0.1482	0.235	0.1048	0.0717	0.0495	0.4026	-0.3173	0.0313	0.0333	0.1229	0.1748	0.347	0.153	-0.2323	0.146	-0.5127	0.1513	-0.2552	0.0897	-0.598	-0.121	0.0273	0.0933	-0.4215	-0.2103	-0.1385	0.2534	0.206	0.2214	0.0644	0.2639	0.1002	-0.1914	0.1705	-0.3324	0.0231	0.1392	0.3493	-0.1874	-0.4648	-0.0381	-0.5823	-0.3401	-0.621	-0.5252	0.0358	-0.2333	-0.2727	-0.4026	-0.3905	-0.4686	-0.464	-0.5209	-0.4863	-0.44	-0.2454	-0.519	-0.1477	-0.1216	-0.0355	-0.504	-0.2698	-0.3611	-0.1723	-0.2502	-0.1514	-0.1709	0.0165	0.0597	0.1267	0.1153	0.1892	-0.1416	0.0846	0.3351	0.1283	0.16	0.1047	-0.0986	0.2162	0.29	0.1623	0.0056	0.1849	0.1853	0.136	0.1207	-0.1201	0.1694	0.1498	0.107	0.0813	-0.0646	0.0422	-0.0343	0.1982	0.2071	0.13	0.0494	-0.1503	0.3644	0.3742	0.223	0.5635	0.2618	0.4705	0.3147	0.2684	0.265	0.4271	0.4585	0.3144	0.7127	0.3171	0.2854	0.4011	0.3832	0.4366	0.25	0.1998	0.2754	-0.0187	0.3337	0.0477	0.065	0.0903	-0.2468	-0.2195	0.0645	0.0078	0.7329	0.5091	0.2566	0.3266	-0.0532	0.4175	0.0477	1.0	0.4078	0.4605	0.3511	0.2468	0.0685	0.1083	-0.0512	-0.115	0.2195	0.117	0.174	0.3317	-0.2605	-0.0628	-0.3823	0.1064	-0.0599	0.3001	-0.2224	-0.0943	0.1072	-0.1887	-0.0673	0.3095	-0.1123	-0.2444	-0.1916	0.1492
RH_Cont_PFCl_4	0.1042	-0.0388	-0.1762	0.2803	-0.1178	0.1681	0.2673	-0.3438	-0.3124	0.365	-0.0927	0.1495	0.0953	-0.052	0.1222	-0.0762	0.0443	-0.1371	0.1597	-0.0058	-0.2062	-0.2189	-0.1519	-0.2318	-0.3404	-0.1158	0.0839	0.1005	-0.0548	-0.1557	0.1767	0.3817	0.4554	-0.0922	0.044	0.6556	0.3813	0.0885	0.2536	0.2518	-0.1102	0.2718	0.3531	-0.1521	0.0187	0.0987	0.0297	-0.175	-0.0733	-0.3613	-0.1811	-0.2591	-0.1714	-0.3107	0.1014	0.2371	0.1756	-0.1886	0.0014	0.0272	0.2308	0.6018	0.5132	0.4609	0.0956	0.2203	-0.117	-0.0456	0.0669	0.4257	0.3248	0.1435	-0.3466	-0.5549	0.0617	-0.5146	-0.2015	-0.4877	-0.3384	0.4705	-0.3111	-0.1269	-0.3719	-0.2659	-0.5022	-0.6559	-0.5583	-0.5909	-0.6264	-0.5683	-0.5817	-0.1166	-0.127	-0.0644	-0.4897	0.1218	-0.1702	0.0312	0.0311	0.017	0.0713	0.0597	-0.2803	0.0096	-0.399	0.0914	-0.0571	-0.367	0.268	0.2759	-0.2972	-0.2349	0.18	0.0921	0.2736	-0.0217	-0.1644	0.165	0.0068	0.1019	-0.0847	0.0129	-0.0866	0.1538	-0.0837	-0.0726	-0.0202	-0.2562	-0.0522	0.179	0.0569	-0.091	-0.204	-0.3059	0.3076	0.1298	0.0647	0.6322	0.0476	0.6501	0.238	0.1735	0.4342	0.0728	0.5673	0.3479	0.5163	-0.0644	-0.0911	0.0938	0.664	0.4146	-0.05	0.4441	-0.1035	-0.2394	0.0562	-0.0058	0.568	0.3173	-0.0301	-0.1008	0.3346	0.2502	0.4454	0.6903	0.9014	0.8604	0.2356	0.6304	0.2657	0.4078	1.0	-0.2261	0.0689	0.6495	0.4294	0.1987	-0.1926	-0.3784	0.2326	0.6646	0.2135	0.4312	-0.3053	0.512	-0.1887	0.4194	-0.3893	0.2627	0.1697	-0.2325	-0.3946	-0.1233	-0.4168	0.1477	0.1012	0.1227	0.2894	0.5594
RH_Cont_PFCl_5	0.3412	0.1069	0.0037	0.1101	0.2377	-0.1709	0.0636	0.5216	0.4656	0.1297	0.2595	-0.0249	0.3714	0.3702	0.0963	0.2152	-0.0169	-0.1731	-0.2046	-0.4279	-0.0442	-0.043	-0.1409	0.0004	0.0095	-0.0185	-0.1181	-0.0413	-0.2219	-0.2091	-0.3001	-0.0341	-0.009	-0.0378	-0.0499	-0.1985	-0.0128	0.2044	0.1884	0.0215	0.0294	-0.0747	-0.2515	-0.0851	0.0339	0.225	0.1315	0.134	0.0739	-0.2001	0.6561	0.0161	0.448	-0.3004	-0.2412	-0.1864	-0.4014	-0.4107	0.011	-0.2036	0.3628	-0.2855	-0.1147	-0.4022	0.0681	-0.2396	0.151	0.0296	-0.5525	-0.4047	0.1712	0.3275	-0.2882	-0.342	-0.2338	-0.2423	-0.0467	-0.3742	-0.1978	-0.0735	0.3001	-0.3162	0.1387	-0.4419	-0.2302	0.0534	-0.0807	-0.2256	-0.0952	0.3717	-0.1736	-0.19	-0.1014	0.0739	-0.0771	-0.33	-0.1848	-0.3158	-0.0498	-0.305	-0.0809	-0.0178	0.3312	0.1654	0.3673	0.0948	0.0775	0.3579	0.0943	0.1272	0.3334	0.3423	0.0607	0.4317	0.2562	0.0298	-0.0753	-0.0451	-0.0881	-0.119	0.0704	-0.2543	0.2377	-0.0683	0.1983	-0.1091	-0.2757	-0.1659	-0.0486	-0.0489	0.0039	-0.1074	-0.2713	-0.4598	0.1125	0.5148	0.0156	0.1184	-0.0664	0.2238	0.2562	0.1877	0.2981	-0.0675	0.1338	0.3341	0.2527	0.436	0.3399	0.1385	-0.0257	0.3149	0.0605	0.0496	0.2945	0.0992	0.4225	0.2496	-0.2865	-0.2253	-0.0638	-0.0884	-0.0308	0.0367	0.5784	0.0809	-0.1851	-0.2616	-0.0343	-0.1105	0.1477	0.4605	-0.2261	1.0	0.5885	-0.0952	0.0503	0.2779	0.0879	0.3191	0.1934	-0.0846	0.4949	0.0986	-0.1871	-0.446	-0.1074	0.051	0.2611	0.2922	-0.4393	0.0223	0.5013	-0.0959	0.314	0.5219	0.1213	-0.1826	-0.1638	0.1528
RH_Cont_PFCl_6	0.1158	-0.239	-0.0476	-0.1052	-0.1011	-0.1325	-0.2566	0.0289	-0.0136	-0.1531	0.1034	-0.2562	-0.0477	-0.0314	0.1446	0.1183	-0.2068	-0.2172	-0.0826	-0.4877	-0.3038	-0.3326	-0.0793	-0.1172	-0.2198	-0.0437	-0.2035	0.0734	-0.15	-0.4151	-0.3931	0.3018	0.1139	-0.0565	-0.0396	0.2727	0.2444	-0.1741	0.3767	0.0779	0.121	0.4554	0.3275	-0.1444	0.1739	0.2119	-0.1746	0.4975	-0.2109	-0.0853	0.614	-0.0496	0.128	-0.0748	-0.2992	-0.1422	-0.3515	-0.3509	-0.1942	-0.2784	0.6455	0.2181	0.4186	0.1094	0.4099	0.3466	0.3638	0.3286	-0.1265	0.3262	-0.1294	0.1358	-0.4267	-0.2659	0.1825	-0.3468	-0.0104	-0.1815	-0.2797	0.1556	0.1718	0.006	0.1156	-0.5055	-0.1034	0.0228	0.1107	-0.2826	-0.0457	0.1813	-0.191	0.2985	0.3888	0.349	0.187	-0.3598	-0.5072	-0.2286	-0.1832	-0.2497	-0.2403	-0.0391	-0.0927	-0.0957	-0.0504	-0.3197	0.0782	-0.1541	-0.2253	-0.2156	0.0549	-0.0223	-0.2356	-0.0686	0.054	0.0603	0.1203	0.0162	0.0642	-0.1641	-0.1125	-0.2818	-0.3579	-0.0743	-0.2657	-0.2479	-0.2808	-0.0805	-0.001	-0.2614	-0.0265	-0.1457	-0.1853	-0.5163	-0.1121	0.0351	0.0707	0.4466	-0.1169	0.2322	0.1367	0.2008	0.3566	-0.0043	0.2228	0.7402	0.1362	-0.1708	0.0403	0.0386	0.0023	0.1771	-0.0352	0.4975	0.0272	-0.1784	-0.0523	0.0565	-0.1047	-0.2882	-0.1532	-0.2707	-0.2456	-0.0131	0.3816	0.5	0.1551	0.1428	0.2772	0.3888	0.4474	0.3511	0.0689	0.5885	1.0	0.3081	-0.2441	0.0097	0.0262	-0.0012	0.5703	0.0366	0.1666	0.4637	-0.3408	-0.4329	-0.4317	0.0748	0.019	0.1737	-0.4656	-0.2936	0.212	-0.1439	0.0867	0.6472	0.2288	-0.2855	-0.4437	-0.0944
RH_Cont_PFCl_7	-0.1318	-0.0114	-0.2125	0.1422	-0.0355	-0.0641	-0.0328	-0.1538	-0.1783	-0.0207	-0.2098	-0.2331	-0.1076	-0.2081	0.1219	0.1218	0.0907	-0.176	0.0638	-0.159	-0.4268	-0.279	-0.0818	-0.2284	-0.3845	-0.0927	-0.0035	-0.1068	-0.1192	-0.3018	-0.366	0.0849	-0.0827	-0.247	-0.1245	0.3417	0.0116	-0.1266	0.016	0.1709	-0.2904	0.2837	0.2477	-0.0492	-0.1186	-0.1269	-0.0734	-0.0377	-0.2226	-0.4071	-0.1105	-0.4751	-0.3027	-0.3337	-0.255	-0.0525	-0.2115	-0.4518	-0.3397	-0.1768	0.3803	0.6056	0.4053	0.4437	0.2644	0.4407	0.0907	-0.0919	0.1261	0.383	-0.1231	0.0918	-0.27	-0.4289	0.3722	-0.3869	-0.0396	-0.3782	-0.1781	0.3782	-0.2216	0.3604	0.0193	-0.3269	-0.3321	-0.3531	-0.3062	-0.4293	-0.2472	-0.4215	-0.2605	0.2794	0.3901	0.1841	-0.1212	-0.1456	-0.1708	0.1923	0.1218	-0.4024	-0.3001	-0.4433	-0.3109	-0.2143	-0.2869	-0.0498	-0.1828	-0.1768	-0.0268	-0.072	-0.3763	-0.1686	-0.1168	-0.2167	-0.1847	0.1112	0.0735	0.2216	0.1351	0.047	-0.1071	-0.0713	-0.3158	0.0654	-0.1742	-0.2199	-0.1095	-0.1256	0.0423	0.044	-0.144	0.0378	-0.2093	-0.389	-0.0831	0.0966	-0.0777	0.4517	-0.0652	0.2039	-0.0795	0.0458	0.0361	-0.168	0.2582	0.4051	0.2072	-0.1859	-0.0974	-0.0855	0.1577	0.096	-0.0682	0.4075	-0.018	-0.2766	-0.3751	-0.0277	0.3043	0.0358	-0.0491	-0.4057	-0.0923	-0.2256	0.2506	0.6745	0.6291	0.7541	0.3579	0.741	0.502	0.2468	0.6495	-0.0952	0.3081	1.0	-0.037	0.0589	-0.1123	-0.2877	0.618	0.3925	0.3934	0.8012	-0.3666	0.4257	-0.2716	0.6609	-0.0723	0.3384	0.0792	-0.235	-0.3707	0.2603	0.0642	0.2779	0.46	-0.2698	0.1405	0.3191
RH_Cont_pCun_1	0.199	-0.1503	-0.1903	0.3253	-0.1294	0.1908	0.3592	-0.0264	-0.1589	0.6787	-0.0047	0.464	0.3061	0.1805	-0.2543	-0.2421	0.0046	-0.0376	0.1944	0.0294	0.2938	0.1151	-0.1295	-0.1628	-0.1698	0.032	-0.0187	0.187	-0.3104	-0.081	0.3346	0.1919	0.4225	0.1567	0.2989	0.4034	0.3719	0.341	0.3032	-0.0548	0.1847	-0.011	0.098	-0.1186	0.1996	0.2911	0.3016	-0.1697	0.3304	-0.0293	-0.1252	0.1614	0.1231	-0.0987	0.179	0.1201	0.08	0.0039	0.3748	0.0883	-0.1288	0.1	0.1525	-0.1126	-0.3849	-0.4057	-0.1877	-0.1844	-0.1897	-0.1535	0.8766	0.3794	-0.1705	-0.3978	-0.5406	-0.1621	-0.218	-0.3656	0.0676	0.2815	-0.0215	-0.4692	-0.1389	-0.1127	-0.5323	-0.3597	-0.4751	-0.3868	-0.6109	-0.1525	-0.505	-0.6031	-0.6162	-0.3239	-0.5737	0.6407	0.4882	0.0313	0.3985	0.2246	0.1408	0.3515	-0.1959	0.0673	-0.2209	0.0723	0.1036	-0.2187	0.4307	0.6273	-0.0869	-0.0848	0.6393	0.4728	0.4692	-0.2213	-0.2402	0.0346	-0.2874	0.1402	0.119	0.0553	0.3479	0.173	0.1726	0.0787	-0.0635	-0.4279	0.0322	0.2286	0.2686	-0.2693	-0.3375	-0.3062	0.2573	0.206	0.1247	0.2749	0.0894	0.6965	0.4594	0.1597	0.5653	-0.0109	0.3936	-0.0082	0.29	0.1739	-0.085	0.1921	0.4521	0.6044	-0.0751	0.1426	-0.0046	0.0393	0.3919	0.119	0.3919	0.0911	0.111	0.2639	0.3748	0.4585	0.366	0.0784	0.4656	0.1573	0.057	-0.2028	-0.0322	0.0685	0.4294	0.0503	-0.2441	-0.037	1.0	0.5615	0.1801	0.1115	-0.3647	0.5549	0.2652	-0.2152	-0.096	0.2002	0.3027	0.0811	-0.3582	-0.001	0.0885	0.0638	0.035	-0.2961	-0.4743	-0.105	0.0038	0.7049	0.685	0.7572
RH_Cont_Cing_1	0.1466	-0.0804	-0.2401	-0.1145	-0.0748	0.0042	0.1176	0.072	0.0322	0.1825	0.0031	0.0255	0.2308	0.2163	-0.2557	-0.1371	0.0419	-0.1854	-0.0743	0.0461	0.0739	0.0199	-0.3038	-0.2869	-0.1878	-0.1622	-0.0531	-0.1585	-0.3763	-0.3324	-0.045	-0.0717	-0.001	-0.0308	0.0653	0.0167	0.0309	0.4438	0.0243	-0.0615	0.0492	-0.1329	-0.2105	-0.2743	-0.1823	-0.0263	0.2051	-0.3819	0.0655	-0.1617	-0.0507	-0.2748	0.1299	-0.3007	0.3375	0.3324	-0.0879	0.0178	0.2942	0.1805	0.1227	-0.0076	-0.1278	-0.2666	-0.3273	-0.4468	-0.1836	-0.2292	-0.2784	-0.3714	0.6167	0.5757	-0.0893	-0.2459	-0.2614	0.0487	0.0081	-0.2477	0.0669	0.0402	0.2105	-0.222	-0.0437	-0.0866	-0.3618	0.1373	-0.2134	-0.2634	-0.3985	-0.012	-0.2794	-0.527	-0.401	-0.2463	-0.2496	0.3551	0.3794	0.1141	0.3631	-0.1229	0.0867	0.0793	0.0164	-0.2051	-0.0073	0.0215	0.0115	0.0427	0.0862	0.1494	0.1009	0.0866	0.1407	0.2094	0.2625	-0.0585	-0.0425	-0.1019	-0.4103	-0.0793	0.0673	0.186	0.1405	-0.2184	0.0982	-0.0764	-0.3893	-0.4856	-0.305	0.0101	0.0363	-0.213	-0.3564	-0.3666	0.1386	0.1619	0.0147	0.0938	-0.1254	0.5248	0.2323	-0.0041	0.2192	-0.1341	0.2713	0.1433	0.1702	0.2882	0.0001	-0.0409	0.1901	0.3986	-0.1367	-0.1617	-0.0575	-0.2417	0.2263	-0.1402	0.3577	0.0412	0.4176	0.1124	0.4378	0.2634	0.3239	0.0496	0.2197	0.0449	-0.0651	-0.122	-0.0399	0.1083	0.1987	0.2779	0.0097	0.0589	0.5615	1.0	0.4848	0.048	-0.0308	0.1794	0.4437	0.0646	0.0475	0.2977	0.1016	0.3371	-0.0672	0.2489	0.1156	0.1497	0.1533	-0.0708	-0.0241	0.0701	0.2177	0.2527	0.5156	0.6444
RH_Cont_Cing_2	0.1451	-0.0714	-0.247	-0.1127	-0.1564	0.0972	-0.0525	0.1942	-0.007	0.0523	-0.1286	0.1372	0.171	0.1677	-0.2079	-0.1207	0.131	-0.0314	0.0858	0.0273	0.2354	0.048	0.0184	-0.1902	-0.0891	0.0729	-0.0953	-0.1347	-0.274	-0.233	-0.1751	-0.2481	-0.2159	0.007	0.0827	-0.0971	-0.1521	0.1734	-0.2646	-0.1126	0.0558	-0.0263	-0.099	-0.029	-0.03	-0.1775	0.172	-0.0507	-0.0138	0.0284	-0.1849	-0.0865	-0.1312	-0.1049	0.0232	0.1063	-0.1123	-0.0691	0.0603	0.0628	-0.0633	-0.1483	-0.132	-0.1803	-0.2117	-0.2727	-0.1336	-0.1988	-0.3194	-0.2077	0.1879	0.3486	0.2625	0.0669	-0.091	0.1303	-0.0397	0.0393	0.1351	-0.2575	0.1123	-0.063	-0.1043	0.0806	-0.1779	0.277	-0.0531	0.0876	-0.0624	0.099	-0.0418	-0.2336	-0.1199	-0.1878	-0.0569	0.2448	0.2696	-0.0063	0.1518	-0.0683	-0.2028	-0.1221	0.0226	-0.1031	-0.0121	-0.1515	0.0584	-0.0117	-0.0374	-0.0117	0.1241	0.2009	0.0717	0.0722	-0.0118	-0.0428	0.1869	-0.0601	-0.1942	0.0599	0.1113	0.0969	-0.0317	-0.0781	0.0202	-0.1136	-0.2151	-0.3262	-0.0361	-0.1972	-0.0019	0.0167	-0.0826	-0.0336	-0.1602	-0.0543	0.0029	0.0788	-0.0687	0.1329	-0.0131	-0.0471	-0.1801	-0.0758	0.0049	-0.0522	-0.007	-0.0092	-0.1292	-0.037	-0.1632	0.0443	-0.0946	-0.1093	-0.0529	-0.1189	-0.0683	-0.2201	0.16	-0.2019	0.2447	-0.0013	0.0777	-0.0866	-0.0253	0.0045	-0.1161	-0.1048	0.0023	-0.1034	-0.1082	-0.0512	-0.1926	0.0879	0.0262	-0.1123	0.1801	0.4848	1.0	0.1209	-0.0613	-0.1794	-0.0323	0.0547	0.0988	0.0256	-0.1413	-0.0228	0.0589	-0.0099	-0.094	0.1768	0.1537	-0.0153	-0.0197	-0.1748	0.1076	0.1777	0.2133	0.0834
RH_Cont_PFCmp_1	0.0514	0.069	0.0832	0.0927	0.2078	0.3004	0.067	0.2655	0.2003	0.1384	0.0575	0.0565	0.0832	0.1796	-0.1488	-0.0537	-0.0961	-0.1451	-0.0207	-0.2566	0.0285	0.1092	-0.171	-0.0224	-0.216	-0.0547	-0.4244	-0.1836	-0.4656	-0.0184	0.0717	-0.2902	-0.1699	0.0023	-0.0457	-0.3636	-0.3001	-0.1527	-0.2475	-0.4368	-0.1448	-0.2083	-0.3869	0.0204	-0.0049	0.0647	0.0822	0.182	0.191	-0.0545	0.0015	0.3738	0.1117	-0.0539	0.1986	-0.276	-0.0932	0.0705	0.0015	-0.1832	-0.3393	-0.293	-0.3191	-0.2956	-0.123	-0.2451	-0.0342	-0.0536	-0.16	-0.2724	0.2109	-0.0624	0.188	0.0049	-0.1848	0.1584	-0.0989	-0.1233	-0.022	-0.3128	-0.0909	-0.0567	0.2959	0.0453	0.0228	0.2854	0.0245	0.2729	0.1613	0.6079	0.1412	-0.0232	-0.1617	-0.0549	0.0714	0.0025	0.2895	-0.0301	0.0155	0.059	0.0351	0.0305	0.1398	-0.0712	0.3012	0.0649	0.2867	0.2557	0.1306	0.2226	0.1415	0.2289	0.1318	0.124	-0.1428	0.0011	-0.2057	-0.2089	-0.0288	0.0412	0.1293	-0.176	0.3036	-0.1584	0.1887	-0.132	-0.0248	-0.1213	-0.0865	-0.0468	-0.024	-0.3507	-0.3062	-0.0696	-0.0216	0.1507	-0.0032	-0.2242	-0.0556	-0.1786	-0.0621	-0.0841	-0.113	-0.2595	-0.31	-0.1676	-0.1422	0.0716	0.1115	0.1384	-0.1441	0.0937	0.2089	0.0273	0.2191	0.3616	0.0188	0.0808	-0.2927	0.0213	-0.0018	0.1181	-0.0944	-0.0122	-0.0871	-0.3018	-0.3543	-0.4132	0.1381	-0.3946	-0.0192	-0.115	-0.3784	0.3191	-0.0012	-0.2877	0.1115	0.048	0.1209	1.0	-0.0877	-0.2956	0.0971	-0.1732	-0.0502	-0.2745	0.1239	-0.1518	0.0297	0.056	-0.0736	0.3191	0.4705	-0.0093	0.2001	-0.0157	0.0871	0.0501	0.0222	-0.0358
RH_Cont_PFCmp_2	-0.1193	-0.14	-0.2015	-0.0944	-0.1841	-0.1316	-0.4472	-0.1967	-0.1789	-0.3284	-0.1001	-0.5077	-0.2904	-0.3479	-0.0937	-0.02	-0.2102	-0.3584	-0.1394	-0.3973	-0.5434	-0.3098	0.0061	-0.1652	-0.3159	-0.0735	-0.3197	0.0511	-0.1478	-0.435	-0.4003	-0.025	-0.2837	-0.1165	-0.0696	0.1629	-0.0537	-0.3616	0.0877	0.0128	0.0399	0.3778	0.2745	-0.3386	-0.0946	-0.0358	-0.3782	0.2225	-0.4542	-0.0695	0.284	-0.1848	-0.2357	-0.1543	-0.3179	-0.2532	-0.2122	-0.3025	-0.3717	-0.3373	0.5015	0.2101	0.3451	0.0729	0.2432	0.3332	0.5227	-0.0051	0.1746	0.3082	-0.3975	-0.1628	-0.1304	-0.05	0.268	-0.073	0.1016	-0.2155	-0.087	0.1426	0.152	0.3159	0.2918	-0.1429	0.0669	-0.0375	0.1921	-0.0899	0.2184	-0.0334	0.1862	0.5195	0.4554	0.4276	0.3647	-0.349	-0.3047	-0.0577	0.1401	-0.4437	-0.4506	-0.3656	-0.1698	-0.31	-0.1708	-0.3729	-0.1225	-0.1549	-0.2907	-0.207	-0.1558	-0.1697	-0.5048	-0.3898	-0.321	0.0406	-0.1017	-0.0451	-0.0072	-0.1538	-0.1818	-0.1983	-0.4892	0.055	-0.3657	-0.3341	-0.0102	-0.0586	0.1362	-0.1305	-0.0772	-0.1194	-0.1715	-0.4472	-0.2157	-0.1421	0.0355	0.3738	-0.0365	-0.113	-0.1178	-0.0561	-0.0032	-0.128	0.1028	0.6163	0.1783	-0.3397	-0.3507	-0.126	-0.1232	-0.1097	-0.0862	0.3707	-0.002	-0.1477	-0.5285	0.0781	-0.1017	0.0234	0.0594	-0.4863	-0.1408	-0.3624	0.1859	0.4754	0.1811	0.305	0.3461	0.4912	0.5077	0.2195	0.2326	0.1934	0.5703	0.618	-0.3647	-0.0308	-0.0613	-0.0877	1.0	0.0846	0.3243	0.5102	-0.2154	0.0596	-0.259	0.4342	0.1147	0.5142	-0.0265	-0.1854	-0.1417	0.4869	0.5154	0.4364	0.5241	-0.3371	-0.1943	-0.0784
RH_Default_Par_1	-0.0046	-0.2668	-0.3004	0.2133	-0.3033	0.0854	0.0647	-0.4075	-0.3778	0.3086	-0.0974	0.1338	0.0534	-0.0525	-0.1255	-0.2364	-0.227	-0.2236	0.0827	0.0287	-0.1816	-0.2508	-0.1564	-0.1113	-0.1307	-0.0483	0.0957	0.2768	-0.0808	-0.1759	0.1408	0.2799	0.4596	-0.0103	0.0706	0.5502	0.6134	0.1387	0.6126	0.1956	0.0593	0.3641	0.3902	-0.2698	0.0691	0.1476	-0.1035	-0.0464	-0.1466	-0.2158	-0.0344	-0.0	0.0767	-0.0569	-0.0265	-0.0661	-0.1411	-0.2532	0.1621	-0.1293	0.168	0.3531	0.4024	0.2346	-0.0288	0.0262	0.0756	-0.1106	0.0242	0.2511	0.4462	0.1974	-0.3156	-0.5062	-0.0773	-0.4184	-0.3429	-0.4686	-0.3269	0.7695	-0.2072	-0.1073	-0.225	-0.0108	-0.4773	-0.4694	-0.4482	-0.3493	-0.4267	-0.4333	-0.3915	-0.15	-0.2212	0.157	-0.362	0.3919	0.0934	0.0839	0.2959	0.1895	0.0192	0.1798	-0.3731	0.0276	-0.4554	-0.0223	0.165	-0.4222	0.083	0.3215	-0.2718	-0.4055	0.2993	0.1758	0.3894	-0.2661	-0.3111	0.0938	-0.2013	-0.1656	-0.1845	-0.0107	-0.1896	0.1822	-0.1457	-0.2171	0.0249	-0.2831	0.0492	0.0106	0.0499	-0.2308	-0.4051	-0.359	0.0997	0.009	0.0732	0.4312	0.0356	0.5378	0.2986	0.2087	0.6919	-0.0436	0.352	0.4201	0.1937	-0.2291	-0.2945	-0.0889	0.4197	0.2936	-0.1896	0.3717	-0.2993	-0.2683	0.1353	0.0182	0.2781	0.1357	0.1725	0.0095	0.2116	0.2465	0.3457	0.4366	0.7434	0.5713	0.0934	0.3234	0.4656	0.117	0.6646	-0.0846	0.0366	0.3925	0.5549	0.1794	-0.1794	-0.2956	0.0846	1.0	0.3408	0.159	-0.3217	0.4208	0.0211	0.2684	-0.5808	-0.0028	0.3461	-0.0218	-0.1289	0.1053	-0.357	0.3061	0.2738	0.4743	0.597	0.6766
RH_Default_Par_2	0.0569	0.3192	-0.2439	0.2925	0.0842	-0.2194	0.0588	0.1868	0.2477	0.2564	0.0299	0.006	0.3347	0.2554	-0.2014	-0.0903	-0.0639	-0.2263	-0.2554	-0.2346	-0.1694	0.1087	-0.3153	-0.3708	-0.3436	-0.2595	-0.1164	-0.2007	-0.3399	-0.4099	-0.4005	-0.1736	-0.1391	-0.2387	-0.158	-0.1052	-0.0907	0.2595	0.0472	0.0801	-0.0915	-0.2433	-0.2304	-0.356	-0.2265	-0.0346	0.1283	-0.1408	-0.0321	-0.1607	0.1898	-0.3221	0.1799	-0.2449	-0.1891	-0.124	-0.3803	-0.4344	0.0704	-0.0371	0.3408	-0.0814	-0.1589	-0.2942	-0.2548	-0.2552	0.1238	-0.4272	-0.3102	-0.4034	0.1942	0.2925	-0.2661	-0.3289	-0.2339	-0.0918	0.143	-0.5095	0.027	0.1479	0.3241	-0.0828	0.2054	-0.3771	-0.2418	-0.2124	-0.1341	-0.4254	-0.2367	-0.1351	-0.1315	-0.2104	-0.1368	-0.1461	-0.1728	-0.1793	0.1375	-0.1568	0.4521	-0.4934	-0.1321	-0.4247	0.1954	0.1612	0.1183	0.1592	-0.0189	0.2331	0.1417	0.2284	0.0559	0.1826	0.1518	0.3162	0.1313	-0.1544	-0.3763	0.0845	-0.1681	-0.0342	-0.0669	-0.0594	0.1094	-0.0225	0.123	-0.146	-0.3073	-0.4268	-0.0712	0.0239	-0.0728	-0.0111	-0.5964	-0.605	0.1601	0.5033	-0.1128	0.1557	-0.153	0.2076	0.1702	0.1418	0.2022	-0.2559	0.1938	0.1716	0.252	0.3797	0.0758	-0.065	0.0803	0.2484	-0.1222	-0.0208	0.1465	0.0382	0.0635	0.1825	-0.0294	-0.029	0.2463	-0.0496	0.2082	0.0268	0.5737	0.1953	0.2354	0.2064	0.1178	0.0432	0.2496	0.174	0.2135	0.4949	0.1666	0.3934	0.2652	0.4437	-0.0323	0.0971	0.3243	0.3408	1.0	0.3093	-0.0329	0.2922	0.0734	0.7574	0.2459	0.5569	-0.0316	-0.1167	0.0416	0.3924	0.3868	0.2797	0.359	-0.1121	0.3664	0.6421
RH_Default_Par_3	-0.1272	0.0338	-0.2538	0.0541	0.1034	-0.0581	0.0606	-0.0466	-0.0417	-0.1654	-0.2973	-0.1708	0.0647	-0.0792	0.31	0.1799	0.1798	-0.2137	-0.0701	-0.1407	-0.4544	-0.3043	-0.197	-0.1422	-0.3822	-0.1338	0.0338	-0.4026	-0.1051	-0.3588	-0.5897	-0.0717	-0.1597	-0.5	-0.3905	0.1804	-0.1366	-0.1291	-0.1076	0.0969	-0.3971	0.2961	0.1043	0.0386	-0.328	-0.365	-0.053	0.0518	-0.2842	-0.5127	-0.1121	-0.5782	-0.295	-0.3351	-0.2475	-0.0913	-0.4445	-0.5301	-0.5198	-0.2087	0.5395	0.6225	0.3378	0.532	0.4087	0.5363	-0.0664	0.0731	-0.0548	0.3757	-0.1381	0.2387	-0.3236	-0.4552	0.5788	-0.4684	-0.0699	-0.2736	-0.3443	0.2396	-0.2125	0.4912	-0.1384	-0.3936	-0.3253	-0.0868	-0.2614	-0.338	-0.1298	-0.2428	-0.2655	0.3068	0.5837	0.2038	-0.0042	-0.3366	-0.2709	0.178	-0.1091	-0.4992	-0.3147	-0.5642	-0.2291	-0.1699	-0.1832	0.043	-0.2064	-0.0595	-0.1238	-0.2242	-0.3168	0.0328	-0.1519	-0.0852	-0.2102	0.2082	0.2366	0.1513	0.168	-0.1014	-0.2393	-0.084	-0.3556	-0.2293	-0.233	-0.2972	-0.339	-0.1974	-0.2092	-0.2543	-0.4265	0.0992	-0.1549	-0.3047	-0.1801	0.146	-0.2652	0.4024	-0.3371	0.2489	-0.3093	-0.0334	-0.0935	-0.233	0.0661	0.4077	0.0986	-0.06	0.199	-0.2092	-0.0381	-0.0261	-0.1006	0.2634	-0.2014	-0.464	-0.3147	-0.3065	0.1687	-0.2224	-0.0668	-0.5378	-0.2223	-0.3603	0.2144	0.7565	0.4941	0.6683	0.3664	0.7866	0.5768	0.3317	0.4312	0.0986	0.4637	0.8012	-0.2152	0.0646	0.0547	-0.1732	0.5102	0.159	0.3093	1.0	-0.4637	0.1932	-0.6075	0.5148	0.0287	0.1461	-0.1035	-0.0615	-0.0744	0.159	0.0633	0.4178	0.377	-0.4575	-0.0669	0.1591
RH_Default_Temp_1	0.0284	0.3676	0.2738	-0.2605	0.0361	-0.0467	-0.147	0.2752	0.2305	-0.0309	0.3118	-0.0627	-0.1659	0.1241	-0.2824	-0.045	0.0343	0.4083	0.0703	0.2229	0.3901	0.5273	0.3487	-0.2945	0.2146	0.2595	0.281	0.0884	0.1375	0.0753	0.1547	-0.1574	-0.2559	0.4311	0.3731	-0.2846	-0.2465	0.2636	-0.3809	0.1366	0.1045	-0.4758	-0.2608	0.0075	0.2117	0.012	0.1611	-0.2962	0.188	0.399	-0.2038	-0.0457	-0.1017	0.258	0.2134	0.2611	0.4684	0.2247	0.4047	0.3531	-0.3969	-0.545	-0.4941	-0.5437	-0.5982	-0.489	-0.1958	-0.466	-0.0818	-0.4867	-0.2472	-0.2288	0.176	0.5915	-0.3569	0.561	0.1849	0.2459	0.4588	-0.5444	0.3776	-0.2564	0.0555	0.1884	0.3736	0.1666	0.2743	0.1493	0.0541	-0.1133	0.1736	-0.3021	-0.3252	-0.541	0.0612	-0.0026	0.0942	-0.3304	0.1011	0.0073	0.126	-0.0197	0.3328	0.1133	0.4585	-0.0498	0.0066	0.2265	-0.1541	-0.1916	0.4968	0.0908	-0.0918	-0.175	0.0177	-0.1901	-0.1577	-0.0833	0.062	0.3167	0.2444	0.1503	0.2388	0.2797	0.2927	0.2182	0.0546	0.1275	0.2055	0.4136	0.4222	0.3199	0.3363	0.1906	0.3579	0.0136	0.3721	-0.2035	0.3746	-0.2686	0.2953	0.2524	-0.3277	0.2777	-0.0101	-0.347	0.1006	0.2497	-0.0883	0.2668	-0.0279	-0.002	0.0518	-0.4684	0.2559	0.2851	-0.0265	0.1716	0.0554	-0.0998	0.3477	0.4358	0.3944	0.1322	-0.1412	-0.5392	-0.4126	-0.447	-0.3694	-0.5363	-0.6455	-0.2605	-0.3053	-0.1871	-0.3408	-0.3666	-0.096	0.0475	0.0988	-0.0502	-0.2154	-0.3217	-0.0329	-0.4637	1.0	0.1767	0.3585	-0.0022	0.2797	0.3009	0.0243	-0.1627	-0.1821	0.0301	0.1731	-0.6516	-0.2571	-0.0003	-0.0597	-0.0818
RH_Default_Temp_2	-0.1998	0.1264	-0.2947	0.0472	-0.131	0.153	-0.0093	-0.284	-0.25	0.0776	-0.2981	-0.0084	-0.0088	-0.1189	-0.018	-0.011	0.1826	0.0855	0.1042	0.3878	-0.109	0.0495	-0.0815	-0.2578	-0.2136	-0.1266	0.191	-0.1263	-0.1056	-0.0175	0.0755	-0.2044	-0.1631	-0.0784	-0.0945	0.0041	-0.1614	0.0882	-0.1932	0.1192	-0.1626	-0.1573	-0.1207	-0.1054	-0.282	-0.2419	0.124	-0.4781	-0.0816	-0.2133	-0.49	-0.3483	-0.1405	-0.2073	0.3217	0.3594	0.147	0.0612	0.1554	0.2247	-0.1601	0.1504	-0.1586	0.1346	-0.198	-0.0873	-0.1928	-0.3782	0.08	-0.0173	0.0852	0.0715	0.0598	-0.1153	0.1655	0.0846	0.0063	-0.1569	-0.0256	0.2231	-0.1362	0.1445	-0.2454	0.2797	-0.2029	-0.1751	-0.2821	-0.0952	-0.1885	-0.4919	-0.0289	-0.0998	-0.195	-0.0938	-0.2023	0.1725	0.1761	0.2359	0.2732	-0.0139	0.1686	-0.1898	-0.0922	-0.0424	-0.1972	0.1361	0.018	-0.097	0.0461	0.0614	-0.2835	-0.1937	-0.0112	-0.1433	-0.166	0.0693	-0.1412	0.1143	0.0182	0.1917	0.0692	0.3355	-0.0256	0.1042	0.1243	-0.041	0.0637	-0.167	-0.0618	0.2414	-0.0784	0.1221	-0.1666	-0.0052	0.2098	0.0047	-0.0162	-0.0161	0.0459	0.0984	-0.1036	-0.2208	-0.1459	-0.2228	0.1082	-0.1197	0.1461	0.0354	-0.1358	-0.0785	0.2009	-0.0247	-0.02	-0.1771	-0.0917	-0.0986	-0.1163	-0.0667	0.402	0.367	0.4346	0.0472	0.4453	0.1521	-0.0358	0.1133	0.4011	0.4971	-0.0274	0.235	0.0567	-0.0628	0.512	-0.446	-0.4329	0.4257	0.2002	0.2977	0.0256	-0.2745	0.0596	0.4208	0.2922	0.1932	0.1767	1.0	0.2238	0.5216	-0.227	0.2487	0.6701	0.0504	-0.4963	0.3529	0.0369	-0.2261	0.3016	0.0764	0.5508	0.4856
RH_Default_Temp_3	-0.1625	-0.0259	-0.0406	-0.0934	-0.0652	-0.0067	-0.2046	0.0311	-0.0756	0.0873	-0.0266	-0.0505	-0.2012	-0.1635	-0.1405	0.1295	0.0073	0.3921	0.0564	0.19	0.2998	0.2907	0.0929	0.0249	0.0954	0.0808	-0.0742	0.2252	-0.1524	0.2736	0.2977	-0.1869	-0.2402	0.366	0.25	-0.2315	-0.1712	-0.013	-0.0079	-0.111	0.2855	-0.3767	-0.158	0.1134	0.179	0.1833	0.2216	-0.1282	0.2846	0.383	0.0694	0.27	0.2127	0.2136	0.1294	0.0988	0.277	0.3679	0.4664	0.1541	-0.455	-0.4342	-0.3698	-0.4544	-0.4684	-0.4552	0.0385	-0.2075	0.1591	-0.3869	0.1149	-0.1537	0.1533	0.3007	-0.4156	0.5263	0.2049	0.2288	0.4692	-0.0782	0.3171	-0.2349	0.3284	0.3805	0.1209	0.0596	0.1934	0.2342	0.1438	0.0751	0.3009	-0.2093	-0.4867	-0.1347	0.0586	0.3053	0.4208	-0.0025	0.347	0.1372	0.1845	0.2154	0.0835	-0.0555	0.0913	0.023	0.0148	0.1161	-0.0642	0.1628	0.0085	-0.1694	0.1026	-0.0582	-0.1067	0.0164	-0.1077	-0.0759	-0.0333	0.2985	0.2871	0.1441	0.395	0.2477	0.3084	0.2199	0.272	0.1175	0.2527	0.3763	0.2557	-0.1971	-0.0482	0.0442	0.1423	-0.0279	0.1227	-0.4637	0.2341	-0.2041	0.115	-0.2041	0.0168	-0.2276	-0.0482	-0.3084	-0.0997	0.2028	-0.0849	0.108	-0.0983	0.1261	0.1174	-0.231	0.3159	0.4811	0.1318	0.5328	-0.0589	0.2228	0.2218	0.3536	0.2867	0.3719	-0.2268	-0.6054	-0.2961	-0.4198	-0.1435	-0.6366	-0.2413	-0.3823	-0.1887	-0.1074	-0.4317	-0.2716	0.3027	0.1016	-0.1413	0.1239	-0.259	0.0211	0.0734	-0.6075	0.3585	0.2238	1.0	-0.0585	0.0527	0.0855	0.3062	0.0099	-0.2968	0.0749	0.204	-0.3253	0.1793	0.3598	0.3797	0.1781
RH_Default_Temp_4	-0.0945	0.2983	-0.2137	0.1939	0.0455	-0.2046	-0.0293	-0.0378	0.0469	0.1091	-0.0655	-0.1692	0.0422	-0.0087	-0.0539	-0.011	0.0629	-0.1054	-0.0965	-0.1226	-0.2441	0.0599	-0.2605	-0.3217	-0.4102	-0.2593	-0.0863	-0.2459	-0.1659	-0.3084	-0.3635	-0.119	-0.2031	-0.2508	-0.186	0.009	-0.1684	0.0451	-0.126	0.0924	-0.1919	-0.1056	-0.1019	-0.2296	-0.2443	-0.1779	0.0948	-0.2252	-0.1093	-0.2093	-0.1168	-0.4413	-0.0851	-0.2203	-0.1845	-0.0393	-0.1871	-0.3364	-0.0846	0.0656	0.3291	0.2065	0.03	-0.0098	-0.1315	0.0361	0.069	-0.4317	-0.0434	-0.1	-0.018	0.1434	-0.2429	-0.2308	0.0942	-0.0318	0.2505	-0.3258	0.1454	0.1519	0.1364	0.1726	0.1286	-0.3474	-0.0761	-0.252	-0.1319	-0.3664	-0.2603	-0.2941	-0.157	0.0279	0.0957	-0.1142	-0.1299	-0.1125	0.0195	0.0349	0.3851	-0.4419	-0.1999	-0.4588	0.0139	0.0106	-0.0387	0.0573	-0.0972	0.0924	0.0426	0.0748	-0.1396	-0.0366	-0.106	-0.0714	-0.1176	-0.0015	-0.1821	0.1698	-0.0198	0.103	-0.0223	0.0154	-0.0659	-0.0037	-0.0181	-0.0491	-0.1864	-0.2835	-0.0813	0.0259	-0.0989	0.1233	-0.3823	-0.4041	0.1082	0.2177	-0.1206	0.2239	-0.1286	0.1184	-0.0258	-0.0129	-0.04	-0.1617	0.2734	0.1873	0.2505	0.1762	0.0227	-0.0897	0.126	0.1662	-0.0636	0.1222	0.1034	-0.0691	-0.234	-0.0117	0.1735	0.0669	0.1117	-0.1758	0.127	-0.0525	0.342	0.359	0.3857	0.4892	0.2945	0.3384	0.2554	0.1064	0.4194	0.051	0.0748	0.6609	0.0811	0.3371	-0.0228	-0.1518	0.4342	0.2684	0.7574	0.5148	-0.0022	0.5216	-0.0585	1.0	0.2178	0.5497	0.0835	-0.2448	-0.2524	0.3748	0.2784	0.1298	0.4265	-0.1546	0.2606	0.4848
RH_Default_Temp_5	0.0826	0.4645	0.0441	-0.0789	0.341	-0.3638	-0.0555	0.3924	0.4874	-0.1173	0.1289	-0.009	0.1536	0.2079	0.1931	0.2412	0.2355	0.1996	-0.2655	-0.0718	0.0691	0.1946	-0.0762	-0.1167	-0.1175	-0.1569	-0.0748	-0.3739	-0.0444	0.0008	-0.4773	-0.31	-0.3927	-0.292	-0.2534	-0.508	-0.4453	0.0257	-0.3582	0.0035	0.0064	-0.3666	-0.3197	0.1412	-0.2472	-0.1929	0.2623	-0.1243	0.0205	0.1373	0.1533	-0.2677	-0.0346	-0.0647	-0.3025	-0.0037	-0.0345	-0.1225	-0.1439	0.1548	0.1418	-0.3653	-0.3717	-0.2759	-0.0703	-0.1207	0.0283	-0.2175	-0.1838	-0.4329	-0.3855	-0.1568	0.1	0.3131	-0.0284	0.2673	0.5198	0.259	0.3698	-0.5069	0.5098	0.0015	0.2582	-0.2562	0.3304	0.157	0.3151	0.0142	0.193	0.0679	0.2428	0.0073	0.1498	-0.2051	0.2158	-0.4374	-0.2004	-0.3381	-0.1435	-0.3975	-0.1381	-0.3934	0.5758	0.0119	0.3958	0.2456	-0.2056	0.5837	-0.1143	-0.1745	0.3201	0.4509	-0.1547	0.0638	-0.1628	0.1521	0.1837	0.1732	0.097	0.1677	0.099	-0.0065	0.2595	-0.1039	0.1644	0.0278	-0.2515	0.0347	-0.0734	-0.1004	-0.1384	0.1868	0.0408	0.0188	-0.0549	0.2625	-0.2953	-0.2299	-0.1848	-0.3271	-0.1932	-0.0057	-0.4083	-0.0313	-0.1709	-0.2105	-0.0569	0.433	0.3136	0.0286	-0.3435	-0.0688	0.1448	-0.3931	0.3435	0.2348	-0.031	0.1696	-0.31	-0.2055	-0.1667	-0.0149	-0.0193	-0.1182	0.0204	-0.1329	-0.4042	-0.2772	-0.1366	-0.2166	-0.2851	-0.0599	-0.3893	0.2611	0.019	-0.0723	-0.3582	-0.0672	0.0589	0.0297	0.1147	-0.5808	0.2459	0.0287	0.2797	-0.227	0.0527	0.2178	1.0	0.3091	-0.4244	-0.176	-0.0729	0.1013	0.5142	-0.0369	-0.0308	-0.4326	-0.4236	-0.3012
RH_Default_PFCv_1	0.2849	0.4476	0.0219	0.0499	0.0407	-0.0312	-0.1136	0.2625	0.2133	0.1439	0.2201	-0.1807	0.0615	0.1691	-0.087	0.1411	0.0297	-0.1327	0.0068	-0.1766	-0.054	0.1255	-0.0632	-0.4239	-0.2806	-0.0795	-0.1438	0.0062	-0.1969	-0.2797	-0.1128	-0.1298	-0.1892	0.0722	0.0652	-0.1228	-0.1961	0.0926	-0.1753	0.0353	-0.0554	-0.2235	-0.1822	-0.2026	0.0226	0.1224	0.0888	-0.1525	0.0852	-0.0665	0.1619	-0.2349	0.0321	-0.3315	-0.0648	0.0553	0.1735	-0.314	0.1606	0.014	0.1402	-0.2584	-0.1581	-0.4194	-0.276	-0.2904	0.0299	-0.4668	-0.259	-0.3069	-0.1508	-0.0691	-0.1693	-0.0406	-0.173	0.0135	0.0812	-0.4092	0.0466	-0.2107	0.2909	-0.2497	0.1655	-0.2664	-0.0537	-0.2532	-0.0218	-0.2745	-0.1712	-0.0567	-0.12	-0.1475	-0.2099	-0.2543	-0.1215	-0.3253	-0.2168	-0.4486	0.1011	-0.3179	-0.0728	-0.2356	0.3128	0.1136	0.2918	-0.0538	-0.1698	0.1387	0.0354	0.0229	0.2419	0.1348	-0.1238	0.0509	0.0493	0.0427	-0.3206	0.0355	0.0147	0.2266	0.1346	-0.0192	0.1357	0.179	0.1714	-0.0729	-0.1113	-0.2056	0.0605	0.2591	0.1999	0.0253	-0.279	-0.437	0.4207	0.3337	0.2183	0.2491	0.1456	0.0522	0.2968	0.1837	-0.0127	-0.0129	0.3742	0.1901	0.556	0.2983	-0.0306	0.2408	0.2909	0.3226	0.0806	0.103	0.4184	0.1916	-0.0254	0.352	0.1159	0.1577	0.1967	0.0586	0.3136	-0.0658	0.453	0.1217	0.0732	0.0973	0.1725	0.0457	-0.0631	0.3001	0.2627	0.2922	0.1737	0.3384	-0.001	0.2489	-0.0099	0.056	0.5142	-0.0028	0.5569	0.1461	0.3009	0.2487	0.0855	0.5497	0.3091	1.0	-0.0952	-0.2618	-0.1482	0.2582	0.4051	0.0484	0.2344	-0.2541	-0.0123	0.2781
RH_Default_PFCdPFCm_1	-0.2598	-0.1571	-0.3127	-0.117	-0.1511	0.203	-0.1582	-0.4252	-0.3598	-0.1312	-0.3573	-0.0933	-0.238	-0.3183	-0.1514	-0.1015	0.0183	0.0581	0.1363	0.3685	-0.19	-0.0038	0.0498	0.2024	0.0002	0.06	0.0325	-0.0268	0.0467	0.2002	0.2056	-0.3053	-0.1972	-0.0164	-0.1586	-0.1844	-0.1752	-0.1362	-0.0664	-0.0997	-0.0735	-0.1183	-0.1705	-0.0273	-0.2022	-0.205	-0.0099	-0.2627	-0.1156	-0.0735	-0.4212	0.0305	0.0159	0.0281	0.3941	0.139	0.0501	0.3138	0.0132	0.1316	-0.384	-0.0384	-0.2253	0.044	-0.1247	-0.0863	0.0198	-0.1634	0.1933	0.0354	0.0515	-0.0839	0.1621	0.0193	0.1554	0.1894	-0.2177	0.0124	-0.0308	0.2568	-0.3234	0.2198	-0.0676	0.6539	0.0525	0.0828	-0.0721	0.3894	0.1786	-0.1226	0.2867	0.0702	-0.2035	0.2202	0.0471	0.3375	0.3232	0.4554	0.2289	0.2317	0.2236	0.1014	-0.2175	-0.1618	-0.2821	0.0025	0.1829	-0.1511	-0.1421	-0.0016	-0.391	-0.4692	-0.0825	-0.2998	-0.3191	0.0927	-0.0392	-0.05	-0.012	-0.0013	-0.0247	0.2184	-0.1208	0.0999	-0.0289	-0.0672	0.3995	-0.0091	0.0412	0.109	-0.159	-0.0269	-0.0423	0.1235	-0.0846	-0.2748	-0.059	-0.3089	-0.0012	-0.1655	-0.286	-0.4833	-0.1241	-0.3027	-0.0886	-0.0852	-0.1712	-0.2743	-0.3084	-0.2255	-0.0212	-0.2527	0.024	-0.2134	-0.1863	0.0072	-0.0572	-0.0467	0.204	0.3729	0.532	-0.0428	0.1694	0.0608	-0.3118	-0.1694	0.1074	0.1551	0.0232	0.0297	0.1209	-0.2224	0.1697	-0.4393	-0.4656	0.0792	0.0885	0.1156	-0.094	-0.0736	-0.0265	0.3461	-0.0316	-0.1035	0.0243	0.6701	0.3062	0.0835	-0.4244	-0.0952	1.0	0.4215	-0.2557	0.4486	0.1513	-0.1023	0.3252	0.2862	0.5219	0.1891
RH_Default_PFCdPFCm_2	-0.0072	-0.0872	-0.2046	-0.0974	0.244	0.325	0.2189	0.0316	0.0068	-0.0849	-0.3203	-0.0786	0.0907	-0.0347	-0.0517	-0.0353	-0.0022	-0.246	-0.191	0.0609	-0.1327	-0.2082	-0.067	0.2274	0.0244	0.0265	0.0472	-0.2193	0.0028	0.0411	0.0547	-0.4963	-0.2606	-0.2381	-0.3093	-0.3551	-0.2922	0.0397	-0.156	-0.27	-0.1918	-0.0647	-0.3767	0.0408	-0.4215	-0.3861	0.002	-0.1484	-0.1171	-0.2197	-0.2055	0.023	0.1057	-0.0572	0.2477	-0.0574	-0.2276	0.1019	-0.1662	-0.2562	-0.3122	-0.1298	-0.2487	0.0194	0.002	-0.1368	-0.0585	0.0227	-0.0782	-0.1866	0.1391	-0.0293	0.2849	-0.0505	0.2138	0.0525	-0.3072	0.0202	-0.1063	0.0459	-0.2616	0.2554	0.002	0.4819	-0.0895	0.4715	-0.1215	0.5148	0.335	0.3265	0.2745	0.0001	-0.0924	0.2324	0.0337	0.2605	0.3861	0.4558	0.0002	0.1707	0.0226	-0.0047	-0.1294	-0.1179	-0.0139	0.2418	0.0839	0.2015	0.0048	0.1307	-0.1654	0.0446	0.1245	0.0532	-0.1891	0.03	-0.0403	-0.2855	-0.2073	-0.3016	-0.236	-0.0704	0.1097	-0.2772	-0.0666	-0.2505	0.0017	-0.1718	-0.2324	-0.1625	-0.3515	-0.1456	0.0236	0.0762	-0.3029	-0.0563	-0.323	-0.349	-0.2244	-0.146	-0.3761	-0.3871	-0.1939	-0.3477	-0.3924	-0.1963	-0.3855	-0.0034	0.0677	-0.3638	-0.2891	-0.262	-0.0746	-0.3197	-0.288	-0.091	0.0602	-0.4042	-0.0203	0.0724	0.3746	-0.1051	0.0134	-0.1896	-0.3378	-0.2412	-0.1938	-0.1873	-0.0256	-0.1315	0.2081	-0.0943	-0.2325	0.0223	-0.2936	-0.235	0.0638	0.1497	0.1768	0.3191	-0.1854	-0.0218	-0.1167	-0.0615	-0.1627	0.0504	0.0099	-0.2448	-0.176	-0.2618	0.4215	1.0	0.3861	0.2432	0.1195	0.0789	0.2026	0.2788	0.3727	0.0532
RH_Default_PFCdPFCm_3	0.1719	-0.0834	0.13	0.0372	0.0761	0.0874	0.154	0.2239	0.2402	0.0546	0.1919	0.1612	0.2294	0.1813	-0.1459	-0.1692	-0.2894	-0.3627	-0.16	-0.3192	-0.0217	0.0038	-0.1107	0.0975	0.1533	0.0096	0.0001	-0.0322	-0.0704	-0.1613	0.0086	-0.0113	0.111	-0.0254	-0.0455	-0.1656	0.0946	0.0778	0.1575	-0.2938	-0.0396	0.0876	-0.1694	-0.1969	-0.0411	0.1072	-0.1293	0.1313	0.032	-0.1066	0.2113	0.2874	0.4625	-0.0357	0.1091	-0.19	-0.2422	-0.1395	0.0987	-0.2238	0.0818	-0.146	-0.0369	-0.1812	0.0357	-0.1201	-0.0692	0.1942	-0.3618	-0.1987	0.2623	0.2953	-0.0039	-0.1542	-0.0671	-0.1461	-0.2152	-0.1889	-0.295	0.011	-0.0547	-0.0416	0.154	-0.0878	-0.0346	0.3694	-0.0421	0.1965	0.0591	0.4949	-0.1103	-0.1332	-0.0103	0.1098	-0.024	0.0765	0.1569	0.0877	-0.0673	0.1406	0.0118	0.1153	0.0029	0.079	0.2072	-0.0661	0.2292	0.0632	0.12	0.0633	0.186	0.1494	0.1878	0.2418	0.165	-0.1991	-0.2103	-0.1933	-0.3221	-0.5013	-0.1499	-0.262	-0.0424	-0.2489	-0.0866	0.035	-0.227	-0.144	-0.2026	-0.2051	-0.1039	-0.1543	-0.1807	-0.1001	-0.0455	0.0656	0.0279	-0.0465	-0.0593	0.0075	0.0671	0.0667	0.1643	0.023	-0.1556	0.0728	-0.1851	0.0538	0.0995	-0.0582	-0.0994	0.0343	-0.1771	-0.0198	-0.1272	-0.0653	0.2757	-0.276	-0.182	-0.1885	-0.026	0.1426	-0.1672	-0.0797	0.1444	-0.1376	-0.2693	-0.3736	-0.0214	-0.1725	0.125	0.1072	-0.3946	0.5013	0.212	-0.3707	0.035	0.1533	0.1537	0.4705	-0.1417	-0.1289	0.0416	-0.0744	-0.1821	-0.4963	-0.2968	-0.2524	-0.0729	-0.1482	-0.2557	0.3861	1.0	-0.1372	-0.1099	0.2936	-0.11	0.0564	-0.0412	-0.0289
RH_Default_PFCdPFCm_4	-0.3009	0.0598	-0.391	-0.0575	-0.1406	-0.2093	-0.3131	-0.2098	-0.1201	-0.3946	-0.3893	-0.3666	-0.1832	-0.2874	-0.3698	-0.1971	-0.1912	-0.2931	-0.2141	-0.0825	-0.4702	-0.0514	0.0157	-0.0077	-0.0819	-0.1031	-0.1942	-0.0802	-0.0363	-0.2202	-0.3206	-0.5356	-0.5758	-0.2261	-0.2472	-0.3127	-0.3702	-0.2231	-0.1707	-0.084	-0.0686	-0.0957	-0.1201	-0.3284	-0.4038	-0.3828	-0.3997	-0.0035	-0.3857	0.0729	-0.0884	-0.2207	-0.1922	0.0847	-0.2054	-0.2962	-0.3164	-0.1674	-0.3201	-0.2284	0.0608	-0.1235	-0.2159	-0.1191	-0.0729	0.0556	0.3748	-0.2307	0.2591	-0.0895	-0.3822	-0.1674	0.3093	0.2396	0.1597	0.2636	0.0853	-0.043	0.1707	0.1094	0.1258	0.489	0.3218	0.4059	0.2505	0.1951	0.3082	0.3136	0.5653	-0.0572	0.629	0.3776	0.2534	0.2981	0.3913	-0.1198	0.2842	0.2135	0.4337	-0.3401	-0.3474	-0.5181	-0.0746	-0.1055	-0.1803	-0.0473	-0.115	0.0383	-0.2566	-0.166	-0.2664	-0.1033	-0.3144	-0.2854	-0.4476	-0.1229	-0.2218	-0.1718	-0.1357	-0.2194	-0.3774	-0.0764	-0.3851	-0.0306	-0.2876	-0.2871	0.1898	-0.0219	0.1256	-0.1735	-0.2362	0.0162	-0.2172	-0.1792	-0.3786	-0.1903	-0.165	-0.2119	-0.1354	-0.5043	-0.3957	-0.3012	-0.3275	-0.3378	-0.3142	-0.0349	-0.211	-0.2064	-0.3803	-0.4538	-0.4488	-0.519	-0.237	-0.1924	-0.2102	-0.0525	-0.5181	-0.0549	-0.2515	0.0675	0.4257	-0.3234	-0.1361	-0.4874	-0.1901	-0.0652	-0.1439	0.0388	0.128	0.0958	0.2993	-0.1887	-0.1233	-0.0959	-0.1439	0.2603	-0.2961	-0.0708	-0.0153	-0.0093	0.4869	0.1053	0.3924	0.159	0.0301	0.3529	0.0749	0.3748	0.1013	0.2582	0.4486	0.2432	-0.1372	1.0	0.6884	0.0741	0.412	-0.1175	0.2854	-0.015
RH_Default_PFCdPFCm_5	-0.1937	0.206	-0.2046	-0.1964	0.1426	-0.2763	-0.4211	0.1849	0.2249	-0.4193	-0.1275	-0.5083	-0.1613	-0.111	-0.0951	0.1637	-0.0038	-0.0231	-0.3284	-0.126	-0.2718	0.0433	0.0018	0.0623	-0.082	-0.0735	-0.2799	-0.2562	-0.1417	-0.07	-0.4533	-0.6221	-0.724	-0.1721	-0.2652	-0.6109	-0.6264	-0.1939	-0.3679	-0.1069	-0.0418	-0.3179	-0.4097	-0.069	-0.335	-0.3009	-0.0918	-0.0058	-0.2241	0.0951	0.2188	-0.159	-0.0627	-0.0001	-0.2729	-0.2591	-0.2716	-0.0978	-0.2874	-0.16	0.0675	-0.4283	-0.4386	-0.4168	-0.0879	-0.1254	0.4045	-0.2445	0.0093	-0.3811	-0.5015	-0.2438	0.2076	0.3393	0.0692	0.4406	0.2803	0.0853	0.2977	-0.3162	0.4016	0.2909	0.4106	0.2038	0.3563	0.3461	0.4544	0.3168	0.6175	0.2582	0.6805	0.3395	0.2072	0.2102	0.5476	-0.443	0.0181	-0.0666	0.2204	-0.5256	-0.277	-0.4558	0.3004	-0.1413	0.2445	0.0236	-0.1582	0.4348	-0.321	-0.2088	0.0797	0.1391	-0.48	-0.2218	-0.4846	0.1556	-0.0464	-0.1568	0.0136	0.0204	-0.0601	-0.0612	-0.0305	-0.058	0.0264	-0.2586	0.0761	0.0244	0.0932	-0.0655	-0.2059	0.0367	-0.0726	-0.1599	-0.2441	0.0693	-0.1837	-0.3401	-0.1661	-0.5556	-0.3566	-0.29	-0.4715	-0.365	-0.3118	-0.0127	-0.0835	0.1215	-0.0354	-0.2187	-0.5518	-0.3631	0.0543	-0.3321	0.1917	0.2275	-0.3386	0.2623	-0.4861	-0.0654	0.2785	-0.3371	-0.1277	-0.359	-0.1212	-0.2257	-0.4808	-0.3081	0.0146	-0.1752	0.0655	-0.0673	-0.4168	0.314	0.0867	0.0642	-0.4743	-0.0241	-0.0197	0.2001	0.5154	-0.357	0.3868	0.0633	0.1731	0.0369	0.204	0.2784	0.5142	0.4051	0.1513	0.1195	-0.1099	0.6884	1.0	0.0935	0.4464	-0.367	-0.1088	-0.2125
RH_Default_PFCdPFCm_6	0.0495	-0.2004	-0.277	-0.0035	0.0001	-0.0273	-0.0481	-0.1902	-0.0147	-0.1639	-0.1017	-0.158	0.0732	-0.0558	0.2246	0.1768	-0.0932	-0.4333	-0.1349	-0.2239	-0.4613	-0.4568	-0.401	0.1911	-0.1988	-0.2618	-0.1938	-0.0575	-0.1303	-0.2698	-0.3438	0.0562	0.1207	-0.4003	-0.4401	0.0424	0.247	-0.1818	0.5649	-0.072	0.0669	0.4686	0.1265	-0.2156	-0.2038	0.0394	-0.1676	0.2331	-0.3128	-0.3289	0.4754	-0.0661	0.3053	-0.2584	-0.1775	-0.2278	-0.4841	-0.3199	-0.2593	-0.2538	0.5474	0.19	0.2606	0.1554	0.4983	0.2268	0.252	0.2869	-0.0897	0.2228	0.0718	0.1263	-0.3673	-0.4265	0.3258	-0.4114	-0.0296	-0.2044	-0.443	0.4494	-0.0196	0.1062	0.0715	-0.2862	-0.1602	-0.0265	-0.0862	-0.1276	-0.0049	0.1671	-0.1413	0.2189	0.2387	0.5323	0.077	-0.1452	-0.3643	0.0334	-0.2065	0.0022	-0.0888	0.0718	-0.0033	-0.1265	-0.2205	-0.0047	0.1241	-0.0358	-0.1794	-0.0589	-0.1698	-0.0984	-0.1541	0.1162	0.0997	0.1862	0.1163	0.1182	-0.045	-0.3755	-0.2131	-0.0858	-0.2666	-0.2339	-0.1923	-0.2423	-0.2125	-0.0804	-0.2033	-0.4453	-0.3321	-0.2962	-0.3746	-0.3842	-0.2641	0.0168	-0.2047	0.1507	-0.3569	0.234	-0.0992	-0.1156	0.4892	-0.1643	0.0696	0.6998	-0.0595	-0.0886	0.1227	-0.1817	-0.0038	0.1588	0.0537	0.3061	-0.1019	-0.3239	0.152	-0.0365	-0.1772	0.0274	-0.179	-0.2468	-0.1227	-0.0848	0.3156	0.4692	0.2673	0.2073	0.1887	0.378	0.6343	0.3095	0.1477	0.5219	0.6472	0.2779	-0.105	0.0701	-0.1748	-0.0157	0.4364	0.3061	0.2797	0.4178	-0.6516	-0.2261	-0.3253	0.1298	-0.0369	0.0484	-0.1023	0.0789	0.2936	0.0741	0.0935	1.0	0.3748	-0.1095	-0.142	0.0652
RH_Default_PFCdPFCm_7	-0.2599	-0.1727	-0.4438	-0.1806	-0.0547	0.0869	-0.4594	-0.1356	-0.2298	-0.2487	-0.3241	-0.4454	-0.3179	-0.3191	0.0308	0.2222	0.0149	-0.1532	-0.0641	-0.0692	-0.2463	-0.2279	-0.1345	0.015	-0.3515	-0.0278	-0.2197	-0.1471	-0.2882	-0.2012	-0.4221	-0.3964	-0.4198	-0.2151	-0.2835	-0.1218	-0.2141	-0.2692	0.078	-0.1809	-0.003	0.2546	-0.0623	-0.0594	-0.2091	-0.2854	-0.0025	0.0718	-0.2803	-0.18	0.0471	-0.0831	0.0477	-0.1074	-0.238	-0.2404	-0.3902	-0.2081	-0.1008	-0.3459	0.1672	0.0524	0.0566	-0.0368	0.029	0.0297	0.3144	-0.2072	0.002	0.0045	-0.0757	0.0277	-0.1353	-0.1059	0.3393	0.1484	-0.0023	-0.125	0.0902	0.2772	0.0591	0.4053	0.2759	0.198	-0.1283	0.202	-0.0066	0.1852	0.2317	0.115	0.225	0.2793	0.1704	0.4297	0.282	0.0586	0.1226	0.2059	0.3869	-0.2831	-0.3347	-0.2925	-0.2351	-0.3921	-0.198	-0.1764	-0.0839	-0.007	-0.413	-0.0595	-0.2933	-0.3116	-0.2885	-0.2532	-0.3852	0.2554	0.0106	0.0431	-0.0078	0.0024	-0.0276	-0.0171	-0.2632	-0.0439	-0.1275	-0.3351	0.0139	-0.2481	0.0312	-0.0976	-0.3203	-0.1948	-0.3013	-0.3393	-0.3107	-0.1216	-0.1595	0.0021	-0.2397	-0.0565	-0.2941	-0.3536	-0.0084	-0.5363	-0.0338	0.4204	-0.1057	-0.2209	-0.1796	-0.2668	-0.2985	-0.0206	-0.0235	0.1277	-0.038	-0.051	-0.3203	0.1389	-0.0709	0.0099	0.2821	-0.321	-0.082	-0.1494	-0.0803	0.2199	0.1484	0.158	0.3582	0.1249	0.5869	-0.1123	0.1012	0.1213	0.2288	0.46	0.0038	0.2177	0.1076	0.0871	0.5241	0.2738	0.359	0.377	-0.2571	0.3016	0.1793	0.4265	-0.0308	0.2344	0.3252	0.2026	-0.11	0.412	0.4464	0.3748	1.0	0.1221	0.3582	0.2593
RH_Default_pCunPCC_1	0.0265	-0.3438	-0.2223	0.0488	-0.214	0.1616	0.0491	-0.2162	-0.3566	0.3429	-0.09	0.1942	-0.1168	-0.117	-0.3257	-0.2496	-0.1903	-0.0406	0.2598	0.0483	0.2297	0.0329	0.039	0.1445	0.0438	0.2004	-0.0793	0.3698	-0.0863	0.1014	0.44	0.0647	0.2942	0.2869	0.2909	0.288	0.377	0.0711	0.4008	-0.1921	0.3782	0.1716	0.2033	-0.0922	0.2591	0.1779	0.0667	0.0589	0.1229	0.2259	-0.1254	0.4803	0.1243	0.259	0.0875	-0.0731	0.1018	0.1911	0.3258	-0.0702	-0.2871	-0.0508	0.1881	-0.1407	-0.2931	-0.2777	0.0877	-0.0602	0.0531	-0.0332	0.5529	-0.0016	0.05	-0.0499	-0.344	0.1486	-0.2192	0.0008	0.2865	0.3175	-0.0286	-0.2253	0.0336	0.3104	-0.1009	-0.0414	-0.1514	0.156	-0.1511	0.0702	-0.0994	-0.2548	-0.4474	-0.0216	-0.2307	0.8449	0.5132	0.1667	0.3863	0.5124	0.0754	0.5176	-0.3208	-0.0685	-0.3444	-0.0761	0.2684	-0.2603	0.0715	0.4668	-0.152	-0.4257	0.3751	0.0593	0.2312	-0.2491	-0.1805	-0.0503	-0.3192	-0.0062	-0.0098	-0.062	0.0591	0.2181	-0.0871	0.0009	0.2293	-0.2113	0.1608	0.1096	0.2586	-0.2636	-0.0899	-0.1166	-0.065	-0.2329	0.1533	0.0796	0.1297	0.263	0.2584	-0.0406	0.4372	-0.0237	0.1946	0.0317	-0.0724	-0.234	-0.3577	-0.007	0.149	0.2698	-0.1818	0.121	-0.1807	0.0745	0.1798	0.0199	0.1599	0.0754	0.1616	0.2636	0.1573	0.395	-0.0964	-0.1798	0.1805	-0.0994	0.0761	-0.3459	0.0475	-0.2444	0.1227	-0.1826	-0.2855	-0.2698	0.7049	0.2527	0.1777	0.0501	-0.3371	0.4743	-0.1121	-0.4575	-0.0003	0.0764	0.3598	-0.1546	-0.4326	-0.2541	0.2862	0.2788	0.0564	-0.1175	-0.367	-0.1095	0.1221	1.0	0.5957	0.3337
RH_Default_pCunPCC_2	-0.1127	-0.1409	-0.37	0.136	-0.1489	0.1495	0.1322	-0.1461	-0.2387	0.2941	-0.2858	0.1084	0.115	-0.0059	-0.3869	-0.2652	-0.0616	-0.1535	-0.0224	0.1135	0.0647	-0.003	-0.1235	-0.1044	-0.1151	-0.0131	0.0995	0.01	-0.1854	-0.1095	0.1868	-0.2038	-0.0062	-0.0099	0.0462	0.1212	0.0731	0.2862	0.0776	-0.0447	-0.0461	-0.1003	-0.0718	-0.1723	-0.1659	-0.1811	0.0832	-0.2317	0.013	-0.0695	-0.2736	-0.0444	0.0539	-0.0002	0.1243	-0.0002	-0.1497	-0.0162	0.2618	-0.0765	-0.2133	0.0652	-0.0349	-0.0606	-0.3874	-0.3326	-0.0667	-0.3004	-0.045	-0.1959	0.5481	0.2686	0.1188	-0.2433	-0.2425	0.0261	-0.2344	-0.2704	0.1187	0.3869	-0.1187	-0.0056	0.0149	0.3124	-0.414	-0.0689	-0.3223	-0.0312	-0.181	-0.1719	-0.0697	-0.3248	-0.4097	-0.072	-0.3059	0.5827	0.7283	0.3784	0.6343	0.0422	0.0298	-0.0107	-0.3091	-0.0458	-0.272	0.085	-0.0096	-0.1345	0.15	0.3761	-0.2541	-0.197	0.3954	0.1662	0.1006	-0.2107	-0.2837	-0.1111	-0.4008	-0.0822	-0.1139	0.0464	0.0217	0.0217	0.0046	-0.1489	0.037	-0.4251	0.0155	0.1704	-0.0565	-0.139	-0.3339	-0.2251	-0.0249	0.0363	-0.0742	-0.0204	-0.054	0.2614	0.0518	-0.1073	0.1772	-0.3408	0.041	-0.1435	-0.0587	0.0128	-0.2698	-0.2922	0.1144	0.1182	-0.2794	-0.0625	-0.2479	-0.1025	0.0087	-0.0704	0.3176	0.1487	0.493	0.1272	0.2683	0.1417	0.014	-0.0659	0.3427	0.1836	0.0443	-0.117	0.1821	-0.1916	0.2894	-0.1638	-0.4437	0.1405	0.685	0.5156	0.2133	0.0222	-0.1943	0.597	0.3664	-0.0669	-0.0597	0.5508	0.3797	0.2606	-0.4236	-0.0123	0.5219	0.3727	-0.0412	0.2854	-0.1088	-0.142	0.3582	0.5957	1.0	0.7465
RH_Default_pCunPCC_3	0.1091	0.0538	-0.2497	0.24	-0.0056	0.0996	0.2983	0.0093	-0.0005	0.5515	-0.028	0.197	0.3517	0.2644	-0.1786	-0.1773	-0.0208	-0.1271	-0.06	0.0065	0.077	0.0142	-0.2902	-0.3444	-0.2895	-0.1285	0.172	-0.0937	-0.2716	-0.2775	0.05	0.0369	0.2484	-0.08	0.0132	0.2818	0.2223	0.4815	0.1718	0.14	-0.0877	-0.1099	-0.0817	-0.2082	-0.0773	0.0177	0.2586	-0.3144	0.0817	-0.2727	-0.0932	-0.2387	0.1387	-0.2079	0.1189	0.115	-0.1603	-0.255	0.3007	0.0606	0.0712	0.1567	0.0345	-0.0733	-0.3859	-0.3714	-0.1556	-0.389	-0.3004	-0.227	0.6539	0.4396	-0.3164	-0.5022	-0.3426	-0.259	-0.1691	-0.543	-0.0865	0.3532	-0.0139	-0.2889	-0.1336	-0.2112	-0.5913	-0.3598	-0.5148	-0.519	-0.5885	-0.2941	-0.4833	-0.505	-0.4702	-0.2876	-0.5013	0.2858	0.3393	0.0314	0.4762	-0.1149	0.111	-0.0188	-0.1401	0.1192	-0.1003	0.1259	0.0199	-0.0834	0.3192	0.4404	-0.0624	-0.0155	0.462	0.4388	0.4083	-0.2129	-0.352	-0.0259	-0.2874	0.0235	0.0096	0.0428	0.2071	0.0533	0.198	-0.1188	-0.2239	-0.5589	-0.0786	0.2176	-0.0042	-0.1026	-0.4781	-0.4566	0.31	0.3961	-0.0148	0.2844	-0.0766	0.6715	0.3569	0.1983	0.4653	-0.1592	0.3543	0.1235	0.3309	0.3182	0.0384	-0.011	0.4518	0.5035	-0.1176	0.0741	-0.0525	-0.1532	0.2713	0.0464	0.4235	0.0812	0.3628	0.1147	0.4409	0.2936	0.4877	0.2489	0.6181	0.4018	0.1136	0.0496	0.1883	0.1492	0.5594	0.1528	-0.0944	0.3191	0.7572	0.6444	0.0834	-0.0358	-0.0784	0.6766	0.6421	0.1591	-0.0818	0.4856	0.1781	0.4848	-0.3012	0.2781	0.1891	0.0532	-0.0289	-0.015	-0.2125	0.0652	0.2593	0.3337	0.7465	1.0
