parcelx	LH_Vis_1	LH_Vis_2	LH_Vis_3	LH_Vis_4	LH_Vis_5	LH_Vis_6	LH_Vis_7	LH_Vis_8	LH_Vis_9	LH_Vis_10	LH_Vis_11	LH_Vis_12	LH_Vis_13	LH_Vis_14	LH_SomMot_1	LH_SomMot_2	LH_SomMot_3	LH_SomMot_4	LH_SomMot_5	LH_SomMot_6	LH_SomMot_7	LH_SomMot_8	LH_SomMot_9	LH_SomMot_10	LH_SomMot_11	LH_SomMot_12	LH_SomMot_13	LH_SomMot_14	LH_SomMot_15	LH_SomMot_16	LH_DorsAttn_Post_1	LH_DorsAttn_Post_2	LH_DorsAttn_Post_3	LH_DorsAttn_Post_4	LH_DorsAttn_Post_5	LH_DorsAttn_Post_6	LH_DorsAttn_Post_7	LH_DorsAttn_Post_8	LH_DorsAttn_Post_9	LH_DorsAttn_Post_10	LH_DorsAttn_FEF_1	LH_DorsAttn_FEF_2	LH_DorsAttn_PrCv_1	LH_SalVentAttn_ParOper_1	LH_SalVentAttn_ParOper_2	LH_SalVentAttn_ParOper_3	LH_SalVentAttn_FrOperIns_1	LH_SalVentAttn_FrOperIns_2	LH_SalVentAttn_FrOperIns_3	LH_SalVentAttn_FrOperIns_4	LH_SalVentAttn_PFCl_1	LH_SalVentAttn_Med_1	LH_SalVentAttn_Med_2	LH_SalVentAttn_Med_3	LH_Limbic_OFC_1	LH_Limbic_OFC_2	LH_Limbic_TempPole_1	LH_Limbic_TempPole_2	LH_Limbic_TempPole_3	LH_Limbic_TempPole_4	LH_Cont_Par_1	LH_Cont_Par_2	LH_Cont_Par_3	LH_Cont_Temp_1	LH_Cont_OFC_1	LH_Cont_PFCl_1	LH_Cont_PFCl_2	LH_Cont_PFCl_3	LH_Cont_PFCl_4	LH_Cont_PFCl_5	LH_Cont_pCun_1	LH_Cont_Cing_1	LH_Cont_Cing_2	LH_Default_Temp_1	LH_Default_Temp_2	LH_Default_Temp_3	LH_Default_Temp_4	LH_Default_Temp_5	LH_Default_Par_1	LH_Default_Par_2	LH_Default_Par_3	LH_Default_Par_4	LH_Default_PFC_1	LH_Default_PFC_2	LH_Default_PFC_3	LH_Default_PFC_4	LH_Default_PFC_5	LH_Default_PFC_6	LH_Default_PFC_7	LH_Default_PFC_8	LH_Default_PFC_9	LH_Default_PFC_10	LH_Default_PFC_11	LH_Default_PFC_12	LH_Default_PFC_13	LH_Default_pCunPCC_1	LH_Default_pCunPCC_2	LH_Default_pCunPCC_3	LH_Default_pCunPCC_4	LH_Default_PHC_1	RH_Vis_1	RH_Vis_2	RH_Vis_3	RH_Vis_4	RH_Vis_5	RH_Vis_6	RH_Vis_7	RH_Vis_8	RH_Vis_9	RH_Vis_10	RH_Vis_11	RH_Vis_12	RH_Vis_13	RH_Vis_14	RH_Vis_15	RH_SomMot_1	RH_SomMot_2	RH_SomMot_3	RH_SomMot_4	RH_SomMot_5	RH_SomMot_6	RH_SomMot_7	RH_SomMot_8	RH_SomMot_9	RH_SomMot_10	RH_SomMot_11	RH_SomMot_12	RH_SomMot_13	RH_SomMot_14	RH_SomMot_15	RH_SomMot_16	RH_SomMot_17	RH_SomMot_18	RH_SomMot_19	RH_DorsAttn_Post_1	RH_DorsAttn_Post_2	RH_DorsAttn_Post_3	RH_DorsAttn_Post_4	RH_DorsAttn_Post_5	RH_DorsAttn_Post_6	RH_DorsAttn_Post_7	RH_DorsAttn_Post_8	RH_DorsAttn_Post_9	RH_DorsAttn_Post_10	RH_DorsAttn_FEF_1	RH_DorsAttn_FEF_2	RH_DorsAttn_PrCv_1	RH_SalVentAttn_TempOccPar_1	RH_SalVentAttn_TempOccPar_2	RH_SalVentAttn_TempOccPar_3	RH_SalVentAttn_PrC_1	RH_SalVentAttn_FrOperIns_1	RH_SalVentAttn_FrOperIns_2	RH_SalVentAttn_FrOperIns_3	RH_SalVentAttn_FrOperIns_4	RH_SalVentAttn_Med_1	RH_SalVentAttn_Med_2	RH_SalVentAttn_Med_3	RH_Limbic_OFC_1	RH_Limbic_OFC_2	RH_Limbic_OFC_3	RH_Limbic_TempPole_1	RH_Limbic_TempPole_2	RH_Limbic_TempPole_3	RH_Cont_Par_1	RH_Cont_Par_2	RH_Cont_Par_3	RH_Cont_Temp_1	RH_Cont_PFCv_1	RH_Cont_PFCl_1	RH_Cont_PFCl_2	RH_Cont_PFCl_3	RH_Cont_PFCl_4	RH_Cont_PFCl_5	RH_Cont_PFCl_6	RH_Cont_PFCl_7	RH_Cont_pCun_1	RH_Cont_Cing_1	RH_Cont_Cing_2	RH_Cont_PFCmp_1	RH_Cont_PFCmp_2	RH_Default_Par_1	RH_Default_Par_2	RH_Default_Par_3	RH_Default_Temp_1	RH_Default_Temp_2	RH_Default_Temp_3	RH_Default_Temp_4	RH_Default_Temp_5	RH_Default_PFCv_1	RH_Default_PFCdPFCm_1	RH_Default_PFCdPFCm_2	RH_Default_PFCdPFCm_3	RH_Default_PFCdPFCm_4	RH_Default_PFCdPFCm_5	RH_Default_PFCdPFCm_6	RH_Default_PFCdPFCm_7	RH_Default_pCunPCC_1	RH_Default_pCunPCC_2	RH_Default_pCunPCC_3
LH_Vis_1	1.0	0.3852	0.5349	0.4476	0.123	0.2468	0.3007	0.0437	0.3111	0.4568	0.7129	0.3952	0.662	0.6534	-0.1742	-0.0079	-0.1788	0.0679	-0.0621	-0.3719	0.1048	0.3306	-0.4154	-0.2777	0.1761	-0.2479	-0.1521	0.2962	-0.3532	-0.0911	0.2564	0.3245	0.2582	0.3277	0.3719	0.3199	0.6517	0.6337	0.3799	0.29	0.4392	0.2968	-0.0369	0.2335	0.3449	0.3102	0.0689	0.1908	0.3389	0.0056	0.2212	0.504	0.5287	0.2743	-0.3027	-0.2497	-0.0593	-0.0762	-0.2634	-0.2885	-0.5808	-0.2056	0.0687	-0.1153	-0.2907	-0.5784	-0.5315	-0.1434	-0.1735	-0.3258	0.0913	-0.0759	0.3405	-0.4247	-0.3944	-0.2652	-0.6144	-0.5273	-0.0107	0.2038	0.0379	-0.4092	-0.1718	0.0199	-0.3208	-0.1724	-0.2402	-0.0678	-0.265	-0.1145	-0.3846	-0.3449	-0.5511	-0.159	-0.2824	0.105	-0.2107	-0.1108	-0.2349	0.0088	0.3532	0.3033	0.5663	0.6578	0.3412	0.1956	0.1762	0.2518	0.4594	0.3346	0.5256	0.5667	0.5022	0.5382	0.5693	0.0093	0.1497	-0.3289	0.0128	0.1659	0.1081	-0.1807	0.4499	-0.1409	0.2472	0.0261	-0.3113	0.1605	-0.0575	0.2375	0.2103	0.0261	-0.2704	-0.279	0.5055	0.2387	0.1293	0.0334	0.2518	0.4803	0.5649	0.7284	0.4302	0.4692	0.3133	0.3604	0.0711	-0.0655	0.1953	0.3001	0.2127	-0.0842	0.0874	0.1631	0.357	0.2591	0.3483	0.2625	-0.295	0.0305	-0.1732	-0.2548	-0.179	-0.1273	-0.1748	-0.4442	-0.0998	-0.0998	-0.3907	-0.4945	-0.5977	-0.1607	-0.1464	-0.1037	-0.4515	-0.5013	0.3913	0.065	0.1022	-0.1546	-0.3384	0.3805	-0.3007	-0.5589	-0.48	-0.418	0.1811	-0.5363	-0.3218	-0.2481	-0.1061	-0.1017	0.1804	-0.175	-0.3913	-0.0672	-0.0788	0.1166	-0.1134	-0.1121
LH_Vis_2	0.3852	1.0	0.603	0.2909	0.7581	0.1595	0.3651	0.472	0.8037	0.2402	0.6839	0.2465	0.5889	0.7849	-0.1037	-0.0156	-0.188	-0.0778	-0.1602	-0.0212	0.3685	0.3459	-0.2831	-0.108	-0.2618	-0.1481	-0.2383	0.0437	-0.3339	0.117	-0.1639	-0.0941	-0.0207	-0.0366	0.1575	-0.1303	0.0268	0.462	-0.2492	-0.0625	-0.0517	-0.4001	-0.2646	0.2552	0.0469	-0.0324	-0.0891	-0.2606	0.0638	-0.1822	-0.1967	0.105	0.0809	0.3689	-0.2757	0.0562	-0.2745	0.0166	-0.4388	0.043	-0.3404	-0.0751	-0.2282	-0.292	-0.114	-0.2238	-0.4604	-0.4254	-0.2668	-0.2369	0.0322	-0.0064	-0.2029	-0.2718	-0.1923	-0.1356	-0.2459	-0.2173	-0.1763	-0.3414	-0.0801	-0.2397	0.1504	-0.0711	-0.0425	-0.1795	-0.2414	-0.1554	-0.1451	-0.0891	-0.134	-0.2842	-0.2385	-0.2851	-0.0886	-0.3047	-0.1241	-0.1698	-0.2734	-0.4267	0.0742	-0.172	0.6427	0.5455	0.7512	0.0582	-0.2768	0.7354	0.3223	0.0032	0.7743	0.6484	0.3767	0.6366	0.7044	-0.1018	0.0341	-0.3185	0.1312	0.2051	0.0652	0.0518	0.2437	0.0921	0.449	0.0801	-0.1508	0.1422	0.2317	0.1368	0.1831	-0.284	-0.2472	-0.2942	0.3761	0.349	0.1614	0.0596	0.263	0.362	0.5413	0.543	-0.073	0.1476	0.1546	-0.0149	0.142	0.072	0.3041	0.2024	0.3493	0.1694	-0.1093	-0.0784	0.1881	0.1281	-0.0059	0.3511	-0.3065	-0.0444	-0.2772	-0.2313	-0.3153	-0.0479	0.0707	-0.152	-0.0318	-0.0009	-0.0875	-0.1785	-0.1357	-0.1141	-0.0384	0.0222	-0.2143	-0.0921	0.2895	0.3564	-0.2136	-0.1917	-0.0244	-0.033	-0.2273	-0.2134	-0.3312	-0.0781	0.1345	-0.0575	0.0108	0.0185	-0.0661	0.0849	0.0052	-0.021	0.005	-0.2333	-0.1438	-0.1902	0.0003	-0.193
LH_Vis_3	0.5349	0.603	1.0	0.1553	0.4544	0.1335	0.181	0.3584	0.5062	0.1831	0.6909	0.3086	0.3664	0.7427	0.0583	0.0403	-0.146	0.0417	-0.0594	-0.1844	0.2205	0.2477	-0.4203	-0.2886	0.1477	-0.377	-0.2293	0.2441	-0.4839	-0.074	0.3683	0.243	0.3076	0.3221	0.566	0.3218	0.4041	0.7818	-0.1715	0.1312	0.0535	-0.1918	-0.0079	0.3045	0.235	0.0001	-0.0386	-0.0361	0.2632	-0.0085	-0.0626	0.31	0.1516	0.3153	-0.1536	0.0522	-0.0222	-0.0323	-0.2784	0.032	-0.4271	-0.0098	-0.108	-0.2333	-0.2408	-0.2177	-0.4271	-0.2246	-0.1184	-0.1518	0.0282	-0.0905	0.0493	-0.336	-0.2993	-0.0409	-0.2627	-0.1235	-0.2168	-0.2886	-0.14	-0.3511	0.0765	-0.028	-0.0043	-0.1357	-0.1417	-0.1944	-0.2044	0.0284	-0.2396	-0.2134	-0.3234	-0.3653	-0.2036	-0.1233	-0.2315	-0.2709	-0.2492	-0.0695	0.3477	-0.0623	0.4953	0.4826	0.6818	0.017	-0.0605	0.4517	0.2056	0.1757	0.6094	0.3694	0.1705	0.4419	0.8034	-0.0613	-0.0254	-0.3018	0.1127	0.0502	0.2568	-0.0886	0.1567	-0.0336	0.2668	0.0393	-0.0963	0.3183	0.0413	0.1503	0.1513	-0.1337	-0.3564	-0.086	0.7954	0.5055	0.3483	0.1003	0.4212	0.3291	0.7114	0.6688	-0.0144	0.3417	0.5203	-0.0592	0.1271	-0.1102	0.2335	0.2188	0.3782	0.0052	-0.0392	0.0652	0.2125	0.1999	0.1223	0.2564	-0.1938	0.1515	-0.2191	-0.2891	-0.1053	0.0049	-0.2598	-0.3429	-0.0936	-0.0369	-0.2557	-0.3047	-0.1643	-0.0979	0.0475	-0.2696	-0.412	-0.3056	0.2962	0.2366	-0.2144	-0.223	-0.2983	-0.069	-0.411	-0.4705	-0.4777	-0.3032	-0.0648	-0.3373	-0.1495	-0.1869	-0.0624	-0.0515	0.2256	-0.1614	-0.3069	-0.3888	-0.3803	-0.0311	-0.0816	-0.3468
LH_Vis_4	0.4476	0.2909	0.1553	1.0	0.0608	0.2369	0.6122	0.0228	0.1707	0.7499	0.3745	0.4941	0.6954	0.3317	-0.1308	0.1511	-0.0722	0.1682	0.028	-0.4484	0.1794	0.3604	-0.3355	-0.2661	0.1162	-0.3551	0.1852	0.3438	-0.281	0.0441	-0.0353	0.147	0.1303	0.0023	0.0032	0.1079	0.3218	0.2238	0.502	0.4312	0.4333	0.3093	-0.1939	0.2413	0.2989	0.3217	0.2372	0.2472	0.4053	0.0721	0.3243	0.401	0.5897	0.357	-0.3778	0.0093	-0.1608	0.0591	-0.3459	-0.3631	-0.3013	-0.0265	0.1129	-0.1266	-0.4036	-0.4715	-0.4346	0.015	-0.3464	-0.4992	0.3457	0.3797	0.1036	-0.3429	-0.3898	-0.5706	-0.5902	-0.3894	-0.1905	0.0511	-0.1351	-0.4464	-0.3456	-0.0754	-0.3898	-0.1443	-0.4304	-0.2698	-0.5515	-0.0863	-0.459	-0.5134	-0.5563	-0.2972	-0.2799	-0.0659	-0.2187	-0.0099	-0.1983	-0.1803	0.138	0.0731	0.2448	0.6487	0.062	0.4276	0.1701	0.2775	0.6939	0.5161	0.1826	0.528	0.7845	0.48	0.1367	0.1489	-0.0004	-0.0618	0.1025	0.1353	-0.0304	-0.1185	0.5154	-0.1233	0.198	0.1982	-0.3153	0.0374	0.0191	0.2736	0.1892	-0.2218	-0.394	-0.2734	-0.0072	0.1976	-0.2913	0.1265	-0.0765	0.4705	0.2854	0.4087	0.4048	0.4558	0.069	0.3641	0.0888	0.0804	0.3557	0.2808	0.1424	0.0183	0.2704	0.3056	0.3153	0.3817	0.5567	0.3021	-0.1227	-0.2317	0.083	-0.0527	-0.259	-0.154	0.1667	-0.0976	0.0291	0.0143	-0.0977	-0.383	-0.2844	0.2391	-0.1331	0.1977	-0.1687	-0.2854	0.5183	0.3511	0.1449	0.102	-0.3397	0.2049	-0.0947	-0.3004	-0.3851	-0.3946	0.2228	-0.4011	-0.3191	-0.1842	-0.2692	-0.0812	0.186	-0.2962	-0.3849	0.014	0.1346	0.0337	-0.0212	0.1778
LH_Vis_5	0.123	0.7581	0.4544	0.0608	1.0	0.1214	0.2412	0.3924	0.7585	0.0868	0.4598	0.1795	0.2632	0.6701	0.1179	-0.0078	0.1718	-0.0191	-0.0289	0.0964	0.2445	0.2959	-0.0759	-0.0839	-0.2252	-0.0654	-0.2119	-0.0358	-0.2122	0.262	-0.3133	-0.3339	-0.195	-0.152	0.0664	-0.3399	-0.1401	0.3286	-0.3569	-0.0591	-0.2451	-0.4975	-0.4307	0.1047	-0.0678	-0.2008	-0.0214	-0.3182	-0.0299	-0.1942	-0.2552	0.0471	-0.0325	0.2768	-0.2131	0.0964	-0.1167	0.1337	-0.1959	0.1334	-0.3297	-0.2552	-0.4227	-0.4207	-0.1285	-0.1853	-0.4193	-0.6069	-0.3452	-0.2877	-0.0272	-0.0341	-0.3003	-0.0167	-0.1556	0.1235	-0.1432	-0.2044	-0.2276	-0.3477	-0.0377	-0.0918	0.2055	-0.0047	0.0189	-0.0059	-0.0798	0.016	0.0744	-0.0109	-0.1181	-0.2611	-0.1635	-0.2222	-0.0461	-0.1298	-0.0183	-0.166	-0.2429	-0.4055	0.0206	-0.1772	0.4078	0.186	0.6758	-0.0501	-0.3502	0.8818	0.0364	0.1349	0.6186	0.292	0.091	0.4258	0.6037	0.0256	-0.0046	-0.1204	0.1963	0.1445	0.0983	0.1434	0.0957	0.1286	0.3845	0.2262	-0.0249	0.258	0.2235	0.1438	0.1432	-0.1963	-0.1141	-0.0259	0.2344	0.2105	0.2084	0.0121	0.3004	0.1901	0.3304	0.3302	-0.1501	0.0801	0.1664	-0.088	-0.0047	-0.0512	0.0756	0.1293	0.1433	-0.0055	-0.0854	-0.0772	0.0659	0.1734	-0.0296	0.3293	-0.1052	0.0724	-0.2138	-0.1637	-0.1542	0.2584	-0.0026	-0.1528	-0.1543	-0.0758	-0.1144	-0.1601	-0.1023	-0.1193	-0.1	-0.0286	-0.2102	-0.0768	0.1829	0.2046	-0.2404	-0.2112	-0.0194	-0.0742	-0.0502	-0.0353	-0.1626	0.0259	-0.048	0.1102	-0.0468	0.0508	0.1592	0.2278	0.0022	0.1727	0.0726	-0.2093	-0.2661	-0.052	0.128	-0.1713
LH_Vis_6	0.2468	0.1595	0.1335	0.2369	0.1214	1.0	0.1582	-0.2362	0.2045	0.3811	0.1543	0.3733	0.1179	0.2808	-0.143	-0.1396	0.097	-0.0999	-0.0631	-0.2327	0.1096	0.1148	-0.1945	-0.1326	-0.0083	-0.0984	0.0183	-0.0342	-0.0139	0.2303	0.1852	-0.1374	-0.0825	-0.331	-0.0216	-0.1877	0.0864	0.122	0.1585	0.1582	0.0445	0.1542	-0.2322	-0.0826	-0.0598	-0.0789	0.0679	-0.0155	0.1628	-0.063	-0.0182	0.1975	0.2235	0.1081	-0.1898	-0.1144	0.2618	0.3426	0.0183	-0.1255	-0.4992	-0.3635	-0.1843	-0.2049	0.0501	-0.3191	-0.2904	-0.2732	-0.1008	-0.1955	-0.1192	-0.2281	0.0219	-0.0927	-0.2262	-0.0048	-0.3291	-0.3487	0.0325	0.0858	-0.2278	-0.1295	-0.0293	0.2101	-0.0965	0.0863	0.0432	0.1027	-0.0225	0.2785	-0.1712	-0.1798	-0.225	0.0434	-0.0345	0.2993	-0.0028	-0.1308	-0.2006	0.3236	0.4041	0.4429	0.1103	0.1147	0.0511	-0.0874	0.4048	0.0681	0.2961	0.3277	0.1914	-0.0219	0.2239	0.1687	0.2918	-0.1426	-0.252	-0.0032	-0.1089	-0.0792	-0.0037	-0.2885	0.1855	-0.2318	0.139	0.0896	-0.1662	0.105	0.0103	0.0742	0.1097	0.2091	-0.0151	-0.0549	0.1116	-0.0498	-0.0293	-0.0806	0.1378	-0.046	0.1664	0.1969	0.1276	0.0565	0.2287	0.0989	0.0354	-0.1757	-0.181	-0.0382	0.0619	-0.1828	-0.0365	-0.0695	0.1097	0.1042	0.091	0.1237	-0.145	0.0204	-0.1537	0.0031	0.1079	0.1378	-0.2293	-0.3389	-0.1855	-0.1481	-0.3041	-0.3072	-0.3312	-0.153	-0.1504	-0.0939	-0.281	-0.2024	-0.0207	-0.2424	-0.0139	0.1488	-0.1473	0.1665	0.0236	-0.2497	-0.1633	-0.2157	0.1164	-0.3539	-0.2554	-0.0595	0.1272	0.1571	0.1226	-0.0013	-0.2345	0.1004	-0.1292	0.4077	-0.0558	-0.1216
LH_Vis_7	0.3007	0.3651	0.181	0.6122	0.2412	0.1582	1.0	-0.0044	0.3726	0.7398	0.2151	0.4186	0.5005	0.3158	-0.0064	0.0278	-0.1449	0.0893	-0.1556	-0.133	0.3644	0.3113	-0.2962	-0.2636	-0.0609	-0.4285	0.0749	0.1603	-0.2139	0.1281	-0.0453	0.1075	0.1781	0.0937	0.0451	0.187	0.2348	0.3176	0.3136	0.0949	0.1373	0.0707	-0.1766	0.2096	0.1815	0.2088	-0.0021	0.1003	0.3142	0.112	0.0432	0.2894	0.3958	0.3151	-0.2487	-0.0966	0.0177	0.2657	-0.1154	-0.388	-0.2598	0.0489	0.0257	-0.2752	-0.4621	-0.361	-0.4093	-0.1508	-0.2054	-0.3869	0.4472	0.4249	-0.0693	-0.2288	-0.4671	-0.366	-0.4867	-0.365	-0.0473	-0.0122	-0.1366	-0.3013	-0.1955	-0.0409	-0.176	-0.0786	-0.2794	-0.2062	-0.3481	-0.2081	-0.3908	-0.4839	-0.4546	-0.3986	-0.3173	-0.0871	-0.068	-0.1029	0.0237	-0.1467	0.1812	0.1273	0.0054	0.4877	0.0521	0.1261	0.0384	0.2886	0.7076	0.4462	0.1036	0.4085	0.6712	0.3116	0.1634	-0.0866	0.0661	-0.3616	-0.1708	-0.0721	-0.2047	-0.1116	0.4396	-0.0641	0.2599	0.1235	-0.4055	0.1138	-0.0748	-0.0068	0.0288	-0.1559	-0.361	-0.3107	0.0373	0.0805	-0.1576	0.1304	0.0764	0.4751	0.4406	0.3702	0.2911	0.2472	0.0049	0.1227	0.2382	0.1821	0.2582	0.1715	0.3262	-0.1273	0.189	0.2992	0.2003	0.2387	0.4001	0.226	-0.0249	-0.1178	0.2492	0.0962	-0.0772	-0.1265	0.1698	-0.0618	0.0826	0.0144	0.0239	-0.3397	-0.0106	0.1703	0.1142	0.1144	-0.1518	-0.1238	0.5863	0.4668	0.0021	0.1045	-0.2268	0.0489	0.0176	-0.1576	-0.2324	-0.3286	0.2234	-0.1881	-0.1249	0.0618	-0.2034	0.0584	-0.1167	-0.0707	-0.2001	-0.1573	-0.1364	0.0106	0.1368	0.336
LH_Vis_8	0.0437	0.472	0.3584	0.0228	0.3924	-0.2362	-0.0044	1.0	0.2723	-0.2163	0.3221	-0.1793	0.1977	0.3997	0.0117	0.023	0.1293	0.0814	0.0308	0.2352	0.1945	-0.0221	-0.0722	0.0762	-0.1801	0.084	0.0012	0.09	-0.2092	-0.2079	-0.1391	-0.0874	-0.0843	0.1681	0.0016	-0.0835	-0.1046	0.2094	-0.2874	0.0938	0.0432	-0.3239	-0.0907	0.211	0.1133	-0.0226	0.0182	-0.2481	-0.0076	-0.1045	-0.2401	-0.0045	-0.1071	0.0986	-0.0998	0.1528	-0.3111	-0.147	-0.1796	0.3483	0.0134	0.0689	-0.1443	-0.2252	-0.1417	0.0995	-0.0705	-0.05	-0.0651	-0.0037	-0.0456	-0.0265	-0.1055	-0.1316	-0.1015	-0.0513	-0.0214	0.0863	-0.0194	-0.2835	0.1931	-0.0983	0.138	-0.2145	-0.0263	-0.1737	-0.1998	-0.1964	-0.0664	-0.255	0.0235	-0.043	0.0105	-0.225	0.0296	-0.3536	-0.1466	-0.1721	-0.1597	-0.4268	-0.0675	-0.2962	0.4354	0.2636	0.5469	0.2639	-0.1839	0.4819	-0.1869	-0.3053	0.401	0.2428	-0.1308	0.2618	0.3419	-0.0234	0.03	0.0863	0.1939	0.1702	0.2846	0.1815	-0.0217	0.356	0.4197	0.0362	0.0034	0.1488	0.2527	0.0807	0.1259	-0.1285	-0.0798	-0.0307	0.2961	0.6302	0.3919	-0.012	0.1977	0.1714	0.2108	0.2228	-0.128	0.1954	0.2238	-0.0396	0.1121	0.2661	0.3838	0.2439	0.2599	0.2235	-0.0294	0.0656	0.1689	0.0764	-0.0549	0.2045	-0.0603	0.1051	-0.2414	-0.2241	-0.1574	-0.0032	0.1887	0.0313	-0.1518	-0.0974	0.0245	0.1292	0.1271	0.1577	-0.0195	0.1743	0.0591	0.1037	0.0834	0.3371	-0.4075	-0.2541	0.1169	-0.0972	-0.187	-0.0678	-0.0866	0.0363	0.0654	0.0975	0.1773	0.0581	0.0104	-0.0047	-0.1134	0.0131	0.126	-0.24	-0.1298	-0.3461	-0.1753	-0.2568
LH_Vis_9	0.3111	0.8037	0.5062	0.1707	0.7585	0.2045	0.3726	0.2723	1.0	0.2456	0.5252	0.3435	0.3751	0.7295	-0.0026	-0.1387	-0.1579	-0.0639	-0.2463	-0.011	0.3284	0.4208	-0.2898	-0.1189	-0.2673	-0.0873	-0.1579	-0.143	-0.2552	0.1974	-0.1254	-0.1793	-0.0826	-0.1682	0.0686	-0.1965	-0.0792	0.3836	-0.2559	-0.1927	-0.2391	-0.4796	-0.3277	0.0648	0.0219	-0.0642	-0.0418	-0.2073	0.1817	-0.0894	-0.2529	0.1739	-0.0051	0.3043	-0.0276	0.0051	-0.19	0.1624	-0.2416	0.0182	-0.3941	-0.1892	-0.2898	-0.3003	0.0048	-0.2326	-0.3784	-0.5483	-0.2342	-0.2797	0.0016	0.0664	-0.2182	-0.1954	-0.2207	0.1535	-0.2199	-0.1584	-0.0013	-0.1929	-0.0501	-0.0896	0.2251	0.0603	0.0481	0.0231	-0.0689	0.0357	0.0596	-0.0398	-0.0915	-0.3221	-0.1689	-0.2002	-0.2129	-0.0344	0.0624	-0.1105	-0.0858	-0.2315	0.1832	0.0196	0.3666	0.3643	0.5935	-0.2367	-0.1677	0.6018	0.2484	0.0871	0.6322	0.4083	0.3346	0.4495	0.6285	-0.2214	-0.0363	-0.4445	-0.0782	0.1666	0.0068	-0.0159	0.1961	0.0159	0.3218	-0.0653	-0.1342	0.1922	0.1627	0.057	0.0178	-0.0776	-0.2291	-0.1345	0.3302	0.1156	0.1429	-0.0502	0.276	0.1563	0.4472	0.3948	-0.1403	-0.0123	0.1076	-0.241	0.134	0.0728	0.1054	0.1286	0.2146	0.0812	-0.0392	-0.1518	0.1891	0.071	0.0073	0.2077	-0.2546	0.0482	-0.247	-0.1384	-0.0976	0.0283	-0.0026	-0.2655	-0.13	-0.0686	-0.0428	-0.2439	-0.1287	-0.1546	0.0105	-0.1672	-0.436	-0.1366	0.2178	0.2736	0.0196	-0.0767	-0.1652	-0.1014	-0.0526	-0.2045	-0.1873	-0.1145	0.1568	-0.0978	-0.0288	0.0666	0.1767	0.2961	0.0327	0.1403	-0.0387	-0.2307	-0.336	-0.0081	0.157	-0.0986
LH_Vis_10	0.4568	0.2402	0.1831	0.7499	0.0868	0.3811	0.7398	-0.2163	0.2456	1.0	0.341	0.7034	0.6729	0.3427	-0.0805	0.0823	-0.0892	0.1586	-0.122	-0.3438	0.3265	0.4743	-0.455	-0.3168	0.0564	-0.4617	0.0839	0.1955	-0.3438	0.2938	0.0495	0.1644	0.2028	-0.0259	0.0515	0.1732	0.3384	0.321	0.4089	0.2882	0.2916	0.2584	-0.1504	0.3297	0.2993	0.305	0.1828	0.3354	0.5132	0.1858	0.2506	0.4441	0.6325	0.4279	-0.2028	-0.1532	0.0383	0.0707	-0.2548	-0.466	-0.4546	-0.0688	0.0372	-0.2568	-0.4161	-0.4746	-0.5245	-0.1315	-0.2208	-0.4085	0.341	0.3859	0.0308	-0.3151	-0.5683	-0.4538	-0.6163	-0.4352	-0.0585	-0.012	-0.1853	-0.4738	-0.1831	-0.1109	-0.1286	-0.1606	-0.1951	-0.2047	-0.443	0.0357	-0.5608	-0.5065	-0.6243	-0.4201	-0.3481	0.0039	-0.236	-0.1384	-0.1669	-0.0492	0.2098	0.1014	0.0912	0.573	-0.022	0.2797	0.2049	0.1786	0.8973	0.6818	0.1708	0.4484	0.8293	0.4588	0.1825	0.0857	0.0093	-0.282	0.0209	0.0704	-0.1046	-0.1101	0.7247	-0.2346	0.3089	0.1571	-0.4099	0.0361	-0.0465	0.1151	0.15	-0.1465	-0.489	-0.3282	0.058	0.0663	-0.1906	0.0855	0.0452	0.4258	0.4422	0.4645	0.407	0.3461	0.0503	0.2066	0.2251	0.0193	0.3245	0.2989	0.3077	-0.054	0.2784	0.407	0.4067	0.3705	0.5549	0.3324	-0.1641	-0.1162	0.1357	0.0739	-0.0184	-0.1588	0.0424	-0.2684	-0.0827	-0.0695	-0.0442	-0.5183	-0.326	0.1389	-0.0185	0.0765	-0.2564	-0.3536	0.5474	0.3142	0.2513	0.125	-0.3452	0.098	-0.1126	-0.4686	-0.3566	-0.5423	0.2318	-0.4699	-0.2904	0.0329	-0.2434	-0.0625	0.1146	-0.2806	-0.4731	-0.1421	-0.1828	0.0689	-0.028	0.143
LH_Vis_11	0.7129	0.6839	0.6909	0.3745	0.4598	0.1543	0.2151	0.3221	0.5252	0.341	1.0	0.3226	0.8012	0.8945	-0.1638	-0.1689	-0.2107	-0.1078	-0.2683	-0.3598	0.1704	0.3432	-0.5448	-0.3081	-0.0307	-0.3934	-0.3197	0.2272	-0.4941	0.0173	0.0159	0.0854	0.0088	0.1405	0.3131	0.0893	0.3936	0.7163	0.0097	0.1709	0.2331	-0.1293	-0.3179	0.2133	0.2456	0.1845	-0.0435	-0.1269	0.1841	-0.0861	0.1676	0.2659	0.3793	0.3958	-0.354	-0.1044	-0.2675	-0.1448	-0.4176	0.0129	-0.5174	-0.2632	-0.1606	-0.3531	-0.2727	-0.4552	-0.6587	-0.4861	-0.3408	-0.412	-0.0317	-0.131	-0.0236	-0.2179	-0.362	-0.1394	-0.3822	-0.3151	-0.0775	-0.2119	0.138	-0.4388	0.1921	-0.1481	-0.0632	-0.2296	-0.1076	-0.0923	-0.1483	-0.0263	-0.3817	-0.3451	-0.4575	-0.341	-0.1439	-0.1753	-0.2925	-0.3052	-0.448	-0.2985	0.3118	-0.1107	0.8019	0.6699	0.724	0.276	-0.1757	0.6088	0.414	0.0956	0.8773	0.7662	0.4566	0.781	0.8249	-0.1013	-0.0782	-0.3483	0.2001	0.3009	0.0646	-0.0806	0.4257	-0.0905	0.3399	0.1513	-0.1763	0.1746	0.1632	0.2541	0.342	-0.2818	-0.336	-0.2065	0.5043	0.4406	0.2216	0.0109	0.3651	0.4684	0.585	0.7719	0.202	0.4839	0.3081	0.2524	0.0941	0.1145	0.2849	0.3343	0.38	0.1928	-0.1165	-0.0194	0.3836	0.1563	0.2046	0.462	-0.3113	0.1132	-0.2927	-0.2641	-0.222	0.0403	0.0382	-0.3326	-0.1582	-0.1369	-0.2078	-0.3584	-0.4915	-0.1943	-0.1689	0.1121	-0.3201	-0.2671	0.3102	0.2515	-0.0413	-0.3438	-0.1641	0.2201	-0.2396	-0.4189	-0.2993	-0.2904	0.213	-0.2318	-0.0281	-0.0009	-0.0002	-0.0301	0.0864	-0.0723	-0.204	-0.173	-0.2004	-0.147	-0.0997	-0.2882
LH_Vis_12	0.3952	0.2465	0.3086	0.4941	0.1795	0.3733	0.4186	-0.1793	0.3435	0.7034	0.3226	1.0	0.4731	0.412	0.1012	0.078	0.0425	0.1467	-0.0721	-0.1304	0.4376	0.5859	-0.2028	-0.1498	0.1363	-0.1953	0.1265	0.1318	-0.1994	0.3569	0.1039	0.0007	0.0061	-0.0646	0.2664	0.0301	0.2427	0.2933	0.2117	0.1811	0.1435	0.1123	-0.2709	0.1955	0.1445	0.0829	0.1543	0.1509	0.4083	0.1575	0.2201	0.4789	0.4337	0.3975	-0.1422	-0.1186	-0.0132	0.0351	-0.044	-0.3194	-0.6384	-0.3721	-0.195	-0.3477	-0.2094	-0.5347	-0.5576	-0.2369	-0.3799	-0.4362	0.0553	0.0611	0.1082	-0.2449	-0.5349	-0.2161	-0.5581	-0.4134	-0.2184	-0.0724	-0.2534	-0.4112	0.0206	0.0198	-0.2038	0.0224	-0.0619	-0.0067	-0.2073	0.2757	-0.4413	-0.4409	-0.5633	-0.2327	-0.1991	0.1248	-0.1965	-0.2154	-0.2922	0.0584	0.159	0.246	0.1771	0.5212	0.0926	0.1728	0.171	0.1991	0.603	0.6624	0.2614	0.2818	0.6349	0.5216	0.3825	0.1503	0.0693	-0.1681	0.1768	0.0414	0.0775	0.1549	0.4728	-0.0064	0.3386	0.2245	-0.0132	0.2855	0.1603	0.2001	0.2475	0.1227	-0.2123	0.0434	0.1795	0.1535	0.1302	-0.0172	0.2267	0.203	0.3457	0.4184	0.2598	0.2711	0.2664	0.1559	0.0349	-0.1514	0.1994	0.1923	0.2039	-0.1389	0.0941	0.2187	0.3509	0.4678	0.4193	0.3805	-0.1905	0.0084	0.1448	0.1097	0.0521	0.0379	-0.1851	-0.4577	-0.3033	-0.2677	-0.1266	-0.5957	-0.5127	-0.0818	-0.1928	-0.0073	-0.2895	-0.5109	0.3107	0.0316	0.2115	0.3369	-0.2831	0.0865	-0.0333	-0.5106	-0.2858	-0.5732	0.1356	-0.4975	-0.2647	-0.13	-0.0827	0.1401	0.4279	-0.0786	-0.3979	0.0433	-0.1821	0.1633	-0.0718	-0.0811
LH_Vis_13	0.662	0.5889	0.3664	0.6954	0.2632	0.1179	0.5005	0.1977	0.3751	0.6729	0.8012	0.4731	1.0	0.6818	-0.1424	0.0335	-0.25	0.0729	-0.1834	-0.3199	0.3443	0.4348	-0.5109	-0.2661	-0.0826	-0.419	-0.091	0.2065	-0.4758	0.0828	-0.1359	0.1953	0.1035	0.0816	0.0926	0.1348	0.4026	0.5146	0.2543	0.2757	0.3871	0.0694	-0.232	0.4095	0.3726	0.4146	0.1298	0.094	0.2918	0.0566	0.2199	0.2871	0.5777	0.4495	-0.349	-0.1179	-0.3339	-0.1945	-0.4823	-0.1862	-0.413	-0.0748	0.0543	-0.2599	-0.4346	-0.4869	-0.6646	-0.3043	-0.339	-0.5007	0.1838	0.1465	0.031	-0.371	-0.4645	-0.4707	-0.5395	-0.3952	-0.0568	-0.1169	0.0609	-0.5594	-0.0333	-0.2886	-0.1384	-0.3832	-0.3004	-0.2803	-0.4148	-0.1742	-0.5212	-0.5127	-0.6234	-0.4705	-0.2701	-0.2913	-0.3859	-0.2675	-0.4014	-0.4122	0.1589	-0.1261	0.6287	0.8154	0.4045	0.4515	-0.0844	0.4941	0.7192	0.2945	0.6384	0.8881	0.7802	0.8178	0.4998	0.0375	0.0511	-0.2793	0.2262	0.3797	0.006	0.0178	0.6679	-0.0681	0.445	0.2178	-0.2718	0.0409	0.1478	0.2513	0.3328	-0.3472	-0.4575	-0.3729	0.214	0.3638	-0.009	0.1373	0.1769	0.6128	0.5285	0.7004	0.3969	0.5354	0.0943	0.3857	0.2279	0.2171	0.5227	0.4769	0.4087	0.2319	0.1338	0.2655	0.5156	0.27	0.4425	0.4986	-0.276	-0.0419	-0.1294	-0.1483	-0.252	-0.1743	0.2408	-0.1908	-0.0447	-0.0439	-0.0617	-0.3823	-0.4566	0.0555	-0.1132	0.2465	-0.1919	-0.2952	0.5	0.3995	0.1247	-0.1891	-0.2171	0.2696	-0.2252	-0.446	-0.3569	-0.3803	0.323	-0.3192	-0.0981	0.0609	-0.2554	-0.1215	0.0893	-0.2833	-0.3227	-0.1546	-0.0513	-0.2527	-0.1454	-0.0845
LH_Vis_14	0.6534	0.7849	0.7427	0.3317	0.6701	0.2808	0.3158	0.3997	0.7295	0.3427	0.8945	0.412	0.6818	1.0	-0.0388	-0.1409	-0.0746	-0.0084	-0.1457	-0.1898	0.3549	0.445	-0.4656	-0.2902	-0.0554	-0.2925	-0.1955	0.1805	-0.4533	0.1369	0.0088	-0.0445	-0.0681	0.07	0.2916	-0.0426	0.3118	0.7273	-0.0708	0.204	0.1276	-0.2199	-0.4062	0.2339	0.2249	0.0999	0.0227	-0.1804	0.2143	-0.0355	0.0133	0.3162	0.3138	0.4608	-0.3498	-0.0869	-0.1531	-0.0009	-0.2766	0.0365	-0.6387	-0.3449	-0.3095	-0.4983	-0.2995	-0.4841	-0.6905	-0.5982	-0.3952	-0.4671	-0.0452	-0.1173	-0.0476	-0.2268	-0.4522	-0.0555	-0.4382	-0.3286	-0.0569	-0.2344	0.0765	-0.4083	0.1708	-0.0876	-0.0814	-0.1486	-0.1176	-0.0553	-0.1028	-0.0126	-0.403	-0.4201	-0.4746	-0.3666	-0.1822	-0.102	-0.237	-0.3664	-0.4208	-0.3053	0.3312	-0.007	0.7112	0.6079	0.75	0.1385	-0.0955	0.7168	0.3487	0.2024	0.8678	0.6255	0.4178	0.742	0.9141	-0.0874	-0.0699	-0.3203	0.1923	0.2502	0.153	-0.0109	0.3752	0.0306	0.5091	0.2004	-0.1531	0.3886	0.2416	0.279	0.3509	-0.1665	-0.3068	-0.0983	0.5543	0.4922	0.3613	-0.0	0.5423	0.4317	0.6395	0.7589	0.1536	0.4486	0.4398	0.1476	0.1245	0.1227	0.2752	0.3584	0.3975	0.1097	-0.0919	-0.0046	0.3685	0.2515	0.2359	0.5212	-0.3118	0.1358	-0.3472	-0.1942	-0.1433	0.1057	-0.0291	-0.4217	-0.2788	-0.2249	-0.2745	-0.4671	-0.4433	-0.1839	-0.1718	0.0361	-0.4235	-0.3194	0.338	0.2199	-0.1312	-0.2598	-0.2263	0.1886	-0.144	-0.4425	-0.3258	-0.3622	0.2299	-0.2831	-0.0742	-0.0373	0.0728	0.0944	0.1215	0.0024	-0.2382	-0.1992	-0.3502	-0.043	-0.0723	-0.2885
LH_SomMot_1	-0.1742	-0.1037	0.0583	-0.1308	0.1179	-0.143	-0.0064	0.0117	-0.0026	-0.0805	-0.1638	0.1012	-0.1424	-0.0388	1.0	0.5335	0.3164	0.5015	0.3532	0.2508	0.1944	-0.0701	0.0826	0.0436	0.1992	-0.146	0.282	-0.0502	-0.0229	0.0613	-0.0748	0.2693	0.1391	0.1516	0.1553	0.1413	0.1816	0.1353	0.0353	0.1826	-0.0391	0.0812	0.1482	0.4839	0.2785	0.2481	0.2655	0.2618	0.2308	0.2404	-0.1789	-0.0635	0.0078	-0.1452	0.1997	0.0323	-0.1322	-0.1179	0.2172	0.0566	-0.0587	0.1091	0.2276	0.0611	-0.1524	-0.0486	-0.0948	-0.0111	-0.0748	-0.2907	0.0694	0.0128	0.0817	-0.2664	-0.1159	0.0512	-0.1858	0.0005	-0.0238	0.04	-0.0047	-0.1703	-0.1596	-0.1303	-0.0848	-0.2101	-0.2034	-0.2496	-0.1672	-0.1032	-0.1961	-0.3776	-0.262	-0.2219	-0.2246	-0.05	-0.2131	-0.2441	-0.0355	-0.0309	-0.0408	0.0133	-0.1751	-0.0897	-0.1635	-0.2207	0.0792	0.027	-0.2557	0.1306	-0.2026	-0.1408	0.0046	-0.0811	-0.0295	0.3726	0.3438	0.2659	0.2044	0.2172	0.3408	0.2724	0.0006	0.1907	0.0814	0.2218	0.2858	0.1702	-0.1312	0.1075	-0.1071	0.1783	-0.1063	0.083	0.1366	0.1434	0.1343	0.3794	0.175	0.075	0.1108	0.0162	0.1602	0.1656	0.2529	0.0709	0.2554	-0.0901	0.2402	0.323	-0.1046	-0.0218	0.4518	0.3203	0.2071	0.3076	0.325	-0.0885	0.171	0.0567	-0.0074	-0.0127	0.2098	0.0816	-0.0707	0.0139	0.069	0.236	-0.131	0.0436	-0.0819	0.3347	0.0988	-0.2757	-0.0675	-0.3404	0.0767	0.0595	0.0845	0.1586	-0.4024	0.0745	-0.146	-0.1716	-0.1574	0.0681	-0.1402	-0.2015	-0.3468	-0.15	0.0964	0.0692	0.0494	-0.1623	-0.402	-0.1848	-0.1401	-0.1343	-0.1091	-0.1214
LH_SomMot_2	-0.0079	-0.0156	0.0403	0.1511	-0.0078	-0.1396	0.0278	0.023	-0.1387	0.0823	-0.1689	0.078	0.0335	-0.1409	0.5335	1.0	0.295	0.6269	0.4311	0.1366	0.2235	-0.1104	0.1986	-0.0232	0.2532	-0.107	0.1363	0.0647	-0.0431	-0.1369	-0.0638	0.3931	0.4325	0.3882	0.2835	0.3018	0.321	0.1628	0.2445	0.2113	0.2344	0.3151	0.3917	0.7482	0.3579	0.3627	0.4568	0.4468	0.3505	0.233	-0.1513	-0.2159	0.2001	-0.1189	0.1352	0.2752	-0.1348	-0.3076	-0.1949	-0.1815	0.1756	0.4112	0.419	0.2858	-0.232	0.0123	0.0361	0.3384	0.0149	-0.0779	0.3182	0.0939	0.4294	-0.5601	-0.0161	-0.4409	-0.2385	-0.1336	-0.1631	0.173	-0.2247	-0.2157	-0.3921	-0.125	-0.1332	-0.2554	-0.5299	-0.3763	-0.5574	-0.263	-0.1712	-0.272	-0.276	-0.1837	-0.4077	-0.0918	-0.2986	0.0094	0.0668	-0.0473	-0.0883	0.0775	-0.1273	0.0772	-0.1906	-0.0899	0.2677	0.0163	-0.1016	0.2736	-0.2508	0.0095	0.0748	-0.1409	-0.1891	0.583	0.5448	0.2842	0.1786	0.3215	0.3498	0.2096	0.063	0.0746	0.1	0.1552	0.0863	-0.1628	-0.166	-0.1332	-0.1325	-0.0957	-0.127	-0.1897	0.0417	0.0536	-0.0736	0.5252	-0.0735	0.3366	0.186	0.1105	0.2965	0.0947	0.0957	0.2515	0.2255	-0.2821	0.4953	0.3647	-0.1107	-0.006	0.556	0.5441	0.1412	0.276	0.4036	-0.1456	0.1799	0.0221	0.176	-0.3175	-0.1337	-0.2538	0.0095	0.2041	0.3167	0.3791	0.0639	0.0779	0.1064	0.5273	0.1086	-0.2197	0.0388	-0.218	0.321	0.1054	0.1186	0.2029	-0.3817	0.1933	-0.2826	-0.1432	-0.4276	0.0468	-0.1591	-0.3098	-0.6056	-0.2181	-0.362	-0.0882	0.2224	-0.4625	-0.4648	-0.0776	0.1621	-0.0933	-0.0585	0.0958
LH_SomMot_3	-0.1788	-0.188	-0.146	-0.0722	0.1718	0.097	-0.1449	0.1293	-0.1579	-0.0892	-0.2107	0.0425	-0.25	-0.0746	0.3164	0.295	1.0	0.2867	0.3832	0.2328	0.0714	0.046	0.3197	0.0882	0.2131	0.1625	0.3647	0.1289	0.1504	0.2666	-0.1383	-0.195	-0.1443	0.1044	0.1255	-0.217	-0.0205	-0.0616	0.0166	0.2157	0.05	0.1004	-0.0619	0.1617	-0.0187	-0.1189	0.0854	0.0001	0.0914	-0.0038	-0.1006	0.1227	0.0214	0.0003	-0.1105	0.0373	0.1375	-0.0108	0.2463	0.0263	-0.2088	-0.2505	-0.2036	-0.1864	-0.0035	-0.1222	-0.1033	0.0097	-0.1472	-0.1596	-0.1415	-0.1413	0.0332	0.0277	-0.1849	0.0246	-0.2077	-0.1929	-0.1684	-0.0232	-0.158	-0.032	-0.0254	0.12	-0.1462	0.1255	-0.0974	0.104	0.0354	0.0848	-0.0658	-0.0914	-0.1198	0.0362	0.0205	0.1648	-0.0319	-0.0042	-0.1887	0.0194	-0.0913	0.032	-0.0254	-0.1042	-0.0842	0.1494	0.1233	0.1769	-0.2479	0.2505	-0.1054	-0.3273	-0.2439	-0.1265	-0.0183	0.4723	0.2208	0.5091	0.2614	0.0531	0.352	0.2713	-0.0301	0.2094	0.2212	0.3627	0.1368	0.2738	0.0964	0.1073	0.0855	0.2894	0.2487	0.2781	0.003	0.1304	0.2704	-0.0185	0.1627	-0.1507	-0.1255	-0.0569	0.0216	0.0937	0.2582	0.1374	-0.078	-0.2815	-0.0039	0.0574	-0.2114	-0.2707	0.1218	0.1543	-0.0626	0.3257	0.0664	0.0633	0.1815	0.2441	0.0706	-0.0825	0.0077	0.1963	-0.2454	-0.1761	-0.2534	-0.1452	-0.1975	-0.0451	-0.1007	0.1454	-0.1779	-0.0024	0.0112	-0.2114	-0.0915	-0.2172	-0.1354	0.2097	-0.0185	0.0209	-0.0399	-0.0628	-0.0851	-0.0557	-0.2171	-0.1104	-0.336	-0.127	0.1222	0.2472	0.1845	0.1416	-0.021	0.1155	-0.0114	0.1131	-0.0432	-0.193
LH_SomMot_4	0.0679	-0.0778	0.0417	0.1682	-0.0191	-0.0999	0.0893	0.0814	-0.0639	0.1586	-0.1078	0.1467	0.0729	-0.0084	0.5015	0.6269	0.2867	1.0	0.5553	0.2422	0.3191	0.205	0.0034	-0.2677	0.3084	-0.2123	0.1427	0.1881	-0.2686	-0.079	-0.0329	0.3986	0.2538	0.3536	0.1044	0.2933	0.2785	0.2463	0.2179	0.4302	0.2536	0.2176	0.3312	0.6701	0.7649	0.6005	0.762	0.542	0.6498	0.6763	-0.0861	0.1302	0.2936	0.2257	0.1574	0.0302	-0.1159	-0.3393	-0.0477	-0.0744	0.0439	0.2611	0.4312	0.096	-0.4145	-0.0833	-0.0643	0.1527	-0.0366	-0.3077	0.0463	0.083	0.2936	-0.5739	-0.3346	-0.3618	-0.3236	-0.2256	-0.0581	0.0034	0.0621	-0.4648	-0.4676	-0.383	0.0702	-0.437	-0.2907	-0.5146	-0.5328	-0.3197	-0.3957	-0.3644	-0.4529	-0.4317	-0.3944	-0.2475	-0.4521	-0.2993	-0.2346	-0.3077	-0.0227	-0.0109	-0.1013	0.1817	-0.1672	0.0045	0.1739	-0.0226	0.0226	0.3547	-0.1887	0.0036	0.1116	-0.019	-0.0902	0.4953	0.4518	0.2854	0.0891	0.5301	0.3908	0.2107	0.2218	-0.0222	0.2145	0.0851	-0.0277	-0.0113	-0.1216	0.0838	0.0797	-0.0795	-0.4047	-0.0714	0.2341	0.1866	0.2031	0.519	0.1637	0.3062	0.3171	0.2028	0.2898	0.3871	0.2707	0.2122	0.532	-0.0259	0.5995	0.6776	0.3018	0.1849	0.7474	0.6296	0.5703	0.3886	0.5183	0.1927	0.0735	0.1164	-0.1093	-0.2568	-0.003	-0.2534	0.178	0.1629	0.1233	0.3601	0.1095	0.0503	0.0947	0.6839	0.3291	-0.1403	-0.0723	-0.2136	0.2439	0.0229	0.1562	-0.0546	-0.2288	0.13	-0.2683	-0.2844	-0.4249	-0.0354	0.145	-0.3493	-0.2639	0.1911	-0.3457	-0.0828	0.104	-0.4421	-0.5292	-0.2732	0.0158	-0.25	-0.3102	-0.0811
LH_SomMot_5	-0.0621	-0.1602	-0.0594	0.028	-0.0289	-0.0631	-0.1556	0.0308	-0.2463	-0.122	-0.2683	-0.0721	-0.1834	-0.1457	0.3532	0.4311	0.3832	0.5553	1.0	0.2972	0.2209	0.0765	0.3151	0.1114	0.2193	0.166	0.2664	0.2235	0.2172	0.1428	0.0188	0.1785	0.043	0.2518	0.042	0.0422	0.2096	-0.0458	0.2155	0.4542	0.2779	0.3419	0.2968	0.3427	0.2815	0.255	0.4433	0.4116	0.1079	0.3708	0.0546	0.1484	0.1855	0.0161	-0.1518	0.258	0.0996	-0.3188	0.1258	0.0809	0.0134	0.1235	0.2505	0.0174	-0.2403	-0.0417	0.0556	0.371	-0.0767	-0.0474	-0.0793	-0.0641	0.2468	-0.279	-0.2003	-0.2869	-0.2655	-0.2157	-0.2985	-0.062	-0.1649	-0.3492	-0.6082	-0.2026	-0.2259	-0.3319	-0.3355	-0.4081	-0.401	-0.0723	-0.274	-0.0808	-0.2506	-0.2059	-0.0516	-0.1766	-0.4114	-0.3369	-0.2657	-0.2376	-0.1345	0.0123	-0.0807	-0.0353	-0.2215	0.0357	0.0661	-0.054	-0.1476	0.2734	-0.2818	-0.2432	-0.1521	-0.1446	-0.179	0.5148	0.3033	0.3994	0.1631	0.0422	0.2865	0.3622	-0.1011	0.1826	0.2287	0.3073	0.2541	0.166	0.0399	0.2108	0.1029	0.1672	0.0424	0.1701	0.1275	0.2312	0.0829	0.395	0.0988	0.1522	0.0299	0.0271	0.2693	0.1641	0.394	0.3517	0.2318	-0.1101	0.1473	0.2858	0.001	0.073	0.3746	0.3681	0.1045	0.247	0.338	0.0714	0.0308	-0.0239	-0.035	-0.1253	-0.0563	-0.0147	0.0471	0.1976	0.1096	0.2144	-0.232	0.062	0.0617	0.4236	0.2041	0.0181	0.1809	-0.1681	0.0076	-0.2345	-0.0581	0.0515	-0.036	0.2077	-0.1918	-0.1422	-0.3208	-0.0568	-0.1165	-0.1488	-0.3025	-0.1461	-0.341	-0.2417	0.2298	-0.323	-0.2704	-0.0272	0.2788	-0.0857	-0.432	-0.1412
LH_SomMot_6	-0.3719	-0.0212	-0.1844	-0.4484	0.0964	-0.2327	-0.133	0.2352	-0.011	-0.3438	-0.3598	-0.1304	-0.3199	-0.1898	0.2508	0.1366	0.2328	0.2422	0.2972	1.0	0.3898	0.0524	0.4826	0.4244	-0.1708	0.4533	0.2004	-0.1704	0.2898	0.2256	-0.2724	-0.2115	-0.2673	0.08	-0.0498	-0.2947	-0.3389	-0.279	-0.3631	-0.2372	-0.323	-0.2359	0.0627	0.1484	-0.0865	-0.1269	0.0864	-0.2043	-0.2177	0.0761	-0.2947	-0.1489	-0.2752	-0.0411	0.1889	-0.0535	-0.043	-0.2593	0.1981	0.1569	0.2634	-0.0176	-0.1321	-0.0709	-0.0363	0.2688	0.246	0.0746	0.0439	0.1997	-0.3217	-0.2584	-0.124	0.136	0.11	0.1035	0.2419	0.1758	-0.0905	-0.323	0.001	0.1475	0.1299	-0.1921	0.1314	-0.0963	-0.0664	-0.0914	0.1412	-0.1091	0.2092	0.1607	0.2492	-0.0285	0.2176	-0.321	0.0092	-0.115	-0.0624	-0.2591	-0.3964	-0.149	-0.1107	-0.1538	-0.0657	-0.0303	-0.1391	-0.0003	-0.2855	-0.2757	-0.0755	-0.1854	-0.2876	-0.061	-0.115	0.105	0.3371	0.3726	0.1087	-0.0051	0.2417	0.6584	-0.2424	0.4949	0.323	-0.1185	0.3902	0.1233	0.3056	-0.0676	-0.0275	0.2477	0.3093	0.2122	-0.0783	0.071	0.3142	0.0404	0.0621	-0.2422	-0.1734	-0.2367	-0.2831	-0.2518	-0.1076	-0.1014	0.0889	-0.0472	0.1289	0.0017	0.031	0.0346	0.0912	0.0573	-0.1417	-0.0378	-0.2564	0.025	-0.0026	-0.0814	-0.0579	0.0328	0.0354	-0.1112	0.1	0.244	-0.0549	-0.0041	0.1514	0.2936	0.3053	0.1743	0.1934	0.0947	0.4134	0.2595	-0.2978	-0.1818	-0.2851	0.1192	0.424	-0.2641	-0.0146	0.2505	0.1444	0.226	-0.112	0.3573	0.2172	0.1879	-0.1076	0.057	-0.166	0.1188	0.3761	-0.0666	0.1337	-0.3515	-0.2118	-0.191
LH_SomMot_7	0.1048	0.3685	0.2205	0.1794	0.2445	0.1096	0.3644	0.1945	0.3284	0.3265	0.1704	0.4376	0.3443	0.3549	0.1944	0.2235	0.0714	0.3191	0.2209	0.3898	1.0	0.4907	0.0868	0.0531	-0.0555	0.0139	0.2381	0.0517	-0.0521	0.4244	-0.0764	0.0101	-0.151	0.1959	0.134	-0.109	0.0683	0.3378	-0.043	0.1023	0.0713	-0.0668	-0.0955	0.4758	0.288	0.2718	0.2639	0.0737	0.2183	0.3616	-0.0222	0.1716	0.3032	0.5323	-0.0803	-0.0153	0.0264	-0.2049	0.057	0.0164	-0.2554	-0.0857	-0.0935	-0.4122	-0.3507	-0.1855	-0.3252	-0.15	-0.255	-0.2933	-0.1139	-0.1123	0.0045	-0.2677	-0.5	-0.2496	-0.3226	-0.1659	-0.0771	-0.3221	-0.1451	-0.499	0.0094	-0.2775	0.1041	-0.3052	-0.1513	-0.3047	-0.3018	-0.0782	-0.4427	-0.3098	-0.4441	-0.5062	-0.1707	-0.3436	-0.411	-0.4735	-0.3852	-0.3302	-0.0062	-0.0117	0.1202	0.402	0.0608	0.103	-0.0153	0.2287	0.3215	0.2941	0.1905	0.2513	0.3275	0.437	0.2723	0.1426	0.2506	-0.1197	0.1694	0.1966	0.158	0.4713	0.3778	0.3456	0.7134	0.3192	0.2025	0.2772	0.454	0.1779	0.2784	0.0667	-0.0974	-0.0084	0.1726	0.3726	0.3594	0.1389	0.3876	0.2419	0.3486	0.2724	0.1657	0.19	0.2025	0.1457	0.3946	0.2242	0.5423	0.4161	0.4781	0.2078	0.1412	0.4326	0.3774	0.199	0.3171	0.532	-0.122	0.1178	-0.0355	0.1041	-0.0396	-0.0796	0.2184	-0.05	-0.2364	-0.1591	0.1607	-0.2603	-0.0207	0.288	0.0975	0.2277	0.0521	-0.1015	0.227	0.0734	-0.085	0.1898	0.0179	0.056	-0.0485	-0.3273	-0.2135	-0.4132	0.3511	-0.1624	0.0326	0.241	-0.3326	0.0111	0.1887	-0.1705	-0.211	-0.061	-0.1528	-0.2313	-0.282	-0.1233
LH_SomMot_8	0.3306	0.3459	0.2477	0.3604	0.2959	0.1148	0.3113	-0.0221	0.4208	0.4743	0.3432	0.5859	0.4348	0.445	-0.0701	-0.1104	0.046	0.205	0.0765	0.0524	0.4907	1.0	-0.1478	-0.1189	-0.073	-0.004	0.1843	0.238	-0.2591	0.49	0.0268	-0.1026	-0.1745	-0.0456	0.1731	-0.173	0.0429	0.2518	-0.1132	0.138	-0.0147	-0.1634	-0.25	0.1708	0.2623	0.0995	0.1504	-0.0015	0.3868	0.2891	0.189	0.5587	0.2371	0.7822	-0.0618	-0.1484	-0.0014	0.0336	-0.0365	-0.0587	-0.4526	-0.3068	-0.2652	-0.3236	-0.18	-0.2768	-0.4168	-0.2297	-0.2865	-0.3295	-0.2072	0.0435	-0.1438	-0.1068	-0.423	-0.1074	-0.3175	-0.1576	-0.2734	-0.3575	-0.1252	-0.3363	0.0551	-0.1096	0.0794	-0.0347	0.0823	-0.0423	-0.0468	0.1778	-0.255	-0.1627	-0.362	-0.2854	0.0532	-0.153	-0.1406	-0.1732	-0.4502	-0.3714	0.0485	-0.1093	0.2268	0.5048	0.1397	0.2147	-0.2913	0.3043	0.5022	0.4034	0.3689	0.3061	0.4715	0.5757	0.3797	0.1666	0.1949	-0.0906	0.4168	0.282	0.207	0.3876	0.4287	0.2479	0.5299	0.2916	0.1484	0.3897	0.5277	0.4707	0.4949	-0.0153	-0.1341	0.1866	0.1446	0.1322	0.3429	-0.2192	0.2163	-0.0333	0.2195	0.2559	-0.0501	0.2941	0.0613	-0.0079	0.0099	-0.0872	0.3009	0.3018	0.3122	0.2057	0.0177	0.0602	0.3023	0.4254	0.1484	0.6688	-0.3164	-0.0091	-0.1793	0.1097	0.051	-0.081	-0.1068	-0.4302	-0.4588	-0.342	-0.0478	-0.5148	-0.3113	-0.1304	-0.146	-0.0253	-0.2743	-0.3492	0.0576	-0.0091	-0.026	-0.0532	0.0623	-0.1891	-0.159	-0.4568	-0.3436	-0.5608	0.1231	-0.3111	0.0622	0.0776	-0.194	-0.0124	0.2959	-0.0361	-0.1068	-0.1258	-0.24	-0.0082	-0.1304	-0.3212
LH_SomMot_9	-0.4154	-0.2831	-0.4203	-0.3355	-0.0759	-0.1945	-0.2962	-0.0722	-0.2898	-0.455	-0.5448	-0.2028	-0.5109	-0.4656	0.0826	0.1986	0.3197	0.0034	0.3151	0.4826	0.0868	-0.1478	1.0	0.6461	0.221	0.6855	0.2335	-0.0174	0.651	0.1754	-0.3003	-0.3275	-0.292	0.0896	0.0835	-0.292	-0.2808	-0.4028	-0.0946	-0.1953	-0.1324	0.0425	0.1069	-0.2168	-0.3685	-0.2605	-0.0487	-0.1402	-0.4022	-0.1656	-0.0754	-0.1998	-0.2794	-0.2785	0.0066	0.1898	0.2051	-0.1818	0.1986	0.2564	0.3427	-0.0875	-0.1115	0.0558	0.1714	0.3304	0.4217	0.2391	0.1011	0.2593	-0.3293	-0.3908	0.041	0.2599	0.292	0.0456	0.2909	0.1229	-0.2867	-0.0481	-0.262	0.2098	0.0344	0.1087	-0.0625	0.1514	-0.1078	0.1287	0.1319	0.0089	0.3302	0.4112	0.33	0.2632	0.1633	-0.0093	0.0627	0.1634	0.034	0.0998	-0.438	0.0534	-0.263	-0.4233	-0.2449	-0.0278	-0.0481	-0.1096	-0.5015	-0.0997	-0.3472	-0.4107	-0.429	-0.259	-0.3981	0.2155	0.1903	0.4089	-0.0436	-0.3003	-0.1562	0.3343	-0.4585	0.3551	-0.0426	0.0579	0.466	-0.0375	0.1033	-0.0974	-0.1714	0.4212	0.6273	0.3109	-0.2931	-0.1464	-0.0067	0.0015	-0.2416	-0.3524	-0.4792	-0.4629	-0.1552	-0.3946	-0.1124	0.0688	-0.189	-0.1907	-0.2634	-0.3657	-0.3461	-0.1599	-0.1001	-0.1302	-0.4071	-0.1498	-0.2745	-0.19	0.2487	-0.0346	0.2707	0.0721	-0.1047	0.0857	0.0484	0.3573	0.0147	-0.0158	0.0639	0.3714	0.2627	0.1094	0.0426	0.1427	0.493	0.3153	-0.424	-0.4311	-0.1803	0.2961	0.3641	-0.0787	0.0678	0.389	0.3144	0.2546	-0.2491	0.3917	0.0038	-0.0412	-0.0971	0.0398	0.0361	0.1889	0.3708	0.2729	0.3767	-0.0034	-0.0133	-0.0038
LH_SomMot_10	-0.2777	-0.108	-0.2886	-0.2661	-0.0839	-0.1326	-0.2636	0.0762	-0.1189	-0.3168	-0.3081	-0.1498	-0.2661	-0.2902	0.0436	-0.0232	0.0882	-0.2677	0.1114	0.4244	0.0531	-0.1189	0.6461	1.0	-0.1631	0.6992	0.2489	-0.2803	0.6707	0.2319	-0.1384	-0.3277	-0.2598	-0.2043	-0.1504	-0.3944	-0.3624	-0.4498	-0.2228	-0.395	-0.2188	-0.0965	0.0284	-0.268	-0.5469	-0.3964	-0.274	-0.3366	-0.4769	-0.4445	-0.1916	-0.1263	-0.3241	-0.3819	0.0432	0.1134	-0.0034	-0.1093	0.0886	0.2998	0.2273	-0.0779	-0.1801	0.0761	0.3738	0.4207	0.4114	0.2311	0.3104	0.3641	-0.3845	-0.3805	-0.0633	0.3151	0.3563	0.1937	0.2673	0.2659	-0.1527	-0.0553	-0.2366	0.3013	0.2532	0.1024	-0.0635	0.0834	-0.1008	0.1372	0.2154	0.067	0.459	0.4456	0.4271	0.2993	0.1907	-0.032	0.1479	0.2147	0.0769	0.1674	-0.2894	-0.0477	-0.0683	-0.2743	-0.0714	0.0502	-0.0373	-0.0576	-0.2686	-0.2554	-0.0846	-0.1686	-0.1864	-0.0046	-0.2327	-0.0846	-0.0364	0.328	-0.0836	-0.4055	-0.2444	0.2808	-0.3919	0.3689	0.027	-0.1451	0.4833	-0.0898	0.118	-0.0445	-0.3811	0.5444	0.6251	0.2383	-0.2675	-0.0754	-0.1337	-0.24	-0.3636	-0.4841	-0.4751	-0.4723	-0.3021	-0.5457	-0.2623	-0.142	-0.2692	-0.1364	-0.3304	-0.5335	-0.3486	-0.0228	-0.2271	-0.4065	-0.3898	-0.2851	-0.4197	-0.3347	0.0083	-0.1728	0.0874	0.2025	-0.0075	0.0506	-0.0527	0.1633	-0.0894	-0.1595	-0.0983	0.3277	0.0474	-0.1263	0.0292	0.0342	0.3493	0.2815	-0.5174	-0.3636	-0.0839	0.1017	0.3104	-0.2538	-0.1084	0.2287	0.3656	0.1792	-0.2684	0.3243	0.1245	-0.1244	0.1052	-0.0539	0.0496	0.1818	0.4239	0.1086	0.2192	-0.084	-0.0831	-0.1556
LH_SomMot_11	0.1761	-0.2618	0.1477	0.1162	-0.2252	-0.0083	-0.0609	-0.1801	-0.2673	0.0564	-0.0307	0.1363	-0.0826	-0.0554	0.1992	0.2532	0.2131	0.3084	0.2193	-0.1708	-0.0555	-0.073	0.221	-0.1631	1.0	-0.1366	0.2273	0.4333	-0.1057	0.0482	0.1238	0.1509	0.1255	0.4934	0.4941	0.3666	0.4442	0.3312	0.4653	0.5033	0.2538	0.437	0.0898	0.1273	0.3023	0.2289	0.2138	0.3194	0.2246	0.2172	0.401	0.2191	0.3714	-0.0576	-0.1763	0.0529	0.3159	-0.2618	0.0443	0.0493	-0.1018	-0.0842	0.0767	-0.09	-0.323	-0.2729	0.0069	0.0976	-0.1392	-0.2181	0.1465	0.0009	0.314	-0.0924	-0.2319	-0.014	-0.143	-0.0648	-0.005	0.1282	-0.0507	-0.2738	-0.1651	0.1754	-0.0996	0.0724	-0.1379	0.0326	-0.1602	-0.0901	-0.323	-0.1589	-0.3156	-0.1297	-0.3306	0.2554	-0.1132	-0.0324	0.0346	0.2784	-0.0515	0.1901	-0.0971	-0.0203	-0.0861	0.0697	0.2456	-0.1654	-0.1102	0.3282	-0.174	-0.1276	0.0294	-0.1201	-0.0395	0.2397	0.0504	0.1815	-0.0668	-0.0614	0.0184	-0.1582	0.0747	-0.2199	-0.1758	0.0456	-0.0976	0.2165	-0.3277	0.0423	0.0064	0.1983	-0.1562	0.0275	0.3269	0.0865	0.1054	0.1974	0.1845	0.2094	0.1342	0.1774	0.4145	0.4422	0.3681	0.2936	0.0603	-0.1608	0.0177	0.092	-0.1372	-0.1224	0.2696	0.2204	0.0877	0.1144	0.4208	-0.1062	0.3116	0.2143	0.3871	-0.0126	-0.0211	-0.0097	-0.0954	0.006	-0.0922	-0.0152	-0.0294	-0.1564	0.0128	0.2193	-0.0491	0.0002	-0.0543	-0.2481	0.2403	-0.0747	0.0051	0.1949	-0.3351	0.1908	-0.0748	-0.1887	0.0181	-0.1976	0.0735	-0.1671	-0.305	-0.1959	-0.1839	0.0091	0.2657	-0.0437	-0.3868	0.0187	-0.0408	0.1691	0.0647	0.0721
LH_SomMot_12	-0.2479	-0.1481	-0.377	-0.3551	-0.0654	-0.0984	-0.4285	0.084	-0.0873	-0.4617	-0.3934	-0.1953	-0.419	-0.2925	-0.146	-0.107	0.1625	-0.2123	0.166	0.4533	0.0139	-0.004	0.6855	0.6992	-0.1366	1.0	0.2877	-0.182	0.5902	0.1829	-0.0794	-0.3888	-0.3681	-0.222	-0.1667	-0.4766	-0.4138	-0.5444	-0.2445	-0.2591	-0.2104	-0.0982	0.0224	-0.354	-0.5005	-0.3905	-0.1648	-0.3004	-0.3825	-0.293	-0.1772	-0.0861	-0.3635	-0.2276	0.1686	0.1601	0.0972	-0.0545	0.3001	0.2307	0.1714	-0.1921	-0.2325	0.1511	0.435	0.3535	0.394	0.178	0.2017	0.3694	-0.5174	-0.347	-0.0463	0.2998	0.3961	0.2207	0.3351	0.2727	-0.1153	-0.034	-0.099	0.3784	0.1376	0.1221	-0.069	0.1694	0.0847	0.2711	0.3459	0.0858	0.527	0.48	0.4751	0.426	0.3414	0.0205	0.1981	0.2552	0.0341	0.097	-0.2962	0.0692	-0.0945	-0.3641	-0.156	-0.0541	-0.0347	-0.1443	-0.4521	-0.3206	-0.1362	-0.3328	-0.3913	-0.1499	-0.2349	-0.0012	0.0649	0.3618	0.04	-0.2933	-0.0103	0.3366	-0.393	0.4249	0.0932	-0.1025	0.4401	0.0123	0.3023	-0.0201	-0.1065	0.4884	0.6715	0.2922	-0.2752	-0.1033	0.0356	-0.3128	-0.2449	-0.5416	-0.5069	-0.4502	-0.3192	-0.4856	-0.187	-0.1006	-0.3397	-0.1028	-0.3003	-0.4151	-0.3468	-0.034	-0.2315	-0.3638	-0.4092	-0.1085	-0.4506	-0.1439	0.0374	-0.1041	-0.1194	0.1343	0.0452	0.0481	-0.1012	0.0356	-0.1961	-0.2014	-0.0745	0.2338	0.0348	-0.2274	-0.128	0.0343	0.2763	0.2137	-0.5797	-0.4488	-0.1687	0.088	0.448	-0.1519	0.0375	0.2151	0.2918	0.2082	-0.1838	0.2611	0.1821	-0.1181	0.0784	-0.038	-0.0031	0.2608	0.4713	0.2283	0.2562	-0.0181	-0.143	-0.1862
LH_SomMot_13	-0.1521	-0.2383	-0.2293	0.1852	-0.2119	0.0183	0.0749	0.0012	-0.1579	0.0839	-0.3197	0.1265	-0.091	-0.1955	0.282	0.1363	0.3647	0.1427	0.2664	0.2004	0.2381	0.1843	0.2335	0.2489	0.2273	0.2877	1.0	0.0801	0.1429	0.295	0.0909	0.0387	-0.0279	-0.0074	-0.0373	-0.0821	0.0214	-0.1885	0.2026	0.2862	0.0791	0.1851	0.0273	0.1103	0.0496	0.0947	0.0399	0.031	0.1057	0.1014	0.0284	0.2447	0.0773	0.0538	-0.0272	0.1538	0.098	0.0894	0.2865	0.0797	-0.1183	-0.047	0.0256	0.0027	-0.08	-0.0426	-0.0522	0.1173	-0.0193	-0.2518	-0.0879	0.1206	-0.0717	-0.0505	-0.2236	-0.0339	-0.158	0.0933	-0.001	0.0013	-0.2342	-0.0557	-0.1384	0.0786	-0.1087	0.0711	-0.122	0.0164	0.0267	-0.0624	-0.0336	-0.2024	-0.1571	-0.0807	-0.069	0.0473	0.0324	0.0091	-0.0239	0.0716	-0.0134	0.0645	-0.2423	0.0509	-0.3681	0.1743	0.1795	-0.1503	-0.0221	0.115	-0.2684	-0.1879	0.0775	-0.0723	-0.2091	0.2279	0.019	0.4425	0.2354	0.0134	0.2372	0.2673	0.0911	0.2793	0.2754	0.2659	0.2286	0.3212	0.1935	0.2532	0.0289	0.433	0.0986	0.167	-0.0585	0.1362	0.0404	-0.0779	0.0105	-0.2333	-0.1924	-0.1687	0.0683	0.1772	0.036	0.0607	-0.0009	0.0275	0.072	0.0678	-0.1903	0.0128	0.2481	0.1213	-0.0363	0.3144	0.1903	0.0151	0.2641	0.0386	0.1091	0.3156	0.2891	-0.1357	-0.0907	-0.1718	-0.2403	-0.1747	-0.0761	-0.1338	-0.0477	0.1326	-0.1563	-0.0137	-0.0498	-0.2673	-0.1147	-0.1099	-0.1815	0.2505	-0.1574	-0.0768	-0.0485	-0.1836	0.0216	-0.247	-0.0594	-0.2226	-0.1732	-0.1459	-0.0962	0.0238	0.193	0.0099	-0.0959	-0.0351	-0.0332	-0.0161	-0.0748	-0.1454
LH_SomMot_14	0.2962	0.0437	0.2441	0.3438	-0.0358	-0.0342	0.1603	0.09	-0.143	0.1955	0.2272	0.1318	0.2065	0.1805	-0.0502	0.0647	0.1289	0.1881	0.2235	-0.1704	0.0517	0.238	-0.0174	-0.2803	0.4333	-0.182	0.0801	1.0	-0.2141	0.1682	0.1549	0.1883	-0.0045	0.3757	0.4055	0.2095	0.4715	0.3666	0.3886	0.6054	0.5323	0.4983	-0.0407	0.1596	0.2918	0.2652	0.2225	0.2388	0.2639	0.2186	0.5062	0.4678	0.4201	0.502	-0.3888	-0.0708	0.1287	-0.2143	-0.0899	-0.008	-0.2241	-0.1759	-0.0017	-0.2727	-0.3627	-0.3598	-0.2381	0.1878	-0.3788	-0.2833	0.0681	0.1376	0.2972	-0.1667	-0.3432	-0.3664	-0.3936	-0.3297	-0.2198	-0.1633	-0.0223	-0.4676	-0.2437	-0.1519	-0.3971	-0.11	-0.2364	-0.2491	-0.3708	-0.0217	-0.4092	-0.1051	-0.4106	-0.2298	0.0943	-0.1054	-0.2877	-0.2309	-0.3417	-0.1247	0.0603	0.0188	0.1851	0.2401	0.0176	0.3594	0.0301	0.1052	0.1531	0.1817	0.0485	0.0667	0.1396	0.2203	0.1181	0.2357	0.1065	0.0987	0.2707	0.0249	0.0843	0.1149	0.1939	0.1641	0.1874	0.3979	0.0686	0.326	0.1982	0.2877	0.5941	-0.0797	-0.1761	0.0482	0.1897	0.3975	0.1671	0.1372	0.1903	0.3036	0.1606	0.3412	0.4116	0.5511	0.3963	0.569	0.063	0.0349	0.2204	0.2716	0.2328	0.2072	0.0955	0.2511	0.1775	0.4287	0.426	0.4826	-0.2209	-0.1062	0.0421	-0.0675	-0.167	0.0203	0.1053	-0.0972	-0.1641	-0.1467	-0.1825	-0.3023	-0.1589	0.158	-0.2182	0.3662	0.1286	-0.2056	0.2139	0.0934	-0.3122	-0.0692	-0.0384	0.2846	-0.0932	-0.2538	-0.3262	-0.4001	0.1494	-0.2402	-0.1654	-0.1628	-0.4211	-0.3624	0.0022	-0.1994	-0.2571	0.1175	0.1297	0.0172	-0.2263	-0.0942
LH_SomMot_15	-0.3532	-0.3339	-0.4839	-0.281	-0.2122	-0.0139	-0.2139	-0.2092	-0.2552	-0.3438	-0.4941	-0.1994	-0.4758	-0.4533	-0.0229	-0.0431	0.1504	-0.2686	0.2172	0.2898	-0.0521	-0.2591	0.651	0.6707	-0.1057	0.5902	0.1429	-0.2141	1.0	0.2145	-0.1315	-0.3794	-0.4107	-0.1305	-0.1127	-0.4257	-0.3053	-0.4856	0.0127	-0.3459	-0.2205	0.0643	-0.0613	-0.432	-0.5932	-0.3954	-0.2262	-0.189	-0.399	-0.2404	0.0508	-0.255	-0.3136	-0.4518	0.0229	0.1196	0.1718	0.0988	0.3451	0.1181	0.2002	-0.2256	-0.207	-0.0036	0.4258	0.2014	0.4472	0.2666	0.0193	0.2981	-0.2506	-0.3825	0.0761	0.4178	0.3041	0.1912	0.1631	0.0195	-0.1777	0.1949	-0.1838	0.3721	0.0862	0.3068	-0.1994	0.3603	0.0678	0.3399	0.2846	0.2634	0.3585	0.3823	0.347	0.5176	0.3197	0.2586	0.2289	0.1342	0.181	0.3397	-0.2292	0.3493	-0.3656	-0.4841	-0.3647	-0.2146	0.0712	-0.2904	-0.3808	-0.1263	-0.4087	-0.4915	-0.3401	-0.3611	-0.4251	-0.1073	-0.0116	0.2327	-0.2727	-0.499	-0.3522	0.1007	-0.6012	0.3081	-0.2102	-0.0098	0.5033	-0.1065	0.1394	-0.1227	-0.3156	0.519	0.8164	0.4558	-0.5095	-0.367	-0.1825	-0.1863	-0.314	-0.3981	-0.6314	-0.5342	-0.1085	-0.5615	-0.1928	0.053	-0.371	-0.19	-0.6002	-0.6063	-0.528	-0.1516	-0.335	-0.3443	-0.5574	-0.3369	-0.3081	-0.3404	0.1454	-0.1869	0.2837	0.161	0.0797	0.2475	-0.0595	0.2329	0.0014	-0.1204	-0.1085	0.2515	0.0899	-0.1127	-0.0839	0.1736	0.3944	0.276	-0.4422	-0.561	-0.105	0.3613	0.3689	0.0418	0.3113	0.4533	0.4338	0.2463	-0.1611	0.3694	-0.0093	-0.1275	0.2779	0.1391	0.0182	0.4103	0.4048	0.493	0.4001	0.3001	0.0715	0.171
LH_SomMot_16	-0.0911	0.117	-0.074	0.0441	0.262	0.2303	0.1281	-0.2079	0.1974	0.2938	0.0173	0.3569	0.0828	0.1369	0.0613	-0.1369	0.2666	-0.079	0.1428	0.2256	0.4244	0.49	0.1754	0.2319	0.0482	0.1829	0.295	0.1682	0.2145	1.0	-0.1198	-0.3907	-0.4848	-0.2203	-0.0538	-0.5256	-0.1696	-0.0298	-0.0311	0.1281	-0.1701	-0.0343	-0.3925	-0.0177	-0.1432	-0.0898	0.0358	-0.0649	0.0079	0.1153	0.2305	0.2876	0.2623	0.3435	-0.1599	0.0037	0.1873	-0.1025	0.1774	0.1177	-0.3328	-0.453	-0.447	-0.5416	-0.0171	-0.2065	-0.2095	-0.2877	-0.3386	-0.2532	-0.2146	-0.0489	-0.1616	0.2532	-0.3206	0.1531	-0.1557	-0.1157	-0.1817	-0.3733	-0.2797	-0.2141	0.2408	0.0243	0.0676	0.07	0.1607	0.0979	0.1199	0.2559	-0.2821	-0.0935	-0.2314	-0.1923	0.1074	0.004	-0.0871	-0.2396	-0.3468	-0.0538	-0.099	-0.074	-0.029	0.0134	-0.0295	0.0728	-0.1319	0.1938	0.2218	0.2953	0.1168	-0.0401	0.198	0.2552	0.076	-0.0146	-0.122	0.0815	0.1751	-0.1062	-0.1748	0.3378	0.2367	0.2081	0.3688	0.3745	0.3128	0.3009	0.391	0.2794	0.2611	0.3104	0.1305	0.2472	-0.1297	0.0369	0.0998	-0.1319	0.1703	-0.1366	-0.1372	-0.0528	0.0537	0.0461	0.0236	0.1103	0.0013	-0.033	-0.1102	-0.0132	0.0269	0.1858	-0.0619	-0.0116	0.0193	0.0657	0.1422	0.3289	-0.1179	0.0388	0.0557	0.438	0.1108	0.2167	0.0579	-0.1364	-0.437	-0.4034	0.01	-0.2959	-0.1605	-0.0571	-0.1551	0.2874	0.091	-0.0427	-0.0592	-0.1391	-0.203	0.1767	0.1641	-0.076	0.1473	-0.1227	0.1469	-0.325	0.1206	0.0893	0.0026	0.1639	0.0083	0.1147	0.222	0.2178	0.0357	0.1057	-0.1017	0.0295	-0.038	-0.1486
LH_DorsAttn_Post_1	0.2564	-0.1639	0.3683	-0.0353	-0.3133	0.1852	-0.0453	-0.1391	-0.1254	0.0495	0.0159	0.1039	-0.1359	0.0088	-0.0748	-0.0638	-0.1383	-0.0329	0.0188	-0.2724	-0.0764	0.0268	-0.3003	-0.1384	0.1238	-0.0794	0.0909	0.1549	-0.1315	-0.1198	1.0	0.4892	0.4239	0.1217	0.166	0.4168	0.2871	0.2675	0.106	0.2281	0.1204	0.2209	0.293	-0.0225	0.1606	0.0691	-0.0029	0.2143	0.3045	0.2334	0.06	0.399	0.1083	0.0565	0.2484	0.1785	0.3784	0.2167	0.1889	0.0376	-0.2686	0.0844	0.1758	0.1724	0.2092	-0.027	0.0327	0.2459	0.3496	0.1177	-0.0015	0.0631	0.2438	-0.1601	-0.1089	0.1507	-0.0642	0.0735	0.103	0.1633	-0.0831	-0.098	-0.0285	0.2072	0.0929	0.0831	0.2636	0.0475	0.0134	0.1937	-0.0108	0.1575	-0.0881	0.0255	-0.0874	0.2256	-0.0036	-0.0307	0.0284	0.4664	0.5878	0.2502	-0.134	0.0208	-0.1319	-0.2107	0.2734	-0.383	0.0628	0.1507	-0.1247	-0.2062	-0.0723	-0.2057	0.125	-0.2387	-0.2882	-0.1445	-0.145	-0.1401	0.1945	-0.2339	-0.0131	-0.134	-0.0782	-0.0065	0.0703	0.2479	-0.042	0.1366	0.0612	0.255	-0.1153	0.004	0.4005	0.1525	0.1771	-0.1859	0.1493	-0.1063	0.1499	0.0438	0.0383	0.1559	0.2216	-0.1272	-0.0128	-0.0106	-0.0866	-0.0229	0.1531	0.0883	-0.058	0.0125	0.0184	0.0135	0.0692	-0.0702	0.0812	0.328	-0.1406	0.1896	0.4225	0.187	-0.4138	-0.4773	-0.1704	-0.1866	-0.0858	-0.3339	-0.1037	-0.2205	0.0224	-0.3702	-0.5295	-0.3176	0.0257	-0.1121	-0.0304	-0.1119	-0.2218	0.0014	-0.1918	-0.4637	-0.2304	-0.35	-0.0133	-0.4575	-0.0207	-0.1338	0.0174	-0.2055	0.3577	-0.0525	-0.321	-0.1063	-0.3529	0.2564	-0.0676	-0.1531
LH_DorsAttn_Post_2	0.3245	-0.0941	0.243	0.147	-0.3339	-0.1374	0.1075	-0.0874	-0.1793	0.1644	0.0854	0.0007	0.1953	-0.0445	0.2693	0.3931	-0.195	0.3986	0.1785	-0.2115	0.0101	-0.1026	-0.3275	-0.3277	0.1509	-0.3888	0.0387	0.1883	-0.3794	-0.3907	0.4892	1.0	0.7853	0.4032	0.1981	0.8236	0.6257	0.3653	0.3332	0.3173	0.48	0.4215	0.6653	0.5005	0.5871	0.6767	0.2397	0.6075	0.424	0.4396	-0.0873	0.2113	0.2479	0.0117	0.2336	0.1245	-0.0682	-0.1891	-0.1451	-0.1422	0.0021	0.5762	0.8399	0.512	-0.1514	-0.0516	-0.1125	0.3584	0.281	-0.1203	0.2175	0.2454	0.3438	-0.7249	-0.1859	-0.4411	-0.3194	-0.1637	0.0822	0.2342	-0.0036	-0.4433	-0.4561	-0.321	-0.0533	-0.5395	-0.286	-0.5363	-0.5539	-0.3199	-0.2511	-0.2236	-0.3969	-0.3688	-0.3908	-0.2713	-0.4731	-0.2317	-0.0921	0.0353	0.357	-0.0393	-0.04	0.2995	-0.2317	-0.121	0.1857	-0.326	0.1786	0.1216	-0.1905	0.1619	0.1247	-0.0532	-0.0574	0.1014	0.1883	-0.1478	-0.0392	0.3007	0.314	-0.0928	0.2247	-0.1335	-0.031	0.0798	-0.1337	-0.0826	-0.27	0.0751	0.0731	-0.0754	-0.4676	-0.3898	0.399	0.2416	-0.0711	0.5142	0.0464	0.4028	0.451	0.357	0.3618	0.3622	0.2688	0.2284	0.508	0.1352	0.4478	0.5007	0.3021	0.1324	0.4488	0.4754	0.388	0.2184	0.394	-0.0483	0.0965	0.1616	-0.1688	-0.2707	0.0704	-0.2182	0.0184	-0.052	0.4041	0.4841	0.0049	0.0323	-0.0794	0.3666	0.3378	-0.3001	-0.2907	-0.388	0.2815	0.2646	0.2763	-0.1678	-0.4146	0.2707	-0.4915	-0.5033	-0.597	-0.1041	-0.0335	-0.573	-0.2867	-0.0277	-0.3594	-0.3986	0.0962	-0.5945	-0.6088	-0.367	-0.036	-0.2766	-0.3426	-0.1389
LH_DorsAttn_Post_3	0.2582	-0.0207	0.3076	0.1303	-0.195	-0.0825	0.1781	-0.0843	-0.0826	0.2028	0.0088	0.0061	0.1035	-0.0681	0.1391	0.4325	-0.1443	0.2538	0.043	-0.2673	-0.151	-0.1745	-0.292	-0.2598	0.1255	-0.3681	-0.0279	-0.0045	-0.4107	-0.4848	0.4239	0.7853	1.0	0.2889	0.2641	0.8321	0.4975	0.2842	0.144	0.0912	0.2424	0.2245	0.7155	0.4268	0.3003	0.292	0.0115	0.4552	0.3076	0.0927	-0.3236	0.1361	0.0514	-0.1481	0.2925	0.1837	-0.015	-0.0191	-0.247	-0.3036	0.0775	0.7338	0.6444	0.584	-0.0989	0.168	0.0187	0.3797	0.5117	0.1655	0.401	0.3502	0.3107	-0.5993	0.0293	-0.3618	-0.1412	-0.0103	-0.0049	0.2616	-0.2289	-0.1574	-0.3733	-0.096	0.0224	-0.3381	-0.3297	-0.401	-0.4811	-0.3136	-0.007	-0.0693	-0.154	-0.2562	-0.4949	-0.0635	-0.1977	0.0891	0.2424	0.1844	0.2666	-0.0594	-0.0572	0.237	-0.0706	-0.1376	0.181	-0.2189	0.1985	0.1689	-0.1684	0.106	0.0922	-0.1452	-0.0292	0.1526	0.1687	-0.1322	-0.0869	0.0505	0.2381	-0.212	0.1831	-0.2734	-0.0924	-0.1297	-0.3852	-0.1752	-0.4754	-0.2554	-0.2267	-0.1959	-0.4294	-0.4221	0.4154	0.0665	-0.2061	0.3842	-0.128	0.3173	0.5124	0.3128	0.1044	0.0977	0.1691	-0.0874	0.2736	-0.1528	0.3159	0.1875	0.1575	-0.2007	0.326	0.3315	0.1318	0.1068	0.1728	-0.2851	0.1767	0.1164	0.0272	-0.3122	-0.0129	-0.3522	-0.2657	-0.0899	0.4867	0.4978	-0.0386	0.0477	0.1162	0.2013	0.3886	-0.5999	-0.3532	-0.3124	0.3468	0.3354	0.3295	-0.1783	-0.4927	-0.0048	-0.5693	-0.3983	-0.5706	-0.0646	-0.356	-0.5399	-0.3689	-0.1922	-0.3689	-0.3133	0.062	-0.6031	-0.5022	-0.4803	-0.1742	-0.1053	-0.0985	-0.0345
LH_DorsAttn_Post_4	0.3277	-0.0366	0.3221	0.0023	-0.152	-0.331	0.0937	0.1681	-0.1682	-0.0259	0.1405	-0.0646	0.0816	0.07	0.1516	0.3882	0.1044	0.3536	0.2518	0.08	0.1959	-0.0456	0.0896	-0.2043	0.4934	-0.222	-0.0074	0.3757	-0.1305	-0.2203	0.1217	0.4032	0.2889	1.0	0.6529	0.5198	0.5385	0.5525	0.3127	0.2251	0.383	0.3128	0.3492	0.4529	0.4307	0.3505	0.1049	0.2894	0.2661	0.2595	0.1955	0.0621	0.3147	0.0718	-0.1422	-0.0143	0.0119	-0.3774	-0.0134	-0.1032	0.0192	0.1476	0.2686	-0.0522	-0.3816	-0.2326	-0.0661	0.2824	-0.0851	-0.0213	0.2256	-0.0621	0.3156	-0.3395	-0.2981	-0.2757	-0.2891	-0.2168	-0.016	0.1249	0.0843	-0.2684	-0.2318	0.0353	-0.1138	-0.1183	-0.276	-0.146	-0.2874	-0.2215	-0.2781	-0.1627	-0.3077	-0.1774	-0.2355	-0.0456	-0.1912	-0.1164	0.0209	-0.0865	-0.0134	0.1489	0.0972	0.2927	0.0217	0.0822	0.1069	-0.0733	-0.047	0.1218	-0.0495	0.0779	-0.0282	-0.0721	0.0843	0.3091	0.4358	-0.1019	-0.0516	0.1019	0.2238	0.0588	0.1175	0.1093	0.1298	0.0211	-0.103	0.1193	-0.1225	0.0166	0.0472	-0.0	-0.1383	-0.2202	0.4038	0.2502	0.357	0.2303	0.3025	0.4132	0.3588	0.3726	0.3681	0.336	0.3149	0.3197	0.198	-0.0817	0.3317	0.3013	0.1228	-0.0314	0.2361	0.4625	0.108	0.0375	0.2916	0.0065	0.0549	0.1813	0.2953	-0.3799	-0.1746	-0.1508	-0.033	0.0652	0.1027	0.0877	0.08	-0.0717	0.1103	0.293	0.1007	0.0246	0.0432	-0.1601	0.3643	0.0658	-0.0477	0.0137	-0.1793	0.2296	-0.1873	-0.1304	-0.3098	-0.132	0.0271	-0.1307	-0.3265	-0.1342	-0.2772	0.0354	0.1197	-0.0947	-0.2006	0.0378	0.0822	-0.0317	0.0015	0.1304
LH_DorsAttn_Post_5	0.3719	0.1575	0.566	0.0032	0.0664	-0.0216	0.0451	0.0016	0.0686	0.0515	0.3131	0.2664	0.0926	0.2916	0.1553	0.2835	0.1255	0.1044	0.042	-0.0498	0.134	0.1731	0.0835	-0.1504	0.4941	-0.1667	-0.0373	0.4055	-0.1127	-0.0538	0.166	0.1981	0.2641	0.6529	1.0	0.4148	0.5732	0.6328	0.0844	0.0451	0.1515	0.1664	0.142	0.3086	0.0717	-0.035	-0.1471	0.0192	0.1548	-0.0149	0.1694	0.1747	0.0709	0.1462	-0.1773	-0.0749	0.1172	-0.156	-0.0842	-0.1394	-0.2534	-0.0851	-0.0639	-0.1099	-0.2444	-0.2287	-0.2238	0.0717	-0.1584	-0.0108	0.0499	-0.279	0.2192	-0.1811	-0.1735	-0.1429	-0.233	-0.1446	-0.2673	-0.0453	-0.1866	-0.1696	0.0201	0.2004	-0.1665	0.1001	-0.2129	0.0381	-0.1342	0.1245	-0.0976	-0.0499	-0.2229	-0.0406	-0.0571	0.1179	-0.0644	-0.0637	-0.0516	0.1657	0.0396	0.1719	0.1994	0.2707	0.2276	-0.0357	0.021	0.0637	0.0112	0.1699	0.2083	0.0822	0.0188	0.1757	0.4186	0.2978	0.3886	-0.0197	0.2176	-0.0689	0.2582	0.0967	0.0049	0.1913	0.1448	0.1302	0.091	0.3293	0.06	-0.0057	0.1655	0.0352	0.0843	0.0926	0.48	0.1883	0.3405	0.0804	0.3047	0.1845	0.4087	0.4789	0.1235	0.2128	0.4215	0.2131	-0.1069	-0.4221	0.1405	0.0044	-0.0186	-0.2253	-0.1	0.082	-0.1271	0.2659	0.086	0.1147	-0.0158	0.0272	0.2443	-0.3539	-0.1504	-0.1108	-0.4151	-0.2599	-0.0312	-0.0354	-0.2369	-0.2421	-0.1088	-0.1094	-0.1151	-0.1994	-0.0667	-0.3136	0.1457	-0.1235	-0.1045	0.1115	-0.1822	0.0761	-0.274	-0.2322	-0.3751	-0.2752	-0.232	-0.272	-0.3651	-0.3969	-0.2214	-0.0238	0.1955	-0.0656	-0.1809	0.0391	-0.0733	0.1911	0.0432	-0.1602
LH_DorsAttn_Post_6	0.3199	-0.1303	0.3218	0.1079	-0.3399	-0.1877	0.187	-0.0835	-0.1965	0.1732	0.0893	0.0301	0.1348	-0.0426	0.1413	0.3018	-0.217	0.2933	0.0422	-0.2947	-0.109	-0.173	-0.292	-0.3944	0.3666	-0.4766	-0.0821	0.2095	-0.4257	-0.5256	0.4168	0.8236	0.8321	0.5198	0.4148	1.0	0.6534	0.4478	0.3464	0.2479	0.4176	0.3681	0.6257	0.3607	0.4676	0.4702	0.0689	0.5277	0.3393	0.2972	0.0431	0.1764	0.1974	-0.054	0.1466	0.0512	0.0437	-0.1592	-0.1403	-0.2144	0.0296	0.5471	0.6679	0.4011	-0.2913	-0.053	-0.0578	0.3788	0.277	0.0215	0.3842	0.2677	0.3468	-0.5238	-0.1756	-0.3529	-0.2122	-0.0834	0.08	0.2223	0.0475	-0.3315	-0.3851	-0.1527	-0.0356	-0.3309	-0.2246	-0.3644	-0.4362	-0.2404	-0.207	-0.1428	-0.2945	-0.3197	-0.3681	-0.0894	-0.2998	-0.1573	0.14	0.1156	0.1928	-0.0153	-0.0491	0.255	-0.1189	-0.0691	0.096	-0.3223	0.1815	0.1708	-0.1844	0.1206	0.0924	-0.117	-0.0137	0.1397	0.1898	-0.2336	-0.1001	0.0834	0.1705	-0.2018	0.2068	-0.2636	-0.1187	-0.0399	-0.3253	-0.0253	-0.4329	-0.1772	-0.0414	-0.1978	-0.4738	-0.3253	0.4746	0.1805	-0.0036	0.4097	0.0808	0.4462	0.5219	0.4178	0.3556	0.3378	0.3018	0.1224	0.3556	0.0035	0.3291	0.2925	0.2428	-0.1097	0.3018	0.4003	0.2683	0.1708	0.347	-0.1343	0.2039	0.1851	0.1624	-0.3243	-0.0093	-0.2319	-0.1164	-0.055	0.3577	0.3969	0.0233	-0.035	0.0275	0.2432	0.284	-0.3069	-0.244	-0.367	0.402	0.3159	0.3013	-0.0894	-0.4215	0.1503	-0.4422	-0.4244	-0.4317	-0.1726	-0.0895	-0.455	-0.2255	-0.1103	-0.4153	-0.3507	0.0377	-0.5072	-0.5363	-0.3834	-0.1347	-0.126	-0.1959	-0.0009
LH_DorsAttn_Post_7	0.6517	0.0268	0.4041	0.3218	-0.1401	0.0864	0.2348	-0.1046	-0.0792	0.3384	0.3936	0.2427	0.4026	0.3118	0.1816	0.321	-0.0205	0.2785	0.2096	-0.3389	0.0683	0.0429	-0.2808	-0.3624	0.4442	-0.4138	0.0214	0.4715	-0.3053	-0.1696	0.2871	0.6257	0.4975	0.5385	0.5732	0.6534	1.0	0.6582	0.6297	0.4569	0.7056	0.6766	0.2177	0.449	0.4429	0.5399	0.1847	0.4311	0.3131	0.2532	0.24	0.3449	0.4869	0.0949	-0.2851	-0.1111	0.0526	-0.1773	-0.1089	-0.3131	-0.3543	0.0905	0.4262	0.0344	-0.4411	-0.4978	-0.3878	0.14	-0.1535	-0.2977	0.3047	0.0129	0.5022	-0.5437	-0.3927	-0.4608	-0.6387	-0.4684	0.067	0.3363	-0.0259	-0.5069	-0.4366	-0.0836	-0.4184	-0.3369	-0.4598	-0.3061	-0.5469	-0.2249	-0.5212	-0.4093	-0.5922	-0.2711	-0.3585	0.0475	-0.3971	-0.2788	-0.143	0.1537	0.2978	0.2821	0.1862	0.3908	-0.0212	-0.0056	0.246	-0.0516	0.2799	0.3162	0.0906	0.2664	0.2835	0.2131	0.2684	0.1734	0.2686	-0.0909	0.0916	0.1484	0.2013	-0.1235	0.2904	-0.0338	0.1192	0.2723	-0.2124	0.2289	-0.1747	0.1412	0.2641	-0.0096	-0.2972	-0.2349	0.4398	0.2777	0.0551	0.4114	0.3536	0.6194	0.5181	0.6674	0.6752	0.5833	0.5649	0.6251	0.2359	-0.0805	0.3188	0.4178	0.1221	-0.1023	0.3136	0.3913	0.3029	0.3466	0.5837	0.1298	-0.0511	-0.0064	0.0908	-0.3399	-0.1412	-0.1526	-0.0893	-0.238	0.1306	0.1255	-0.3113	-0.3461	-0.3717	0.1558	-0.0663	-0.0835	-0.2006	-0.5117	0.4393	0.0638	0.1661	-0.0876	-0.5181	0.5993	-0.2559	-0.493	-0.5762	-0.4362	0.0407	-0.6198	-0.5603	-0.3358	-0.3378	-0.3289	0.1622	-0.4602	-0.6501	-0.05	-0.0171	0.0888	-0.2468	-0.0245
LH_DorsAttn_Post_8	0.6337	0.462	0.7818	0.2238	0.3286	0.122	0.3176	0.2094	0.3836	0.321	0.7163	0.2933	0.5146	0.7273	0.1353	0.1628	-0.0616	0.2463	-0.0458	-0.279	0.3378	0.2518	-0.4028	-0.4498	0.3312	-0.5444	-0.1885	0.3666	-0.4856	-0.0298	0.2675	0.3653	0.2842	0.5525	0.6328	0.4478	0.6582	1.0	0.1884	0.3212	0.3029	0.0812	-0.0286	0.4598	0.5022	0.3851	0.1543	0.1736	0.4556	0.282	0.1499	0.2942	0.4333	0.3941	-0.2084	-0.0203	0.0444	-0.122	-0.2079	0.0121	-0.4585	-0.0691	0.0449	-0.3339	-0.4301	-0.438	-0.5219	-0.2909	-0.2304	-0.4099	0.1483	-0.095	0.2256	-0.4045	-0.5277	-0.1464	-0.4552	-0.3302	0.0116	-0.0591	0.0801	-0.5481	0.0279	-0.0583	0.0428	-0.2041	-0.1292	-0.1694	-0.2885	-0.115	-0.5277	-0.3979	-0.5995	-0.472	-0.3885	-0.0466	-0.3492	-0.428	-0.2808	-0.0735	0.4041	0.0847	0.3986	0.5124	0.4604	-0.0165	0.0213	0.3643	0.2655	0.3124	0.4963	0.4239	0.2812	0.4198	0.6718	-0.0038	0.0559	-0.3436	0.0308	0.2593	0.1612	-0.1564	0.3613	-0.0822	0.3269	0.2307	-0.1694	0.3192	-0.0082	0.1547	0.2745	-0.145	-0.4244	-0.1998	0.6776	0.4271	0.3863	0.212	0.5764	0.5596	0.7238	0.7539	0.378	0.5871	0.5195	0.2603	0.3056	0.0448	0.3784	0.4575	0.4285	0.1441	0.1212	0.3029	0.4142	0.2004	0.4476	0.3673	-0.0345	0.3393	-0.0504	-0.2766	-0.0401	0.0364	-0.0495	-0.3082	-0.1297	-0.0628	-0.0829	-0.4142	-0.2356	0.0861	-0.0005	-0.0786	-0.4233	-0.3717	0.4874	0.1974	-0.0751	-0.2261	-0.3738	0.2768	-0.2684	-0.5139	-0.432	-0.4106	0.218	-0.3934	-0.2335	0.0216	-0.1519	-0.0311	0.2015	-0.149	-0.4968	-0.246	-0.3931	0.0114	-0.0429	-0.1511
LH_DorsAttn_Post_9	0.3799	-0.2492	-0.1715	0.502	-0.3569	0.1585	0.3136	-0.2874	-0.2559	0.4089	0.0097	0.2117	0.2543	-0.0708	0.0353	0.2445	0.0166	0.2179	0.2155	-0.3631	-0.043	-0.1132	-0.0946	-0.2228	0.4653	-0.2445	0.2026	0.3886	0.0127	-0.0311	0.106	0.3332	0.144	0.3127	0.0844	0.3464	0.6297	0.1884	1.0	0.5361	0.6874	0.842	-0.0281	0.1368	0.3401	0.5764	0.3486	0.4738	0.2995	0.2953	0.5163	0.2325	0.6878	-0.0927	-0.3566	0.0143	0.0771	-0.0765	0.04	-0.2777	-0.1728	-0.0888	0.3809	-0.0242	-0.3507	-0.6063	-0.1541	0.2039	-0.2933	-0.4222	0.4629	0.2465	0.4892	-0.3197	-0.3901	-0.3721	-0.6056	-0.5148	0.2304	0.5464	0.1413	-0.3412	-0.5174	0.1214	-0.5176	-0.0554	-0.3483	-0.0636	-0.3978	-0.2017	-0.5216	-0.48	-0.5198	-0.0406	-0.3461	0.2895	-0.1449	-0.0984	0.0871	0.2324	0.1743	0.4792	-0.1162	0.1699	-0.3805	0.0559	0.438	-0.2333	0.2869	0.4175	-0.2698	0.0954	0.401	-0.0678	-0.2554	0.0882	0.0475	-0.0044	-0.2113	0.0548	-0.1351	-0.274	0.2657	-0.2127	-0.1082	0.1701	-0.2608	0.0282	-0.3109	0.0906	0.0903	0.1413	-0.224	-0.3073	-0.0985	-0.0338	-0.2734	0.2701	0.0586	0.5102	0.0486	0.2273	0.8635	0.4554	0.1986	0.6899	0.1402	0.0573	0.0602	0.2292	-0.1505	-0.0094	0.4114	0.3551	0.2383	0.2095	0.7311	-0.0988	0.1156	-0.0392	0.4065	-0.0237	-0.0826	-0.0154	0.2168	0.0111	0.0671	-0.0082	-0.0503	-0.321	-0.2846	0.262	-0.1972	0.2632	-0.0486	-0.336	0.4863	0.0791	0.2279	0.188	-0.426	0.657	0.1437	-0.1751	-0.1313	-0.2945	0.3302	-0.3309	-0.4968	-0.2088	-0.2079	-0.0772	0.1669	-0.1441	-0.4956	0.2724	0.2468	0.2481	0.0004	0.4533
LH_DorsAttn_Post_10	0.29	-0.0625	0.1312	0.4312	-0.0591	0.1582	0.0949	0.0938	-0.1927	0.2882	0.1709	0.1811	0.2757	0.204	0.1826	0.2113	0.2157	0.4302	0.4542	-0.2372	0.1023	0.138	-0.1953	-0.395	0.5033	-0.2591	0.2862	0.6054	-0.3459	0.1281	0.2281	0.3173	0.0912	0.2251	0.0451	0.2479	0.4569	0.3212	0.5361	1.0	0.5483	0.5212	-0.0048	0.3477	0.5871	0.5469	0.5416	0.4823	0.4099	0.4919	0.4287	0.3979	0.6758	0.2913	-0.2889	0.1504	0.121	-0.2511	0.0415	0.1076	-0.3549	-0.0845	0.1841	-0.2614	-0.4538	-0.4629	-0.3733	0.0223	-0.3171	-0.4968	0.1916	0.2953	0.2447	-0.3128	-0.545	-0.3248	-0.4773	-0.272	0.0218	-0.003	0.12	-0.6369	-0.4095	-0.2084	-0.1898	-0.2916	-0.1118	-0.2977	-0.4	-0.0961	-0.6767	-0.4221	-0.6674	-0.4464	-0.2268	-0.0199	-0.4561	-0.4219	-0.3635	-0.1809	0.1881	0.0467	0.146	0.2723	-0.0573	0.2989	0.2336	0.0752	0.1507	0.4106	-0.0326	0.0902	0.2381	0.1206	0.0636	0.2909	-0.1173	0.2051	0.2304	0.2245	0.2259	-0.0208	0.4275	-0.0778	0.2636	0.4692	-0.0862	0.342	-0.0206	0.3423	0.462	-0.0363	-0.4454	-0.0816	0.2671	0.5007	0.1612	0.2983	0.3227	0.4694	0.2412	0.3702	0.6587	0.7791	0.4922	0.5347	0.3036	0.2599	0.3341	0.5739	0.2435	0.2639	0.3967	0.4927	0.455	0.4024	0.755	0.3597	0.0544	0.2341	-0.0656	0.0558	0.0857	0.1671	0.1584	-0.1363	-0.1804	-0.0832	-0.1704	-0.3936	-0.2593	0.326	-0.1293	0.2432	-0.1877	-0.4283	0.4329	0.1684	-0.0664	-0.0502	-0.3757	0.437	-0.0692	-0.4735	-0.2627	-0.403	0.297	-0.4148	-0.2543	-0.0688	-0.2749	-0.1928	0.2073	-0.2821	-0.6251	-0.047	-0.079	-0.0238	-0.2785	-0.0761
LH_DorsAttn_FEF_1	0.4392	-0.0517	0.0535	0.4333	-0.2451	0.0445	0.1373	0.0432	-0.2391	0.2916	0.2331	0.1435	0.3871	0.1276	-0.0391	0.2344	0.05	0.2536	0.2779	-0.323	0.0713	-0.0147	-0.1324	-0.2188	0.2538	-0.2104	0.0791	0.5323	-0.2205	-0.1701	0.1204	0.48	0.2424	0.383	0.1515	0.4176	0.7056	0.3029	0.6874	0.5483	1.0	0.7731	0.188	0.3144	0.4293	0.5935	0.3151	0.4605	0.2518	0.246	0.3076	0.2842	0.5737	0.1735	-0.4067	-0.0298	-0.0485	-0.2557	-0.1176	-0.203	-0.2402	0.0186	0.4773	-0.0012	-0.2889	-0.4534	-0.3258	0.3007	-0.1886	-0.2961	0.1681	0.0704	0.4542	-0.532	-0.4055	-0.6423	-0.6533	-0.566	0.1136	0.3016	0.0882	-0.5441	-0.5259	-0.2352	-0.5347	-0.433	-0.4648	-0.3748	-0.6215	-0.1914	-0.5132	-0.3366	-0.5127	-0.1983	-0.1716	-0.1342	-0.4934	-0.2603	-0.2961	-0.0782	0.1454	0.1369	0.237	0.3493	-0.1454	0.3041	0.284	-0.0403	0.2736	0.2445	-0.0026	0.2204	0.2327	0.1747	0.0223	0.2636	0.1112	-0.0197	0.0926	0.191	0.0793	-0.0669	0.3531	-0.0008	0.2017	0.3451	-0.227	0.0768	-0.0791	0.243	0.3719	-0.0334	-0.3095	-0.347	0.138	0.3963	-0.0155	0.3456	0.2595	0.5406	0.2412	0.447	0.7195	0.5015	0.454	0.727	0.3179	0.1985	0.3733	0.4815	0.2292	0.0818	0.3566	0.4556	0.4427	0.3662	0.5926	0.2402	-0.2165	-0.0495	0.0025	-0.3053	-0.2826	-0.085	0.2398	-0.0768	0.0338	0.0341	-0.1273	-0.2225	-0.4089	0.3158	-0.1633	0.3217	0.0295	-0.3295	0.3241	0.0755	0.2006	-0.0564	-0.2913	0.6446	-0.1162	-0.3979	-0.456	-0.389	0.241	-0.519	-0.4247	-0.1747	-0.3664	-0.3644	0.1132	-0.4803	-0.5022	0.1466	0.2546	-0.0737	-0.4333	0.0255
LH_DorsAttn_FEF_2	0.2968	-0.4001	-0.1918	0.3093	-0.4975	0.1542	0.0707	-0.3239	-0.4796	0.2584	-0.1293	0.1123	0.0694	-0.2199	0.0812	0.3151	0.1004	0.2176	0.3419	-0.2359	-0.0668	-0.1634	0.0425	-0.0965	0.437	-0.0982	0.1851	0.4983	0.0643	-0.0343	0.2209	0.4215	0.2245	0.3128	0.1664	0.3681	0.6766	0.0812	0.842	0.5212	0.7731	1.0	0.1988	0.1993	0.2522	0.4769	0.3151	0.5515	0.1676	0.2318	0.4437	0.2736	0.5481	-0.0839	-0.2578	-0.0718	0.2191	-0.1777	0.0675	-0.2781	-0.1245	-0.0142	0.4301	0.103	-0.2262	-0.4024	-0.0158	0.4637	-0.0989	-0.1427	0.2898	0.1072	0.592	-0.3138	-0.2115	-0.4546	-0.5154	-0.428	0.1708	0.4963	0.0159	-0.3212	-0.527	0.0212	-0.5629	-0.1726	-0.3869	-0.1832	-0.4796	-0.0933	-0.4048	-0.1838	-0.3761	0.0384	-0.156	0.2018	-0.2527	-0.0667	0.0069	0.3293	0.1119	0.4024	-0.147	0.0246	-0.5035	0.0685	0.4781	-0.3901	0.1549	0.3025	-0.37	-0.0967	0.1865	-0.1254	-0.3124	0.2257	0.1569	0.1389	-0.0139	-0.0405	0.0242	-0.0814	0.1902	-0.0221	-0.0551	0.2061	-0.0848	0.0796	-0.188	0.1253	0.2146	0.2176	-0.0745	-0.1921	-0.0851	0.0454	-0.1991	0.2618	0.0286	0.3483	-0.037	0.1361	0.7541	0.3444	0.2797	0.7103	0.1034	-0.0394	0.1099	0.2022	-0.1435	-0.0621	0.3358	0.3817	0.1471	0.2506	0.583	-0.0557	-0.0666	-0.1632	0.2465	-0.0584	-0.0848	-0.0306	0.0594	-0.052	0.05	-0.0002	-0.1643	-0.244	-0.3029	0.2346	-0.1934	0.1992	0.0963	-0.3326	0.2591	-0.1119	0.2267	0.1836	-0.3479	0.6297	0.0128	-0.2586	-0.2727	-0.35	0.1383	-0.4478	-0.5285	-0.3417	-0.3218	-0.3714	0.1241	-0.3705	-0.5102	0.3084	0.2766	0.2182	-0.2527	0.2249
LH_DorsAttn_PrCv_1	-0.0369	-0.2646	-0.0079	-0.1939	-0.4307	-0.2322	-0.1766	-0.0907	-0.3277	-0.1504	-0.3179	-0.2709	-0.232	-0.4062	0.1482	0.3917	-0.0619	0.3312	0.2968	0.0627	-0.0955	-0.25	0.1069	0.0284	0.0898	0.0224	0.0273	-0.0407	-0.0613	-0.3925	0.293	0.6653	0.7155	0.3492	0.142	0.6257	0.2177	-0.0286	-0.0281	-0.0048	0.188	0.1988	1.0	0.3371	0.2752	0.2698	0.1224	0.5511	0.1971	0.2199	-0.3324	-0.0163	-0.1391	-0.2061	0.4244	0.1273	0.0016	-0.2925	-0.1254	-0.1142	0.3886	0.7388	0.7323	0.6393	0.0855	0.4841	0.3291	0.6642	0.6685	0.4596	0.0011	0.0528	0.2506	-0.4956	0.186	-0.3297	0.0875	0.1227	-0.1064	0.0824	-0.2748	-0.1201	-0.4404	-0.2497	0.1422	-0.446	-0.2066	-0.4904	-0.403	-0.2518	0.1836	0.2606	0.0856	-0.1725	-0.1949	-0.2909	-0.3098	0.0288	0.0921	0.0623	-0.0653	-0.1751	-0.1792	-0.0058	-0.2686	-0.1338	0.1014	-0.4819	-0.1022	-0.0676	-0.3894	-0.1501	-0.2322	-0.3384	-0.3245	0.2759	0.3027	0.0048	-0.1264	0.0346	0.1221	-0.0089	-0.008	-0.1207	-0.07	-0.2007	-0.0954	-0.3199	-0.361	-0.2692	-0.2564	-0.0214	-0.1633	-0.2448	0.282	0.0562	-0.0872	0.4018	-0.2302	0.0066	0.2081	0.0056	-0.0727	-0.1481	0.0574	-0.1288	0.4097	-0.099	0.2204	0.1669	0.1531	-0.0846	0.3297	0.3466	0.1043	-0.0894	-0.0609	-0.3185	0.0572	0.0645	-0.1119	-0.3369	-0.0896	-0.3771	-0.0927	0.2468	0.4892	0.568	0.0567	0.4161	0.2806	0.4038	0.5615	-0.4309	0.0265	-0.0109	-0.0801	0.0216	0.2801	-0.0559	-0.0729	-0.1599	-0.5732	-0.2161	-0.3771	0.1727	-0.3874	-0.2727	-0.1837	0.0229	-0.4055	-0.3628	-0.0667	-0.5866	-0.2423	-0.3861	0.1422	-0.3131	-0.3613	-0.198
LH_SalVentAttn_ParOper_1	0.2335	0.2552	0.3045	0.2413	0.1047	-0.0826	0.2096	0.211	0.0648	0.3297	0.2133	0.1955	0.4095	0.2339	0.4839	0.7482	0.1617	0.6701	0.3427	0.1484	0.4758	0.1708	-0.2168	-0.268	0.1273	-0.354	0.1103	0.1596	-0.432	-0.0177	-0.0225	0.5005	0.4268	0.4529	0.3086	0.3607	0.449	0.4598	0.1368	0.3477	0.3144	0.1993	0.3371	1.0	0.6191	0.5333	0.4558	0.4466	0.4937	0.4	-0.1349	0.0088	0.383	0.2449	0.0253	0.0266	-0.2128	-0.4441	-0.2698	-0.1811	-0.0989	0.3733	0.3763	0.0216	-0.4789	-0.1498	-0.3384	0.1086	-0.0605	-0.2329	0.2529	0.1308	0.2092	-0.6696	-0.3819	-0.5198	-0.4128	-0.189	-0.0195	-0.0955	-0.0705	-0.5124	-0.3164	-0.3791	0.0396	-0.5515	-0.4488	-0.577	-0.631	-0.2869	-0.4625	-0.4707	-0.5368	-0.5495	-0.3981	-0.3498	-0.4986	-0.3068	-0.2162	-0.3363	0.0219	-0.134	0.1871	0.4476	0.0478	0.1099	0.1244	0.1702	0.2424	0.2623	0.1042	0.3493	0.3001	0.2165	0.1637	0.5124	0.5181	0.0667	0.3072	0.4949	0.4746	0.268	0.4582	0.0867	0.4705	0.2073	-0.0952	0.0124	-0.0114	0.0158	0.1264	-0.2422	-0.4586	-0.3435	0.3363	0.3784	0.1858	0.5127	0.2527	0.5163	0.5581	0.4766	0.3464	0.3863	0.2309	0.265	0.5055	-0.0086	0.8093	0.6957	0.3447	0.1726	0.5883	0.7034	0.4425	0.3975	0.496	0.2245	-0.0709	0.0716	-0.1059	-0.3188	-0.103	-0.3638	0.0828	0.0179	0.1855	0.3093	0.031	-0.0875	-0.0062	0.4978	0.2034	-0.1215	-0.0653	-0.3018	0.4613	0.297	0.0675	-0.0115	-0.3635	0.1773	-0.3938	-0.4272	-0.5951	-0.1745	0.0813	-0.4239	-0.402	-0.0032	-0.4392	-0.1675	0.0934	-0.5726	-0.5508	-0.2962	-0.08	-0.3326	-0.25	-0.1126
LH_SalVentAttn_ParOper_2	0.3449	0.0469	0.235	0.2989	-0.0678	-0.0598	0.1815	0.1133	0.0219	0.2993	0.2456	0.1445	0.3726	0.2249	0.2785	0.3579	-0.0187	0.7649	0.2815	-0.0865	0.288	0.2623	-0.3685	-0.5469	0.3023	-0.5005	0.0496	0.2918	-0.5932	-0.1432	0.1606	0.5871	0.3003	0.4307	0.0717	0.4676	0.4429	0.5022	0.3401	0.5871	0.4293	0.2522	0.2752	0.6191	1.0	0.8429	0.7293	0.6012	0.6998	0.7701	0.1422	0.2605	0.528	0.3948	0.0576	-0.0608	-0.133	-0.3456	-0.2007	0.0192	-0.0946	0.225	0.5328	-0.0102	-0.4907	-0.295	-0.2968	0.0143	-0.1041	-0.4502	0.1552	0.2033	0.2218	-0.6413	-0.5301	-0.3447	-0.4114	-0.2575	0.1381	-0.0329	0.2129	-0.662	-0.4026	-0.4197	0.151	-0.5022	-0.1504	-0.5174	-0.496	-0.3493	-0.5999	-0.4953	-0.6354	-0.6079	-0.4311	-0.2973	-0.5163	-0.4124	-0.3436	-0.3632	0.179	-0.0787	0.1094	0.4267	-0.0154	0.1056	0.1028	0.0181	0.2489	0.3293	0.0527	0.3107	0.2998	0.1614	0.0924	0.2481	0.2108	-0.0883	0.0449	0.6987	0.3013	-0.0197	0.4953	-0.2307	0.2161	0.1151	-0.1933	0.0276	-0.1356	0.2387	0.2606	-0.2186	-0.7165	-0.2916	0.4178	0.3321	0.2698	0.4458	0.3047	0.4796	0.4705	0.4151	0.4579	0.6916	0.2536	0.259	0.6677	0.2333	0.6548	0.8729	0.5062	0.3897	0.6944	0.6593	0.7841	0.29	0.6319	0.3138	-0.002	0.2837	-0.2094	-0.2289	-0.0183	-0.1669	0.3176	0.0339	0.0263	0.2287	0.1928	-0.1412	-0.0585	0.5869	0.2468	-0.0089	-0.2983	-0.3109	0.4186	0.2641	0.157	-0.1736	-0.3354	0.214	-0.286	-0.4861	-0.4287	-0.2256	0.3885	-0.4048	-0.1493	0.3289	-0.3351	-0.1066	0.139	-0.4413	-0.6297	-0.3791	-0.1492	-0.3072	-0.268	-0.1044
LH_SalVentAttn_ParOper_3	0.3102	-0.0324	0.0001	0.3217	-0.2008	-0.0789	0.2088	-0.0226	-0.0642	0.305	0.1845	0.0829	0.4146	0.0999	0.2481	0.3627	-0.1189	0.6005	0.255	-0.1269	0.2718	0.0995	-0.2605	-0.3964	0.2289	-0.3905	0.0947	0.2652	-0.3954	-0.0898	0.0691	0.6767	0.292	0.3505	-0.035	0.4702	0.5399	0.3851	0.5764	0.5469	0.5935	0.4769	0.2698	0.5333	0.8429	1.0	0.6495	0.634	0.5354	0.7292	0.1748	0.1785	0.6044	0.2194	0.0072	0.0735	-0.1768	-0.3845	-0.158	0.0116	0.002	0.2826	0.7089	0.1114	-0.4317	-0.2992	-0.2481	0.0408	-0.1019	-0.5069	0.2009	0.2317	0.2992	-0.6646	-0.4699	-0.4735	-0.4466	-0.3111	0.2546	0.1546	0.2451	-0.6723	-0.4653	-0.4823	0.0068	-0.6054	-0.2777	-0.5347	-0.5794	-0.4668	-0.62	-0.5025	-0.6269	-0.5717	-0.5015	-0.3337	-0.6037	-0.4542	-0.2992	-0.2734	0.2133	-0.0393	0.0266	0.35	-0.2189	0.0135	0.1822	-0.1199	0.2644	0.2376	-0.0726	0.3486	0.3443	0.144	-0.1067	0.1186	0.1497	-0.1164	-0.0519	0.6113	0.1148	-0.0374	0.4629	-0.1805	0.1494	0.206	-0.1498	-0.1014	-0.1597	0.1874	0.2606	-0.1249	-0.582	-0.4166	0.1805	0.2659	-0.0354	0.5915	0.1834	0.5837	0.3577	0.3719	0.662	0.5986	0.2192	0.4953	0.7134	0.4077	0.598	0.8069	0.4024	0.4362	0.6677	0.606	0.7226	0.2215	0.7259	0.2082	0.0587	0.2109	-0.1394	-0.1398	-0.0368	-0.1803	0.5476	0.1666	0.1918	0.3089	0.223	-0.0587	-0.124	0.6175	0.2428	0.1518	-0.1448	-0.2414	0.4126	0.3023	0.2627	-0.1409	-0.3529	0.4848	-0.1884	-0.4092	-0.3468	-0.1869	0.4374	-0.38	-0.2059	0.3182	-0.3946	-0.2345	0.0451	-0.4826	-0.6444	-0.2513	0.0339	-0.3778	-0.3319	0.0324
LH_SalVentAttn_FrOperIns_1	0.0689	-0.0891	-0.0386	0.2372	-0.0214	0.0679	-0.0021	0.0182	-0.0418	0.1828	-0.0435	0.1543	0.1298	0.0227	0.2655	0.4568	0.0854	0.762	0.4433	0.0864	0.2639	0.1504	-0.0487	-0.274	0.2138	-0.1648	0.0399	0.2225	-0.2262	0.0358	-0.0029	0.2397	0.0115	0.1049	-0.1471	0.0689	0.1847	0.1543	0.3486	0.5416	0.3151	0.3151	0.1224	0.4558	0.7293	0.6495	1.0	0.579	0.537	0.7301	0.1616	0.1113	0.4476	0.2229	0.0837	0.0778	-0.0337	-0.342	-0.1426	0.0994	0.0683	0.0726	0.3613	-0.0879	-0.3644	-0.1531	-0.0365	0.0747	-0.1427	-0.3043	0.0947	0.1155	0.3045	-0.4404	-0.3107	-0.2664	-0.2777	-0.2131	0.0676	0.0171	0.1249	-0.4919	-0.4116	-0.3423	0.0609	-0.3557	-0.1308	-0.429	-0.4517	-0.2376	-0.4826	-0.3265	-0.433	-0.3832	-0.2936	-0.1629	-0.4265	-0.3405	-0.2639	-0.2408	0.0156	0.0387	-0.1065	0.065	-0.1363	-0.0301	0.1935	0.0139	0.0545	0.3681	-0.1305	0.05	0.1543	0.0152	-0.1544	0.2424	0.1156	0.2035	0.0369	0.5576	0.1383	0.0555	0.2557	-0.1115	0.1874	0.1263	0.0503	-0.034	-0.0396	0.1479	0.2194	-0.1108	-0.4386	-0.0754	0.0443	0.1727	0.0918	0.4183	0.1353	0.3069	0.0919	0.0867	0.4161	0.433	0.1255	0.3093	0.4826	0.1352	0.4376	0.6794	0.2447	0.3934	0.6685	0.564	0.618	0.2279	0.5964	0.226	-0.0398	0.0888	-0.1741	-0.078	-0.0528	-0.0195	0.4244	0.2283	-0.0346	0.1234	0.1969	-0.0604	0.0102	0.6204	0.1441	0.1141	-0.0592	-0.0929	0.2568	0.039	0.1586	-0.0415	-0.1762	0.2256	-0.0356	-0.2168	-0.212	-0.1126	0.3355	-0.2119	-0.189	0.2947	-0.2849	-0.111	0.1537	-0.3834	-0.5308	-0.1308	0.0534	-0.1547	-0.2584	0.0332
LH_SalVentAttn_FrOperIns_2	0.1908	-0.2606	-0.0361	0.2472	-0.3182	-0.0155	0.1003	-0.2481	-0.2073	0.3354	-0.1269	0.1509	0.094	-0.1804	0.2618	0.4468	0.0001	0.542	0.4116	-0.2043	0.0737	-0.0015	-0.1402	-0.3366	0.3194	-0.3004	0.031	0.2388	-0.189	-0.0649	0.2143	0.6075	0.4552	0.2894	0.0192	0.5277	0.4311	0.1736	0.4738	0.4823	0.4605	0.5515	0.5511	0.4466	0.6012	0.634	0.579	1.0	0.5846	0.6018	0.2673	0.2927	0.4758	0.0669	0.2456	0.0862	0.1094	-0.3397	-0.0968	-0.1975	-0.027	0.3378	0.6169	0.1922	-0.2031	-0.1332	-0.006	0.4602	0.1085	-0.0839	0.2812	0.3269	0.4571	-0.562	-0.3107	-0.4289	-0.3934	-0.2983	0.0113	0.1994	-0.0619	-0.5488	-0.5106	-0.2657	-0.0443	-0.4092	-0.1324	-0.4678	-0.5656	-0.0886	-0.4826	-0.1876	-0.4882	-0.3805	-0.3688	-0.0759	-0.5299	-0.2886	-0.0811	0.0349	0.0441	0.0592	-0.2245	0.1185	-0.4014	-0.1115	0.2093	-0.3426	0.2076	0.453	-0.4075	-0.067	0.1889	-0.1901	-0.3252	0.2846	0.1889	-0.1638	-0.0857	0.1894	0.0345	-0.0618	0.4176	-0.2398	0.0272	0.1412	-0.1699	-0.1501	-0.3004	-0.0045	0.0594	-0.008	-0.4738	-0.241	0.1694	0.0756	-0.119	0.4907	-0.0349	0.4001	0.2303	0.1892	0.5313	0.3086	0.2018	0.2644	0.532	0.0834	0.326	0.5266	0.1878	0.0927	0.5784	0.7074	0.5048	0.1907	0.6372	-0.0044	0.0373	0.1391	0.0299	-0.1029	0.055	-0.1064	0.1492	0.0773	0.1763	0.3265	0.1016	-0.0857	-0.0946	0.5804	0.2646	-0.0784	-0.1533	-0.3755	0.3927	0.1427	0.4233	0.2156	-0.3459	0.2479	-0.2571	-0.5146	-0.4045	-0.2605	0.1164	-0.4869	-0.3973	0.1065	-0.3739	-0.326	0.1294	-0.566	-0.7109	-0.1927	0.036	-0.0923	-0.3738	0.0535
LH_SalVentAttn_FrOperIns_3	0.3389	0.0638	0.2632	0.4053	-0.0299	0.1628	0.3142	-0.0076	0.1817	0.5132	0.1841	0.4083	0.2918	0.2143	0.2308	0.3505	0.0914	0.6498	0.1079	-0.2177	0.2183	0.3868	-0.4022	-0.4769	0.2246	-0.3825	0.1057	0.2639	-0.399	0.0079	0.3045	0.424	0.3076	0.2661	0.1548	0.3393	0.3131	0.4556	0.2995	0.4099	0.2518	0.1676	0.1971	0.4937	0.6998	0.5354	0.537	0.5846	1.0	0.5995	0.1113	0.3771	0.4694	0.4063	0.2666	0.0517	-0.0705	-0.0381	-0.0469	-0.1987	-0.2824	0.0807	0.2855	0.0095	-0.1775	-0.2788	-0.2564	0.0501	-0.0584	-0.4095	0.1081	0.252	0.2416	-0.5837	-0.4978	-0.255	-0.4823	-0.3191	-0.0198	0.0603	0.0216	-0.4738	-0.2386	-0.1484	0.1115	-0.1834	-0.0063	-0.2603	-0.3885	-0.0523	-0.4298	-0.4227	-0.5663	-0.383	-0.4392	-0.0074	-0.3175	-0.2146	-0.2033	-0.0658	0.3375	0.1643	-0.0315	0.395	-0.1011	-0.0289	0.2496	-0.0413	0.3412	0.4758	-0.0427	0.1031	0.3813	0.057	0.0919	0.198	0.1569	-0.1366	-0.0646	0.4117	0.2191	-0.1439	0.4841	-0.237	0.1631	0.0846	-0.2238	-0.0465	-0.1283	0.1056	0.1053	-0.039	-0.5457	-0.2224	0.3124	0.1059	0.1435	0.2077	0.1362	0.2511	0.4156	0.336	0.3001	0.4134	0.2178	0.0599	0.4257	-0.022	0.4356	0.5646	0.359	0.2319	0.5982	0.5248	0.6107	0.38	0.5653	0.2339	0.0223	0.2692	-0.1005	-0.1501	0.2198	-0.165	0.0015	-0.2247	-0.106	0.1037	0.1155	-0.2962	-0.164	0.4186	0.136	-0.2355	-0.4735	-0.4201	0.3643	0.1677	0.1704	0.0019	-0.3456	0.0495	-0.2815	-0.5693	-0.4785	-0.314	0.2412	-0.5932	-0.3131	0.205	-0.1387	0.0366	0.1841	-0.2522	-0.6215	-0.2766	-0.2416	-0.0072	-0.1432	-0.0616
LH_SalVentAttn_FrOperIns_4	0.0056	-0.1822	-0.0085	0.0721	-0.1942	-0.063	0.112	-0.1045	-0.0894	0.1858	-0.0861	0.1575	0.0566	-0.0355	0.2404	0.233	-0.0038	0.6763	0.3708	0.0761	0.3616	0.2891	-0.1656	-0.4445	0.2172	-0.293	0.1014	0.2186	-0.2404	0.1153	0.2334	0.4396	0.0927	0.2595	-0.0149	0.2972	0.2532	0.282	0.2953	0.4919	0.246	0.2318	0.2199	0.4	0.7701	0.7292	0.7301	0.6018	0.5995	1.0	0.2147	0.2041	0.3927	0.3511	0.2011	0.1132	0.0765	-0.2562	0.1446	0.1374	-0.0138	0.1519	0.4262	-0.1133	-0.3118	-0.1584	-0.0966	0.0603	-0.1088	-0.3269	0.0793	0.1948	0.193	-0.4028	-0.5087	-0.1974	-0.2451	-0.1313	0.1331	-0.0436	0.1754	-0.5603	-0.3239	-0.3517	0.2768	-0.3389	0.1518	-0.3727	-0.321	-0.1451	-0.5395	-0.2869	-0.4897	-0.5072	-0.2463	-0.2214	-0.4766	-0.5464	-0.2895	-0.2222	0.1439	-0.0284	-0.2693	0.1048	-0.2959	-0.1704	0.0355	-0.25	0.1304	0.3364	-0.2627	-0.0483	0.0863	-0.0998	-0.1547	0.068	0.0642	-0.0459	-0.0259	0.4746	0.1373	0.0626	0.2647	-0.0489	0.1754	0.2557	0.0781	0.1195	0.0471	0.1911	0.3451	-0.0474	-0.4406	0.0103	0.1473	0.19	0.2623	0.3936	0.3227	0.2985	0.1913	0.1163	0.4008	0.49	0.2289	0.2102	0.6048	0.3199	0.4203	0.6944	0.4368	0.4525	0.4945	0.5483	0.5871	0.1969	0.5737	0.3171	0.0983	0.3269	-0.1065	0.0828	0.2047	0.0148	0.3717	0.0999	-0.0633	0.0868	0.3093	-0.1429	0.0865	0.528	0.2636	0.0941	-0.16	-0.1652	0.2723	0.0902	0.111	-0.0224	-0.1015	0.1843	0.0215	-0.3341	-0.2025	-0.2575	0.4048	-0.2541	0.022	0.459	-0.2686	-0.08	0.1704	-0.2444	-0.5146	-0.1897	-0.1359	-0.1843	-0.2639	-0.0005
LH_SalVentAttn_PFCl_1	0.2212	-0.1967	-0.0626	0.3243	-0.2552	-0.0182	0.0432	-0.2401	-0.2529	0.2506	0.1676	0.2201	0.2199	0.0133	-0.1789	-0.1513	-0.1006	-0.0861	0.0546	-0.2947	-0.0222	0.189	-0.0754	-0.1916	0.401	-0.1772	0.0284	0.5062	0.0508	0.2305	0.06	-0.0873	-0.3236	0.1955	0.1694	0.0431	0.24	0.1499	0.5163	0.4287	0.3076	0.4437	-0.3324	-0.1349	0.1422	0.1748	0.1616	0.2673	0.1113	0.2147	1.0	0.2895	0.5188	0.2605	-0.3328	-0.1387	0.2115	-0.1741	0.0428	0.0109	-0.2314	-0.4629	-0.1761	-0.3963	-0.2421	-0.5156	-0.1386	0.1085	-0.5055	-0.2375	0.1821	0.0949	0.1595	0.2671	-0.3147	-0.0441	-0.2326	-0.1934	-0.0068	0.014	0.297	-0.2757	0.0262	0.1625	-0.2157	0.2477	0.2301	0.227	0.0598	0.4062	-0.4225	-0.075	-0.3371	0.0412	0.2444	0.2432	-0.0311	-0.1699	-0.1068	0.0264	-0.1045	0.1571	0.0062	0.0831	-0.1743	0.2497	-0.0825	-0.119	0.2053	0.2889	-0.0608	0.0431	0.2757	0.1037	-0.0998	0.0725	-0.11	-0.0935	0.1522	-0.0565	-0.19	0.0088	0.2541	-0.0113	-0.0307	0.2623	0.1435	0.2454	0.1843	0.2757	0.3765	-0.0045	-0.0423	0.1628	-0.152	0.0013	0.0673	-0.2029	0.0845	0.186	-0.2152	0.0574	0.5216	0.4197	-0.0096	0.4362	-0.2092	0.0446	-0.096	0.029	-0.1223	0.2109	-0.1085	0.1186	0.0714	0.147	0.4445	0.2785	-0.0524	-0.0544	0.3683	0.2412	0.0566	0.2716	0.0876	-0.1381	-0.3936	-0.4215	0.0337	-0.4904	-0.3399	-0.1003	-0.4839	0.5174	0.0782	-0.279	0.2492	-0.0881	-0.0049	0.2684	0.0121	0.2603	0.2647	-0.1434	0.1774	-0.4629	0.3905	0.0216	0.0196	-0.0866	-0.1249	-0.1341	0.2025	0.1527	-0.1596	0.3816	0.0974	0.279	0.0106	0.2056
LH_SalVentAttn_Med_1	0.504	0.105	0.31	0.401	0.0471	0.1975	0.2894	-0.0045	0.1739	0.4441	0.2659	0.4789	0.2871	0.3162	-0.0635	-0.2159	0.1227	0.1302	0.1484	-0.1489	0.1716	0.5587	-0.1998	-0.1263	0.2191	-0.0861	0.2447	0.4678	-0.255	0.2876	0.399	0.2113	0.1361	0.0621	0.1747	0.1764	0.3449	0.2942	0.2325	0.3979	0.2842	0.2736	-0.0163	0.0088	0.2605	0.1785	0.1113	0.2927	0.3771	0.2041	0.2895	1.0	0.3857	0.4604	-0.0577	-0.1226	0.2837	0.0621	0.0194	-0.0684	-0.5553	-0.2477	-0.0449	-0.1969	-0.117	-0.3675	-0.2781	0.0507	-0.0492	-0.265	-0.0594	0.1514	0.1254	-0.1761	-0.455	-0.092	-0.4656	-0.3116	-0.1132	-0.0428	-0.0975	-0.4116	-0.0652	0.0603	-0.1971	-0.0452	-0.0136	-0.0735	-0.147	0.1427	-0.3257	-0.0735	-0.4176	-0.2278	-0.1173	0.0826	-0.1508	-0.145	-0.3029	0.0848	0.2334	0.0505	0.1646	0.4235	0.0145	0.2028	0.0122	0.0369	0.4374	0.4577	0.146	0.121	0.3347	0.3444	0.2477	0.0034	-0.0747	-0.0763	0.1062	-0.0318	0.1918	0.0736	0.4106	0.0688	0.3086	0.2175	-0.0427	0.4653	0.1666	0.4839	0.377	0.3073	-0.2194	0.0444	0.354	0.284	0.2041	-0.1879	0.1932	0.0567	0.2392	0.3045	0.1865	0.4581	0.3354	0.1373	0.0536	-0.0144	0.0839	0.1866	0.2228	-0.04	0.0876	0.1723	0.3284	0.3822	0.3162	0.3702	-0.1391	0.0664	-0.1314	0.1825	0.1167	0.1078	-0.2326	-0.5596	-0.4176	-0.321	-0.2115	-0.5326	-0.3944	-0.0823	-0.0812	-0.0969	-0.4333	-0.5241	0.1564	0.0429	0.0478	-0.0176	-0.182	0.0041	-0.3061	-0.6481	-0.3852	-0.6607	0.0414	-0.5198	-0.1118	-0.0902	-0.1475	-0.2173	0.2693	-0.1062	-0.3522	-0.1752	-0.3018	0.1116	-0.252	-0.2922
LH_SalVentAttn_Med_2	0.5287	0.0809	0.1516	0.5897	-0.0325	0.2235	0.3958	-0.1071	-0.0051	0.6325	0.3793	0.4337	0.5777	0.3138	0.0078	0.2001	0.0214	0.2936	0.1855	-0.2752	0.3032	0.2371	-0.2794	-0.3241	0.3714	-0.3635	0.0773	0.4201	-0.3136	0.2623	0.1083	0.2479	0.0514	0.3147	0.0709	0.1974	0.4869	0.4333	0.6878	0.6758	0.5737	0.5481	-0.1391	0.383	0.528	0.6044	0.4476	0.4758	0.4694	0.3927	0.5188	0.3857	1.0	0.3069	-0.3666	0.0351	-0.0116	-0.3253	-0.0695	-0.1546	-0.4122	-0.1871	0.1443	-0.3689	-0.4904	-0.644	-0.5091	-0.102	-0.3823	-0.5768	0.2858	0.2543	0.2727	-0.3532	-0.6696	-0.394	-0.629	-0.5015	0.0858	0.0685	0.1197	-0.6782	-0.2743	-0.1479	-0.1817	-0.2922	-0.1729	-0.2179	-0.4566	-0.1178	-0.8134	-0.5777	-0.7747	-0.4613	-0.4244	0.0134	-0.4197	-0.3269	-0.3082	-0.146	0.1972	0.1622	0.2766	0.5176	-0.013	0.3823	0.3107	0.1548	0.5488	0.5744	0.1441	0.4211	0.6094	0.33	0.1184	0.1897	-0.0648	-0.15	-0.0386	0.1766	-0.074	-0.1006	0.7009	-0.2736	0.2505	0.2623	-0.2692	0.0589	-0.1444	0.1997	0.2562	0.0008	-0.4978	-0.3957	0.1645	0.2959	-0.0696	0.235	0.2104	0.6126	0.35	0.4785	0.7868	0.6056	0.2429	0.5737	0.344	0.2218	0.3536	0.4848	0.3029	0.2103	0.439	0.5504	0.5266	0.263	0.8141	0.2902	-0.106	0.2068	0.131	0.0519	-0.089	0.0302	0.2891	-0.1092	-0.1433	-0.1375	-0.0069	-0.4912	-0.3849	0.2797	-0.0766	0.3321	-0.1788	-0.3493	0.6316	0.2472	0.1445	0.0408	-0.413	0.464	-0.0447	-0.4569	-0.2252	-0.4731	0.4877	-0.3607	-0.3217	0.039	-0.2812	-0.0388	0.2096	-0.2028	-0.5693	0.0435	-0.0096	-0.0375	-0.1127	0.1982
LH_SalVentAttn_Med_3	0.2743	0.3689	0.3153	0.357	0.2768	0.1081	0.3151	0.0986	0.3043	0.4279	0.3958	0.3975	0.4495	0.4608	-0.1452	-0.1189	0.0003	0.2257	0.0161	-0.0411	0.5323	0.7822	-0.2785	-0.3819	-0.0576	-0.2276	0.0538	0.502	-0.4518	0.3435	0.0565	0.0117	-0.1481	0.0718	0.1462	-0.054	0.0949	0.3941	-0.0927	0.2913	0.1735	-0.0839	-0.2061	0.2449	0.3948	0.2194	0.2229	0.0669	0.4063	0.3511	0.2605	0.4604	0.3069	1.0	-0.1704	-0.2108	0.0355	0.0132	-0.0989	-0.0505	-0.3688	-0.2158	-0.1959	-0.3791	-0.3248	-0.2779	-0.4515	-0.1926	-0.3514	-0.3545	-0.1488	0.1157	-0.0879	-0.1533	-0.4668	-0.2385	-0.3023	-0.2091	-0.1751	-0.4406	0.0189	-0.4754	-0.0015	-0.3089	0.0921	-0.1701	0.0886	-0.2165	-0.1911	0.0982	-0.4014	-0.1757	-0.4222	-0.4204	0.1318	-0.3131	-0.2837	-0.3358	-0.5216	-0.4877	0.1031	-0.2011	0.2586	0.4758	0.1586	0.3366	-0.2505	0.3297	0.4608	0.2808	0.338	0.2799	0.3592	0.5326	0.3893	0.1801	0.1287	-0.1715	0.4344	0.341	0.2147	0.3245	0.5072	0.1728	0.561	0.3973	0.0358	0.3389	0.5476	0.4272	0.6794	-0.2998	-0.3158	0.0409	0.1917	0.2871	0.3905	-0.103	0.3366	0.1306	0.3232	0.3369	0.0335	0.4267	0.1427	0.1073	0.1759	0.1349	0.4656	0.4653	0.5768	0.3265	0.007	0.2647	0.4374	0.4378	0.2427	0.8743	-0.3846	0.0021	-0.262	0.0518	-0.0262	-0.0737	0.0832	-0.3124	-0.3941	-0.2614	0.0422	-0.4723	-0.2081	0.0353	-0.1518	0.2128	-0.1354	-0.2267	0.1646	0.1206	-0.1675	-0.1602	0.1091	-0.0709	-0.0876	-0.417	-0.3934	-0.5375	0.3095	-0.2886	0.1666	0.2192	-0.3676	-0.1811	0.092	-0.1834	-0.1574	-0.0958	-0.2098	-0.1023	-0.2333	-0.2632
LH_Limbic_OFC_1	-0.3027	-0.2757	-0.1536	-0.3778	-0.2131	-0.1898	-0.2487	-0.0998	-0.0276	-0.2028	-0.354	-0.1422	-0.349	-0.3498	0.1997	0.1352	-0.1105	0.1574	-0.1518	0.1889	-0.0803	-0.0618	0.0066	0.0432	-0.1763	0.1686	-0.0272	-0.3888	0.0229	-0.1599	0.2484	0.2336	0.2925	-0.1422	-0.1773	0.1466	-0.2851	-0.2084	-0.3566	-0.2889	-0.4067	-0.2578	0.4244	0.0253	0.0576	0.0072	0.0837	0.2456	0.2666	0.2011	-0.3328	-0.0577	-0.3666	-0.1704	1.0	0.1955	0.1143	0.0885	0.1875	0.1054	0.3289	0.3752	0.2319	0.5025	0.4694	0.517	0.5005	0.2282	0.5308	0.3496	-0.1061	0.1214	0.0778	-0.0408	0.3907	0.3052	0.4358	0.4586	0.133	0.1261	0.0417	0.2894	0.2238	0.0063	0.4686	0.0503	0.323	0.0694	0.18	0.0079	0.3921	0.3524	0.3408	0.0963	-0.1211	0.0204	0.1074	0.1954	0.2854	0.222	0.0059	-0.0835	-0.4598	-0.3156	-0.3539	-0.4518	-0.0176	-0.438	-0.2757	-0.1608	-0.3692	-0.3317	-0.2655	-0.3925	-0.3366	-0.1501	0.0265	-0.0062	-0.1252	0.1219	0.2055	0.0297	-0.1218	0.017	-0.1891	-0.2959	0.1817	-0.2033	-0.026	-0.1564	-0.2189	0.069	0.0066	0.0606	-0.1085	-0.3069	0.0323	-0.1186	-0.2383	-0.3797	-0.1876	-0.3876	-0.3759	-0.2815	-0.2818	-0.5156	0.0319	-0.0832	0.0292	-0.0216	-0.0935	0.1133	0.1287	0.0488	0.0282	-0.2349	-0.2278	-0.252	0.292	0.2365	-0.1657	0.0531	0.445	-0.0035	-0.1728	-0.0558	-0.0153	0.1224	0.388	0.197	0.2518	0.0709	0.2404	-0.519	-0.2632	-0.0116	-0.2219	0.0276	0.2713	-0.039	0.0106	-0.3694	-0.1945	-0.1139	0.0351	0.1569	-0.2242	-0.0795	0.1308	0.2484	0.1591	-0.0478	-0.0095	-0.0379	-0.0789	-0.3076	-0.3443	-0.0834	-0.0166	-0.1475
LH_Limbic_OFC_2	-0.2497	0.0562	0.0522	0.0093	0.0964	-0.1144	-0.0966	0.1528	0.0051	-0.1532	-0.1044	-0.1186	-0.1179	-0.0869	0.0323	0.2752	0.0373	0.0302	0.258	-0.0535	-0.0153	-0.1484	0.1898	0.1134	0.0529	0.1601	0.1538	-0.0708	0.1196	0.0037	0.1785	0.1245	0.1837	-0.0143	-0.0749	0.0512	-0.1111	-0.0203	0.0143	0.1504	-0.0298	-0.0718	0.1273	0.0266	-0.0608	0.0735	0.0778	0.0862	0.0517	0.1132	-0.1387	-0.1226	0.0351	-0.2108	0.1955	1.0	0.0805	-0.0071	-0.0281	0.4067	0.179	0.2605	0.1541	0.1849	0.1806	0.2261	0.1648	0.0595	0.1313	-0.0524	0.0298	0.1709	0.1001	-0.1334	0.0745	-0.0213	0.1682	0.1373	-0.2149	-0.0394	-0.1759	-0.0377	-0.0441	0.0512	0.1557	-0.0094	-0.0504	-0.0311	-0.0818	-0.127	0.097	0.0823	0.0456	-0.1078	-0.2837	-0.1056	-0.1586	-0.0698	0.0249	-0.0133	0.1961	-0.1629	-0.1294	-0.1111	-0.0246	-0.1271	0.0129	0.0434	-0.2024	0.0241	-0.1387	-0.1091	-0.2053	-0.2292	-0.1446	-0.0349	-0.3158	0.1774	-0.0623	-0.0274	0.052	-0.0099	-0.2171	-0.0058	-0.0128	0.1905	0.199	-0.0561	-0.0146	-0.0058	-0.0439	0.0217	-0.0045	-0.0666	-0.01	0.1576	-0.2096	0.1708	-0.1087	0.0579	-0.0418	-0.0956	0.0059	-0.0321	0.1267	0.0227	0.0326	0.1158	-0.0063	-0.0159	-0.0595	0.3248	0.0513	0.0027	-0.0585	-0.0641	0.1363	-0.1623	0.4699	0.4107	0.1001	0.0746	0.2323	0.1547	0.151	0.1484	0.1151	0.0923	0.2727	0.1422	0.2444	0.1708	0.1194	-0.0537	-0.0964	0.053	0.0349	0.1693	-0.1412	-0.1234	-0.0535	0.0065	-0.1408	-0.0304	0.0298	0.1341	-0.1876	0.0379	-0.0646	0.0554	-0.1017	-0.0366	0.3107	0.0069	-0.0765	-0.1508	-0.0131	-0.146	0.0133	-0.0353
LH_Limbic_TempPole_1	-0.0593	-0.2745	-0.0222	-0.1608	-0.1167	0.2618	0.0177	-0.3111	-0.19	0.0383	-0.2675	-0.0132	-0.3339	-0.1531	-0.1322	-0.1348	0.1375	-0.1159	0.0996	-0.043	0.0264	-0.0014	0.2051	-0.0034	0.3159	0.0972	0.098	0.1287	0.1718	0.1873	0.3784	-0.0682	-0.015	0.0119	0.1172	0.0437	0.0526	0.0444	0.0771	0.121	-0.0485	0.2191	0.0016	-0.2128	-0.133	-0.1768	-0.0337	0.1094	-0.0705	0.0765	0.2115	0.2837	-0.0116	0.0355	0.1143	0.0805	1.0	0.339	0.2376	0.1845	-0.1103	-0.1735	-0.1794	-0.1221	0.0765	0.0211	0.2292	0.111	0.2075	0.1887	-0.046	-0.0668	0.0545	0.2894	-0.0198	0.2696	0.1525	0.102	0.1398	0.1289	-0.0803	0.1021	0.0967	0.3931	0.1374	0.3384	0.2606	0.3258	0.2141	0.2862	0.0381	0.3683	0.1178	0.1591	0.0314	0.3273	0.1677	0.066	0.1473	0.4653	0.1443	0.1918	-0.4645	-0.4166	-0.331	-0.2162	0.1186	-0.2584	-0.0571	0.3052	-0.2913	-0.4427	-0.2184	-0.3072	-0.1392	-0.1294	-0.276	-0.0204	-0.1373	-0.3547	0.0032	-0.1671	-0.1282	-0.0135	-0.0164	0.0845	0.0886	0.4406	0.0711	0.1596	0.1469	0.2489	0.1576	0.1718	-0.0445	-0.1457	0.1361	-0.3355	0.2077	-0.2303	-0.179	-0.2355	0.0191	0.0366	0.0702	-0.0759	-0.1981	-0.0461	-0.3102	-0.243	-0.1362	-0.1462	-0.1786	0.0035	-0.2302	-0.0704	-0.0131	0.0224	0.2659	0.1682	0.1701	0.3375	0.4014	0.3236	-0.2666	-0.2701	-0.3946	-0.3917	0.062	-0.3171	0.1002	-0.1996	-0.1364	-0.0646	-0.1719	-0.0922	-0.089	-0.2772	-0.1072	0.1469	0.0397	-0.0448	0.0905	-0.1203	0.1459	-0.3481	-0.0194	-0.0291	0.0708	-0.0081	0.0314	-0.1971	0.2051	0.1778	-0.06	0.0499	-0.393	0.4398	0.0802	0.0174
LH_Limbic_TempPole_2	-0.0762	0.0166	-0.0323	0.0591	0.1337	0.3426	0.2657	-0.147	0.1624	0.0707	-0.1448	0.0351	-0.1945	-0.0009	-0.1179	-0.3076	-0.0108	-0.3393	-0.3188	-0.2593	-0.2049	0.0336	-0.1818	-0.1093	-0.2618	-0.0545	0.0894	-0.2143	0.0988	-0.1025	0.2167	-0.1891	-0.0191	-0.3774	-0.156	-0.1592	-0.1773	-0.122	-0.0765	-0.2511	-0.2557	-0.1777	-0.2925	-0.4441	-0.3456	-0.3845	-0.342	-0.3397	-0.0381	-0.2562	-0.1741	0.0621	-0.3253	0.0132	0.0885	-0.0071	0.339	1.0	0.2749	-0.1049	-0.1373	-0.1508	-0.2351	0.086	0.3226	-0.0185	0.086	-0.149	0.0842	-0.0044	0.0809	0.1192	-0.1978	0.2293	0.1983	0.3337	0.0603	0.0155	0.0818	0.3241	-0.0551	0.4796	0.0944	0.5028	-0.079	0.5385	0.2177	0.4686	0.3765	0.1594	0.3438	0.0676	0.2552	0.4358	0.1102	0.3981	0.5368	0.3705	0.3218	0.3498	0.3332	0.3164	-0.3351	-0.2082	-0.1346	-0.2854	0.0542	0.0014	0.0357	0.0647	-0.1288	-0.2727	-0.002	-0.1944	0.0199	-0.339	-0.2732	-0.0686	-0.0998	-0.2229	0.0125	-0.3569	-0.241	0.0006	-0.2008	0.0242	-0.1331	0.2029	0.0425	0.1698	-0.0236	0.0356	0.1829	0.0755	-0.2425	-0.4063	-0.1012	-0.4596	-0.0258	-0.3384	-0.2081	-0.2898	-0.3003	-0.1606	-0.1363	-0.3393	-0.4297	-0.1589	-0.4122	-0.3811	-0.2673	-0.2738	-0.2972	-0.349	-0.3164	-0.0221	-0.2636	-0.0711	0.1281	-0.0834	0.0518	0.2073	0.3306	0.2026	-0.3696	-0.367	-0.2004	-0.2536	-0.102	-0.2508	-0.0332	-0.407	-0.2854	-0.3147	-0.3681	-0.0972	-0.1237	-0.0831	-0.1069	-0.014	-0.0559	-0.1727	0.2244	0.1331	0.023	-0.0495	-0.1812	-0.1056	0.0022	-0.167	0.438	0.2162	0.0404	0.3767	0.1771	0.1073	-0.2909	0.5522	0.3952	0.1582
LH_Limbic_TempPole_3	-0.2634	-0.4388	-0.2784	-0.3459	-0.1959	0.0183	-0.1154	-0.1796	-0.2416	-0.2548	-0.4176	-0.044	-0.4823	-0.2766	0.2172	-0.1949	0.2463	-0.0477	0.1258	0.1981	0.057	-0.0365	0.1986	0.0886	0.0443	0.3001	0.2865	-0.0899	0.3451	0.1774	0.1889	-0.1451	-0.247	-0.0134	-0.0842	-0.1403	-0.1089	-0.2079	0.04	0.0415	-0.1176	0.0675	-0.1254	-0.2698	-0.2007	-0.158	-0.1426	-0.0968	-0.0469	0.1446	0.0428	0.0194	-0.0695	-0.0989	0.1875	-0.0281	0.2376	0.2749	1.0	0.0504	-0.1586	-0.2445	-0.1933	-0.1307	0.2276	-0.0396	0.1137	-0.0137	-0.08	-0.023	-0.1189	-0.065	-0.0416	0.3023	-0.0542	0.3509	0.0457	0.1203	0.2434	0.2578	0.2344	0.2025	0.0414	0.2317	-0.0279	0.2365	0.424	0.3517	0.3464	0.2338	-0.0199	0.0231	0.0675	0.2425	0.1988	0.3472	0.1833	-0.0744	0.1363	0.2286	-0.0045	0.3312	-0.3852	-0.3915	-0.4352	-0.234	0.07	-0.3401	-0.331	0.0261	-0.4388	-0.5827	-0.3012	-0.3994	-0.2028	-0.0834	-0.0865	0.1703	-0.0693	-0.3175	0.0553	0.0204	-0.1585	0.2593	-0.0633	0.1778	0.2128	0.2882	0.1025	0.0947	0.0231	0.3991	0.3399	0.3016	-0.2123	-0.1275	0.238	-0.2425	0.1996	-0.2468	-0.3047	-0.3346	0.0748	-0.0707	0.1694	-0.0482	-0.187	0.0374	-0.2911	-0.2044	-0.1876	-0.1625	-0.1143	-0.0761	-0.2113	-0.0068	-0.0262	-0.0271	0.2115	0.1812	0.1006	0.3297	0.3927	0.3575	-0.24	-0.24	-0.3293	-0.3082	-0.0974	-0.193	-0.0732	-0.2123	-0.1822	-0.0576	-0.0461	-0.1519	-0.1054	-0.2788	-0.0226	0.096	-0.0077	0.1078	0.3857	0.0587	0.227	-0.1111	0.0764	-0.021	0.0666	-0.0947	0.3689	0.2191	-0.0254	0.3851	0.0185	0.2998	-0.1823	0.3162	-0.0026	0.1437
LH_Limbic_TempPole_4	-0.2885	0.043	0.032	-0.3631	0.1334	-0.1255	-0.388	0.3483	0.0182	-0.466	0.0129	-0.3194	-0.1862	0.0365	0.0566	-0.1815	0.0263	-0.0744	0.0809	0.1569	0.0164	-0.0587	0.2564	0.2998	0.0493	0.2307	0.0797	-0.008	0.1181	0.1177	0.0376	-0.1422	-0.3036	-0.1032	-0.1394	-0.2144	-0.3131	0.0121	-0.2777	0.1076	-0.203	-0.2781	-0.1142	-0.1811	0.0192	0.0116	0.0994	-0.1975	-0.1987	0.1374	0.0109	-0.0684	-0.1546	-0.0505	0.1054	0.4067	0.1845	-0.1049	0.0504	1.0	0.1396	-0.0839	-0.1302	-0.1958	0.2081	0.2854	0.2009	-0.1775	0.0796	-0.0164	-0.3399	-0.2041	-0.2116	0.2007	0.0158	0.4093	0.377	0.3708	0.0857	-0.2781	0.1864	-0.0393	0.3566	-0.0397	0.3765	0.0226	0.2865	0.1133	0.3282	0.0112	0.109	0.2927	0.1569	-0.0989	0.0832	-0.1605	-0.0689	-0.2427	-0.1845	-0.126	0.0072	-0.2989	0.0113	-0.281	0.1691	-0.0122	-0.2192	0.1423	-0.4257	-0.2236	0.1103	-0.1113	-0.3669	-0.0217	-0.0007	-0.2481	-0.4645	0.1771	-0.0166	0.0771	-0.0156	-0.0013	-0.2998	0.1493	0.0371	0.1076	0.4884	0.1842	0.1929	0.2255	0.1287	0.2011	0.1139	0.2477	0.053	0.2683	0.2479	-0.1405	0.0826	-0.2522	-0.2541	-0.2777	-0.1412	0.083	0.0352	-0.1196	0.0614	0.3118	-0.1185	-0.0083	0.0318	0.575	-0.1676	-0.2713	0.0123	-0.2256	-0.1394	0.044	0.2155	0.4165	-0.1886	0.217	0.2666	0.4001	0.2472	0.087	-0.3257	-0.2508	0.1522	0.1766	0.173	-0.0176	0.0187	0.1605	-0.0328	0.1757	-0.3069	-0.0495	-0.3243	-0.2534	0.2026	-0.1589	-0.0672	0.0111	0.384	0.0949	0.127	0.3381	0.4146	0.3061	0.1691	0.0021	0.1223	0.2886	0.1503	-0.1853	-0.2683	-0.1815	-0.0199	-0.3269
LH_Cont_Par_1	-0.5808	-0.3404	-0.4271	-0.3013	-0.3297	-0.4992	-0.2598	0.0134	-0.3941	-0.4546	-0.5174	-0.6384	-0.413	-0.6387	-0.0587	0.1756	-0.2088	0.0439	0.0134	0.2634	-0.2554	-0.4526	0.3427	0.2273	-0.1018	0.1714	-0.1183	-0.2241	0.2002	-0.3328	-0.2686	0.0021	0.0775	0.0192	-0.2534	0.0296	-0.3543	-0.4585	-0.1728	-0.3549	-0.2402	-0.1245	0.3886	-0.0989	-0.0946	0.002	0.0683	-0.027	-0.2824	-0.0138	-0.2314	-0.5553	-0.4122	-0.3688	0.3289	0.179	-0.1103	-0.1373	-0.1586	0.1396	1.0	0.6025	0.3575	0.5102	0.0649	0.727	0.755	0.4134	0.4406	0.5072	0.0706	0.094	-0.0525	0.1444	0.6428	-0.0011	0.6704	0.5363	0.0057	-0.0179	0.0298	0.4022	-0.127	-0.1687	0.2586	-0.0565	-0.1243	-0.1698	-0.0346	-0.38	0.4884	0.4307	0.6257	0.1213	0.0406	-0.3059	0.1407	0.3354	0.3885	-0.0862	-0.4011	-0.3588	-0.4219	-0.4468	-0.2578	-0.1113	-0.1214	-0.3306	-0.3748	-0.4621	-0.4427	-0.1836	-0.3492	-0.4309	-0.6469	-0.0307	0.1116	0.2049	-0.1702	0.0271	-0.2054	0.0044	-0.4302	-0.0322	-0.4063	-0.4154	0.0667	-0.5065	-0.212	-0.336	-0.3464	-0.2779	0.1147	-0.072	-0.4028	-0.3043	-0.3524	0.1674	-0.5043	-0.213	-0.3931	-0.5529	-0.3507	-0.4028	-0.5	-0.2438	0.0204	0.0102	-0.012	-0.1822	-0.1993	0.1325	0.0972	-0.0667	-0.2605	-0.46	-0.3363	-0.436	0.1913	-0.2279	0.1272	-0.0698	-0.2003	-0.3077	0.3901	0.7818	0.4692	0.4014	0.4625	0.7031	0.7273	0.357	0.3849	-0.0038	0.5308	0.6844	-0.2696	0.1172	-0.0032	-0.1443	0.3038	-0.3364	-0.0168	0.6275	0.3069	0.5814	-0.2564	0.5546	0.25	0.2198	-0.2006	-0.1847	-0.3275	-0.1334	0.3719	-0.1408	0.3389	-0.326	0.1088	0.2253
LH_Cont_Par_2	-0.2056	-0.0751	-0.0098	-0.0265	-0.2552	-0.3635	0.0489	0.0689	-0.1892	-0.0688	-0.2632	-0.3721	-0.0748	-0.3449	0.1091	0.4112	-0.2505	0.2611	0.1235	-0.0176	-0.0857	-0.3068	-0.0875	-0.0779	-0.0842	-0.1921	-0.047	-0.1759	-0.2256	-0.453	0.0844	0.5762	0.7338	0.1476	-0.0851	0.5471	0.0905	-0.0691	-0.0888	-0.0845	0.0186	-0.0142	0.7388	0.3733	0.225	0.2826	0.0726	0.3378	0.0807	0.1519	-0.4629	-0.2477	-0.1871	-0.2158	0.3752	0.2605	-0.1735	-0.1508	-0.2445	-0.0839	0.6025	1.0	0.6794	0.6357	-0.0797	0.5909	0.3635	0.4556	0.5871	0.3635	0.3435	0.4008	0.0761	-0.4422	0.2709	-0.3554	0.2443	0.3505	0.0342	0.0612	-0.1726	-0.0196	-0.3971	-0.3532	0.2351	-0.4621	-0.335	-0.568	-0.4919	-0.4937	0.1389	0.1096	0.1599	-0.3159	-0.3761	-0.3885	-0.2235	0.098	0.3043	-0.1016	-0.0674	-0.3757	-0.2388	-0.0149	-0.1563	-0.1426	0.009	-0.2801	-0.0071	-0.1443	-0.3483	0.0416	-0.068	-0.2801	-0.3594	0.0865	0.173	-0.0503	-0.1367	0.0869	0.0436	-0.1164	-0.0222	-0.174	-0.1764	-0.2532	-0.2605	-0.443	-0.4	-0.356	-0.3393	-0.3805	-0.3312	-0.3726	0.0955	0.0102	-0.347	0.4949	-0.3461	0.2118	0.2557	-0.0458	-0.1245	-0.149	-0.0975	-0.2465	0.3963	0.0944	0.3739	0.1627	0.1751	0.04	0.3212	0.2666	0.0401	-0.175	-0.0176	-0.3515	0.1701	-0.0569	-0.043	-0.2031	-0.1546	-0.4922	0.1694	0.4495	0.6771	0.6718	0.2114	0.4699	0.5719	0.4542	0.6322	-0.383	0.0771	0.2098	0.1803	0.4441	0.2134	-0.2308	-0.2015	-0.1918	-0.4003	0.015	-0.2891	0.2541	-0.2748	-0.0966	-0.0489	0.0765	-0.4102	-0.347	-0.2084	-0.6079	-0.2157	-0.5113	0.0236	-0.3946	-0.1038	0.0912
LH_Cont_Par_3	0.0687	-0.2282	-0.108	0.1129	-0.4227	-0.1843	0.0257	-0.1443	-0.2898	0.0372	-0.1606	-0.195	0.0543	-0.3095	0.2276	0.419	-0.2036	0.4312	0.2505	-0.1321	-0.0935	-0.2652	-0.1115	-0.1801	0.0767	-0.2325	0.0256	-0.0017	-0.207	-0.447	0.1758	0.8399	0.6444	0.2686	-0.0639	0.6679	0.4262	0.0449	0.3809	0.1841	0.4773	0.4301	0.7323	0.3763	0.5328	0.7089	0.3613	0.6169	0.2855	0.4262	-0.1761	-0.0449	0.1443	-0.1959	0.2319	0.1541	-0.1794	-0.2351	-0.1933	-0.1302	0.3575	0.6794	1.0	0.6556	-0.109	0.1379	0.1277	0.4621	0.3603	-0.0133	0.1813	0.2006	0.2833	-0.6783	0.0286	-0.4912	-0.1657	-0.1108	0.0911	0.2749	-0.0134	-0.3147	-0.6261	-0.3799	-0.0558	-0.6035	-0.3869	-0.6007	-0.5856	-0.4738	-0.102	-0.1655	-0.1854	-0.2797	-0.3569	-0.3782	-0.4429	-0.1139	-0.0195	-0.0431	0.1073	-0.113	-0.1748	0.116	-0.3607	-0.1548	0.1544	-0.4045	0.0785	0.0075	-0.3531	0.1106	0.0541	-0.1889	-0.367	0.1215	0.2237	-0.0303	-0.1641	0.3456	0.0986	-0.1379	0.1	-0.2152	-0.1708	-0.054	-0.1834	-0.3502	-0.4102	-0.0367	-0.0938	-0.1204	-0.4045	-0.4585	0.1192	0.0554	-0.2962	0.6285	-0.1634	0.3168	0.2165	0.1151	0.3102	0.1689	0.067	0.2318	0.5801	0.1437	0.3714	0.453	0.1688	0.1307	0.5833	0.4382	0.3717	0.0414	0.3043	-0.2432	0.1258	0.0139	-0.1069	-0.3496	-0.1343	-0.3136	0.2962	0.3412	0.583	0.659	0.1752	0.3594	0.102	0.579	0.4522	-0.1898	-0.0138	-0.088	0.1241	0.2225	0.3938	-0.1305	-0.2536	0.2218	-0.4124	-0.1986	-0.4151	0.1854	-0.0682	-0.3208	-0.2598	0.1087	-0.3886	-0.3638	-0.0347	-0.6331	-0.4362	-0.33	0.2584	-0.3957	-0.3575	-0.0097
LH_Cont_Temp_1	-0.1153	-0.292	-0.2333	-0.1266	-0.4207	-0.2049	-0.2752	-0.2252	-0.3003	-0.2568	-0.3531	-0.3477	-0.2599	-0.4983	0.0611	0.2858	-0.1864	0.096	0.0174	-0.0709	-0.4122	-0.3236	0.0558	0.0761	-0.09	0.1511	0.0027	-0.2727	-0.0036	-0.5416	0.1724	0.512	0.584	-0.0522	-0.1099	0.4011	0.0344	-0.3339	-0.0242	-0.2614	-0.0012	0.103	0.6393	0.0216	-0.0102	0.1114	-0.0879	0.1922	0.0095	-0.1133	-0.3963	-0.1969	-0.3689	-0.3791	0.5025	0.1849	-0.1221	0.086	-0.1307	-0.1958	0.5102	0.6357	0.6556	1.0	0.3282	0.4692	0.4758	0.4792	0.5922	0.3436	-0.0148	0.0978	0.1746	-0.3007	0.6173	-0.1357	0.3091	0.2552	-0.0248	0.3266	-0.0915	0.3171	-0.314	-0.0571	0.0018	-0.1684	-0.2334	-0.1736	-0.1552	-0.279	0.5388	0.2707	0.388	0.2575	-0.1239	-0.1218	0.0653	0.4364	0.3033	0.2011	0.0284	-0.0797	-0.2625	-0.179	-0.3782	-0.25	0.1044	-0.4907	-0.2041	-0.2936	-0.388	-0.1276	-0.186	-0.3529	-0.424	0.0775	0.2502	0.146	-0.0748	0.1075	0.2162	-0.0798	-0.2668	-0.1597	-0.4409	-0.3426	-0.0747	-0.4522	-0.3302	-0.1725	-0.3223	-0.0743	0.0312	-0.2497	-0.0905	-0.3543	-0.4198	0.191	-0.5057	-0.2108	-0.0997	-0.2479	-0.2518	-0.3149	-0.2508	-0.1823	-0.0124	-0.2365	0.0379	-0.1074	-0.2492	-0.1066	0.2075	-0.0621	-0.1409	-0.0796	-0.2599	-0.4803	0.2125	-0.1417	-0.1253	-0.2677	0.0113	-0.3921	-0.1525	0.1827	0.5474	0.5902	0.0968	0.4668	0.1903	0.1093	0.2794	-0.5328	-0.0285	0.0172	-0.2785	0.0021	0.3091	-0.1358	-0.0656	-0.1152	-0.4071	0.0594	-0.246	0.4338	-0.439	-0.1683	-0.1236	-0.159	-0.1724	-0.3073	-0.0606	-0.3771	-0.0164	-0.2207	0.2472	-0.1724	-0.1064	-0.0706
LH_Cont_OFC_1	-0.2907	-0.114	-0.2408	-0.4036	-0.1285	0.0501	-0.4621	-0.1417	0.0048	-0.4161	-0.2727	-0.2094	-0.4346	-0.2995	-0.1524	-0.232	-0.0035	-0.4145	-0.2403	-0.0363	-0.3507	-0.18	0.1714	0.3738	-0.323	0.435	-0.08	-0.3627	0.4258	-0.0171	0.2092	-0.1514	-0.0989	-0.3816	-0.2444	-0.2913	-0.4411	-0.4301	-0.3507	-0.4538	-0.2889	-0.2262	0.0855	-0.4789	-0.4907	-0.4317	-0.3644	-0.2031	-0.1775	-0.3118	-0.2421	-0.117	-0.4904	-0.3248	0.4694	0.1806	0.0765	0.3226	0.2276	0.2081	0.0649	-0.0797	-0.109	0.3282	1.0	0.3232	0.418	0.1403	0.3232	0.3752	-0.3328	-0.1629	-0.0517	0.2212	0.5142	0.446	0.3545	0.2277	0.0598	0.2367	-0.0886	0.5212	0.4063	0.4042	0.0945	0.3664	0.3752	0.462	0.4692	0.3443	0.6175	0.4949	0.5224	0.6269	0.2527	0.2749	0.3861	0.4257	0.1891	0.4093	0.0328	0.113	-0.1775	-0.3917	-0.1597	-0.356	0.0185	-0.2882	-0.3702	-0.3585	-0.1617	-0.3961	-0.3944	-0.3598	-0.1997	-0.3312	-0.3086	-0.0162	-0.2308	-0.2216	-0.0723	-0.188	-0.428	0.0615	-0.3731	-0.2068	0.2578	-0.1799	0.0446	0.0034	-0.2284	0.3563	0.4464	0.1295	-0.2855	-0.3845	-0.1049	-0.4409	-0.2606	-0.6249	-0.5168	-0.5328	-0.4566	-0.5518	-0.252	-0.4062	-0.3573	-0.1584	-0.508	-0.5132	-0.3676	0.0418	-0.3526	-0.5368	-0.3481	-0.3696	-0.5603	-0.3742	-0.0085	0.0999	-0.1387	0.0811	0.2397	0.2595	-0.325	-0.2178	-0.1536	-0.1596	0.0587	0.1684	-0.059	-0.4003	-0.1554	-0.2862	-0.2044	0.0484	-0.5266	-0.328	0.1205	0.0495	0.1896	-0.2118	0.0322	0.1046	0.197	0.2385	-0.2099	0.0434	0.1047	-0.0576	0.5219	0.2015	0.1379	0.3736	0.3053	0.2207	-0.0379	0.2397	0.1363	-0.1381
LH_Cont_PFCl_1	-0.5784	-0.2238	-0.2177	-0.4715	-0.1853	-0.3191	-0.361	0.0995	-0.2326	-0.4746	-0.4552	-0.5347	-0.4869	-0.4841	-0.0486	0.0123	-0.1222	-0.0833	-0.0417	0.2688	-0.1855	-0.2768	0.3304	0.4207	-0.2729	0.3535	-0.0426	-0.3598	0.2014	-0.2065	-0.027	-0.0516	0.168	-0.2326	-0.2287	-0.053	-0.4978	-0.438	-0.6063	-0.4629	-0.4534	-0.4024	0.4841	-0.1498	-0.295	-0.2992	-0.1531	-0.1332	-0.2788	-0.1584	-0.5156	-0.3675	-0.644	-0.2779	0.517	0.2261	0.0211	-0.0185	-0.0396	0.2854	0.727	0.5909	0.1379	0.4692	0.3232	1.0	0.6762	0.3212	0.7487	0.6829	-0.2562	-0.0694	-0.2155	0.1913	0.6304	0.1416	0.7614	0.7034	-0.0957	-0.2133	-0.1919	0.393	0.1249	-0.2089	0.4937	-0.0982	0.1183	-0.1553	0.0937	-0.1359	0.6325	0.6974	0.7024	0.0549	0.0966	-0.3065	0.06	0.2586	0.2408	0.0182	-0.2256	-0.4692	-0.312	-0.4738	-0.0854	-0.1524	-0.1913	-0.2605	-0.3964	-0.4534	-0.2933	-0.3027	-0.4808	-0.3309	-0.3803	-0.0791	-0.0596	0.1876	-0.0678	-0.1795	-0.1484	0.0476	-0.4092	0.0513	-0.1978	-0.3535	0.1789	-0.3963	-0.0845	-0.3611	-0.3832	-0.0928	0.2412	0.1295	-0.1544	-0.1424	-0.1974	-0.0132	-0.4927	-0.489	-0.2655	-0.5382	-0.6797	-0.5909	-0.3464	-0.585	-0.006	-0.0038	-0.0869	-0.3167	-0.023	0.0432	-0.1407	-0.2591	-0.305	-0.4073	-0.6005	-0.3332	0.1265	-0.0778	-0.1908	0.0866	0.04	-0.2414	0.0452	0.4342	0.2851	0.2952	0.206	0.6527	0.6152	0.1053	0.4854	-0.3131	0.2978	0.582	-0.5035	-0.0439	-0.0465	-0.238	0.3417	-0.5948	-0.2376	0.3203	0.2287	0.4221	-0.4486	0.3371	0.3819	0.2213	-0.0836	-0.272	-0.3192	-0.1758	0.3449	-0.3573	-0.009	-0.3159	-0.0837	-0.1783
LH_Cont_PFCl_2	-0.5315	-0.4604	-0.4271	-0.4346	-0.4193	-0.2904	-0.4093	-0.0705	-0.3784	-0.5245	-0.6587	-0.5576	-0.6646	-0.6905	-0.0948	0.0361	-0.1033	-0.0643	0.0556	0.246	-0.3252	-0.4168	0.4217	0.4114	0.0069	0.394	-0.0522	-0.2381	0.4472	-0.2095	0.0327	-0.1125	0.0187	-0.0661	-0.2238	-0.0578	-0.3878	-0.5219	-0.1541	-0.3733	-0.3258	-0.0158	0.3291	-0.3384	-0.2968	-0.2481	-0.0365	-0.006	-0.2564	-0.0966	-0.1386	-0.2781	-0.5091	-0.4515	0.5005	0.1648	0.2292	0.086	0.1137	0.2009	0.755	0.3635	0.1277	0.4758	0.418	0.6762	1.0	0.5576	0.5518	0.6934	0.0123	0.0188	0.1325	0.312	0.7044	0.3191	0.6438	0.5471	0.1248	0.2527	0.0307	0.5982	0.046	0.2419	0.1626	0.2821	0.0786	0.174	0.2118	-0.0761	0.6273	0.6842	0.7495	0.4728	0.1226	0.1416	0.3869	0.4702	0.5782	0.3481	-0.2799	-0.0187	-0.5891	-0.6604	-0.3944	-0.3627	0.0121	-0.5581	-0.5156	-0.3842	-0.5871	-0.5515	-0.4823	-0.6261	-0.6712	-0.1978	-0.0101	0.2311	-0.2891	-0.2484	-0.14	-0.0618	-0.577	0.0757	-0.4678	-0.4831	0.1788	-0.2684	-0.146	-0.2262	-0.3849	0.1295	0.3707	0.1448	-0.3901	-0.4625	-0.1948	-0.2015	-0.4598	-0.4819	-0.5913	-0.7554	-0.3913	-0.5195	-0.3915	-0.3726	-0.27	-0.1937	-0.3156	-0.4648	-0.4515	0.0179	-0.1065	-0.2698	-0.4165	-0.5483	-0.4283	-0.5676	0.1943	-0.1831	0.1884	0.1155	0.075	-0.061	-0.0237	0.3938	0.1138	0.0664	0.3427	0.4548	0.5948	0.0684	0.1716	-0.2034	0.2854	0.4498	-0.383	-0.1656	0.0568	-0.0195	0.2599	-0.344	0.0575	0.4558	0.3511	0.3536	-0.2891	0.3722	0.1775	0.0026	0.0541	-0.1321	-0.102	0.087	0.3133	0.0509	0.1141	0.1278	0.1416	0.2071
LH_Cont_PFCl_3	-0.1434	-0.4254	-0.2246	0.015	-0.6069	-0.2732	-0.1508	-0.05	-0.5483	-0.1315	-0.4861	-0.2369	-0.3043	-0.5982	-0.0111	0.3384	0.0097	0.1527	0.371	0.0746	-0.15	-0.2297	0.2391	0.2311	0.0976	0.178	0.1173	0.1878	0.2666	-0.2877	0.2459	0.3584	0.3797	0.2824	0.0717	0.3788	0.14	-0.2909	0.2039	0.0223	0.3007	0.4637	0.6642	0.1086	0.0143	0.0408	0.0747	0.4602	0.0501	0.0603	0.1085	0.0507	-0.102	-0.1926	0.2282	0.0595	0.111	-0.149	-0.0137	-0.1775	0.4134	0.4556	0.4621	0.4792	0.1403	0.3212	0.5576	1.0	0.3934	0.5474	0.151	0.1307	0.4128	-0.1844	0.2858	-0.3271	0.0207	0.0859	-0.1712	0.2055	-0.2043	0.0641	-0.4208	0.0117	-0.2763	-0.0852	-0.2736	-0.2718	-0.342	-0.0138	0.2425	0.3852	0.2188	0.1929	0.1602	-0.0718	-0.0647	0.2277	0.2492	0.1985	-0.2614	0.016	-0.3317	-0.1263	-0.4854	0.0233	0.0985	-0.5633	-0.0978	-0.0562	-0.5902	-0.3343	-0.1692	-0.4103	-0.5683	0.2463	0.3215	0.1836	-0.0057	-0.2205	0.0655	0.1206	-0.1818	0.1775	-0.1444	-0.1201	0.099	-0.1586	-0.1085	-0.0998	-0.1272	0.0871	0.134	0.0008	-0.1253	-0.0642	-0.1362	0.0728	-0.3688	-0.1037	-0.252	-0.2952	0.0322	-0.1813	-0.0879	0.0621	-0.0347	-0.2423	0.0584	-0.1203	-0.1969	-0.0728	0.1353	0.2378	-0.1643	-0.0408	-0.0186	-0.3062	-0.0358	-0.2659	0.2304	-0.1741	-0.1408	-0.2293	-0.1263	0.2129	0.2051	0.1838	0.0443	0.2247	0.2197	0.293	0.1125	-0.0825	0.2986	-0.009	-0.0854	-0.0756	0.1371	0.2133	0.0899	-0.12	-0.2846	-0.0407	-0.2335	-0.0274	-0.3086	-0.1538	-0.2017	-0.2777	-0.3763	-0.4366	0.0703	-0.3954	-0.062	0.0624	0.3644	0.0105	-0.2898	0.0474
LH_Cont_PFCl_4	-0.1735	-0.2668	-0.1184	-0.3464	-0.3452	-0.1008	-0.2054	-0.0651	-0.2342	-0.2208	-0.3408	-0.3799	-0.339	-0.3952	-0.0748	0.0149	-0.1472	-0.0366	-0.0767	0.0439	-0.255	-0.2865	0.1011	0.3104	-0.1392	0.2017	-0.0193	-0.3788	0.0193	-0.3386	0.3496	0.281	0.5117	-0.0851	-0.1584	0.277	-0.1535	-0.2304	-0.2933	-0.3171	-0.1886	-0.0989	0.6685	-0.0605	-0.1041	-0.1019	-0.1427	0.1085	-0.0584	-0.1088	-0.5055	-0.0492	-0.3823	-0.3514	0.5308	0.1313	0.2075	0.0842	-0.08	0.0796	0.4406	0.5871	0.3603	0.5922	0.3232	0.7487	0.5518	0.3934	1.0	0.6428	-0.1295	-0.0067	-0.0301	-0.0489	0.4466	0.114	0.472	0.4645	0.1235	0.1313	-0.1836	0.2904	0.0105	-0.0195	0.4257	-0.1405	0.0831	-0.1144	0.0248	-0.1963	0.5168	0.5891	0.5043	0.0775	-0.1948	-0.0812	0.076	0.3332	0.3149	0.2993	0.1212	-0.1994	-0.2522	-0.2754	-0.1511	-0.2197	0.0725	-0.4239	-0.1373	-0.2392	-0.2718	-0.19	-0.2748	-0.3395	-0.2907	-0.1347	-0.0927	0.0022	-0.2692	-0.1767	-0.0735	-0.1901	-0.1541	-0.189	-0.1929	-0.4374	-0.1426	-0.3212	-0.3688	-0.3168	-0.4552	0.1012	0.043	-0.1917	0.1056	-0.1599	-0.1879	-0.0772	-0.3729	-0.3803	-0.0461	-0.3412	-0.4438	-0.4289	-0.2508	-0.5245	0.0856	-0.0212	-0.0828	-0.2289	0.03	-0.1155	0.0168	-0.121	-0.1407	-0.3874	-0.4267	-0.4796	0.1366	0.0944	-0.1822	0.0824	0.1789	-0.2564	-0.1866	0.11	0.2562	0.2522	0.1138	0.4107	0.3745	0.013	0.5216	-0.5567	-0.0919	0.2734	-0.3315	-0.0623	0.215	-0.2515	0.0602	-0.4268	-0.4126	-0.0276	0.0259	0.2109	-0.4219	-0.0379	0.1691	0.1358	-0.0721	-0.2947	-0.1574	-0.2527	0.0751	-0.4057	-0.1743	-0.1552	-0.0826	-0.1486
LH_Cont_PFCl_5	-0.3258	-0.2369	-0.1518	-0.4992	-0.2877	-0.1955	-0.3869	-0.0037	-0.2797	-0.4085	-0.412	-0.4362	-0.5007	-0.4671	-0.2907	-0.0779	-0.1596	-0.3077	-0.0474	0.1997	-0.2933	-0.3295	0.2593	0.3641	-0.2181	0.3694	-0.2518	-0.2833	0.2981	-0.2532	0.1177	-0.1203	0.1655	-0.0213	-0.0108	0.0215	-0.2977	-0.4099	-0.4222	-0.4968	-0.2961	-0.1427	0.4596	-0.2329	-0.4502	-0.5069	-0.3043	-0.0839	-0.4095	-0.3269	-0.2375	-0.265	-0.5768	-0.3545	0.3496	-0.0524	0.1887	-0.0044	-0.023	-0.0164	0.5072	0.3635	-0.0133	0.3436	0.3752	0.6829	0.6934	0.5474	0.6428	1.0	-0.0129	-0.0868	-0.0418	0.2941	0.6212	0.1694	0.5581	0.4919	-0.0065	0.0422	-0.1614	0.5464	0.0963	0.1748	0.1694	0.1666	0.1358	0.1059	0.1974	0.1573	0.6225	0.7731	0.7368	0.411	0.339	0.0589	0.3107	0.4106	0.4648	0.247	-0.3109	-0.1026	-0.2527	-0.4482	-0.0857	-0.2204	-0.1132	-0.4028	-0.3033	-0.3819	-0.2779	-0.3765	-0.4664	-0.4178	-0.3086	-0.0723	0.0869	0.0245	-0.0832	-0.3971	-0.1059	0.0128	-0.38	0.127	-0.2001	-0.4422	0.0416	-0.2282	-0.0555	-0.3702	-0.3309	-0.0401	0.3657	0.0869	-0.1181	-0.2538	-0.0111	-0.2688	-0.3438	-0.4126	-0.2936	-0.4386	-0.5117	-0.6275	-0.2907	-0.4625	-0.2981	-0.2748	-0.2748	-0.4919	-0.2423	-0.2349	-0.3683	-0.2529	-0.5	-0.4789	-0.6458	-0.4254	-0.1322	-0.2727	0.0393	-0.0498	-0.0843	-0.1159	-0.3061	0.18	0.1526	0.0445	0.047	0.3492	0.4427	-0.2097	0.18	-0.2749	0.3021	0.3919	-0.3496	-0.1857	0.0734	-0.0332	0.3315	-0.4437	-0.072	0.3029	0.1484	0.2179	-0.4713	0.2675	0.1666	-0.1286	-0.0169	-0.2057	-0.2065	-0.06	0.384	0.0187	0.0668	0.1079	0.0195	0.026
LH_Cont_pCun_1	0.0913	0.0322	0.0282	0.3457	-0.0272	-0.1192	0.4472	-0.0456	0.0016	0.341	-0.0317	0.0553	0.1838	-0.0452	0.0694	0.3182	-0.1415	0.0463	-0.0793	-0.3217	-0.1139	-0.2072	-0.3293	-0.3845	0.1465	-0.5174	-0.0879	0.0681	-0.2506	-0.2146	-0.0015	0.2175	0.401	0.2256	0.0499	0.3842	0.3047	0.1483	0.4629	0.1916	0.1681	0.2898	0.0011	0.2529	0.1552	0.2009	0.0947	0.2812	0.1081	0.0793	0.1821	-0.0594	0.2858	-0.1488	-0.1061	0.0298	-0.046	0.0809	-0.1189	-0.3399	0.0706	0.3435	0.1813	-0.0148	-0.3328	-0.2562	0.0123	0.151	-0.1295	-0.0129	1.0	0.7009	0.2131	-0.1574	-0.1172	-0.191	-0.2386	-0.0636	0.295	0.4315	0.1208	0.0382	-0.2684	0.2505	-0.2385	0.1411	-0.2454	-0.0174	-0.2652	-0.1651	-0.2968	-0.3551	-0.1905	-0.0613	-0.3218	0.3265	0.203	0.1563	0.5948	0.0933	-0.0272	0.1557	-0.2034	0.0865	-0.0926	-0.128	0.1532	-0.0228	0.2357	0.2871	-0.2231	0.1176	0.3363	-0.2055	-0.1927	0.0301	0.0801	-0.216	-0.1067	0.0052	-0.0564	-0.2777	0.236	-0.1558	-0.1415	-0.0454	-0.4453	0.0038	-0.3456	-0.1746	-0.1289	-0.3683	-0.3893	-0.362	-0.1124	-0.0966	-0.2053	0.1694	0.01	0.5719	0.1763	0.1202	0.434	0.2151	-0.0493	0.0882	-0.0228	-0.0138	0.161	0.1015	-0.1807	-0.1617	0.1535	0.2945	-0.0213	0.0056	0.4271	-0.2575	0.0908	-0.1411	0.4874	0.0233	-0.153	-0.0317	0.0209	0.0431	0.2278	0.052	0.1273	-0.3158	0.1731	0.0983	-0.0999	-0.0556	-0.1438	-0.1993	0.8079	0.6012	0.2299	0.1015	-0.5508	0.2154	0.237	0.0455	-0.1141	-0.2009	0.0827	-0.122	-0.3784	-0.2938	-0.0901	0.097	-0.0113	-0.1315	-0.3643	0.0428	-0.133	0.3036	0.4513	0.7027
LH_Cont_Cing_1	-0.0759	-0.0064	-0.0905	0.3797	-0.0341	-0.2281	0.4249	-0.0265	0.0664	0.3859	-0.131	0.0611	0.1465	-0.1173	0.0128	0.0939	-0.1413	0.083	-0.0641	-0.2584	-0.1123	0.0435	-0.3908	-0.3805	0.0009	-0.347	0.1206	0.1376	-0.3825	-0.0489	0.0631	0.2454	0.3502	-0.0621	-0.279	0.2677	0.0129	-0.095	0.2465	0.2953	0.0704	0.1072	0.0528	0.1308	0.2033	0.2317	0.1155	0.3269	0.252	0.1948	0.0949	0.1514	0.2543	0.1157	0.1214	0.1709	-0.0668	0.1192	-0.065	-0.2041	0.094	0.4008	0.2006	0.0978	-0.1629	-0.0694	0.0188	0.1307	-0.0067	-0.0868	0.7009	1.0	-0.0333	-0.1669	-0.1162	-0.1682	-0.1019	0.1162	0.1896	0.1371	0.0739	-0.0314	-0.2398	-0.0303	-0.0543	0.0024	-0.0761	-0.1456	-0.2276	-0.2239	-0.2216	-0.2724	-0.1454	-0.2261	-0.2961	0.045	0.1009	0.1648	0.3836	-0.1413	0.0077	-0.1637	-0.2522	0.1135	-0.1848	0.0385	0.0554	-0.0472	0.3312	0.1966	-0.2734	0.0836	0.3669	-0.1607	-0.2933	0.0111	-0.1034	-0.1863	-0.0207	0.0379	-0.0013	-0.145	0.3545	-0.1528	-0.104	-0.0117	-0.4059	-0.0171	-0.2299	-0.0242	0.0057	-0.3481	-0.5385	-0.3373	-0.1426	-0.0306	-0.2998	0.0845	-0.1443	0.3086	0.0987	-0.029	0.1945	0.1922	-0.1432	-0.1228	0.1005	0.2439	0.2186	0.1837	0.0357	0.1045	0.2487	0.2646	0.1072	0.1335	0.391	-0.0746	0.0221	-0.0746	0.1928	0.2156	0.0557	-0.1019	0.1367	0.0026	0.1384	0.0829	0.1809	-0.2331	0.2073	0.1608	0.057	-0.055	-0.2125	-0.1605	0.5852	0.7155	0.227	-0.0441	-0.4268	-0.0727	0.0818	-0.0969	-0.1236	-0.1823	0.0823	-0.1665	-0.097	-0.0708	-0.1381	-0.0443	-0.0961	-0.1683	-0.297	-0.1875	-0.2152	-0.0098	0.2608	0.432
LH_Cont_Cing_2	0.3405	-0.2029	0.0493	0.1036	-0.3003	0.0219	-0.0693	-0.1055	-0.2182	0.0308	-0.0236	0.1082	0.031	-0.0476	0.0817	0.4294	0.0332	0.2936	0.2468	-0.124	0.0045	-0.1438	0.041	-0.0633	0.314	-0.0463	-0.0717	0.2972	0.0761	-0.1616	0.2438	0.3438	0.3107	0.3156	0.2192	0.3468	0.5022	0.2256	0.4892	0.2447	0.4542	0.592	0.2506	0.2092	0.2218	0.2992	0.3045	0.4571	0.2416	0.193	0.1595	0.1254	0.2727	-0.0879	0.0778	0.1001	0.0545	-0.1978	-0.0416	-0.2116	-0.0525	0.0761	0.2833	0.1746	-0.0517	-0.2155	0.1325	0.4128	-0.0301	-0.0418	0.2131	-0.0333	1.0	-0.3526	-0.011	-0.2265	-0.325	-0.3545	0.0234	0.4556	-0.0508	-0.1881	-0.2983	0.0314	-0.3963	-0.0657	-0.3282	-0.1366	-0.37	-0.2204	-0.1716	-0.0462	-0.2328	0.0696	-0.2472	0.2198	-0.2127	-0.0863	0.0957	0.3451	0.1289	0.3851	-0.0642	0.0374	-0.2439	-0.0865	0.3705	-0.2489	-0.0941	0.1859	-0.2123	-0.116	-0.0282	-0.1283	-0.1245	0.0878	0.2367	0.0546	-0.087	0.068	0.0927	0.0094	-0.0624	-0.0118	-0.0466	0.0296	0.0361	-0.0122	-0.1222	-0.0678	0.0877	0.1514	0.006	0.0307	0.0683	0.0018	-0.0143	0.2541	0.063	0.3217	0.0607	0.174	0.4637	0.2054	0.2666	0.4517	0.027	-0.1969	0.106	0.1678	-0.0969	-0.0168	0.2028	0.2707	0.2108	0.0842	0.3902	-0.0778	0.0272	0.0802	0.1789	-0.1862	-0.0775	-0.0894	-0.0352	-0.0477	0.0352	0.0123	-0.0164	-0.1536	-0.1955	0.2125	-0.1369	-0.0139	-0.0636	-0.2851	0.241	-0.0848	0.1184	0.0862	-0.2339	0.4867	-0.0455	-0.2634	-0.2487	-0.1908	0.0502	-0.3905	-0.4175	-0.247	-0.2412	-0.2435	0.3127	-0.2968	-0.4153	0.1692	0.1793	0.1896	-0.1736	0.114
LH_Default_Temp_1	-0.4247	-0.2718	-0.336	-0.3429	-0.0167	-0.0927	-0.2288	-0.1316	-0.1954	-0.3151	-0.2179	-0.2449	-0.371	-0.2268	-0.2664	-0.5601	0.0277	-0.5739	-0.279	0.136	-0.2677	-0.1068	0.2599	0.3151	-0.0924	0.2998	-0.0505	-0.1667	0.4178	0.2532	-0.1601	-0.7249	-0.5993	-0.3395	-0.1811	-0.5238	-0.5437	-0.4045	-0.3197	-0.3128	-0.532	-0.3138	-0.4956	-0.6696	-0.6413	-0.6646	-0.4404	-0.562	-0.5837	-0.4028	0.2671	-0.1761	-0.3532	-0.1533	-0.0408	-0.1334	0.2894	0.2293	0.3023	0.2007	0.1444	-0.4422	-0.6783	-0.3007	0.2212	0.1913	0.312	-0.1844	-0.0489	0.2941	-0.1574	-0.1669	-0.3526	1.0	0.362	0.6091	0.5768	0.4376	0.0492	-0.1391	0.2083	0.5635	0.571	0.3733	0.1842	0.6104	0.5549	0.6489	0.7376	0.4421	0.3745	0.4897	0.5464	0.4581	0.5462	0.3332	0.5656	0.2532	0.25	0.1811	-0.2591	-0.0646	-0.2025	-0.5117	-0.0251	0.0243	-0.2973	-0.0521	-0.2812	-0.2754	-0.0579	-0.3275	-0.3009	-0.1687	-0.1424	-0.2625	-0.347	0.1433	0.0301	-0.447	-0.3086	0.0728	-0.3347	0.1302	-0.1991	-0.0989	0.2677	0.1736	0.2444	-0.0425	-0.0612	0.0735	0.5356	0.4833	-0.4598	-0.3162	0.0525	-0.6417	-0.0989	-0.512	-0.6228	-0.5292	-0.3819	-0.3203	-0.3958	-0.2794	-0.6539	-0.057	-0.6005	-0.6595	-0.3917	-0.1177	-0.6463	-0.5589	-0.573	-0.3761	-0.4846	-0.0679	0.124	-0.0999	0.237	0.4874	0.207	0.4085	-0.1527	-0.0207	-0.3745	-0.5065	0.0912	-0.0348	0.1259	-0.5395	-0.3389	0.2505	0.2593	0.3551	-0.3627	-0.2922	-0.2147	0.0446	0.4509	-0.2916	0.5072	0.5292	0.7624	0.0918	-0.0675	0.6539	0.5132	0.0216	0.3776	0.1526	-0.1435	0.6322	0.6308	0.3427	-0.0848	0.2956	0.3554	0.1504
LH_Default_Temp_2	-0.3944	-0.1923	-0.2993	-0.3898	-0.1556	-0.2262	-0.4671	-0.1015	-0.2207	-0.5683	-0.362	-0.5349	-0.4645	-0.4522	-0.1159	-0.0161	-0.1849	-0.3346	-0.2003	0.11	-0.5	-0.423	0.292	0.3563	-0.2319	0.3961	-0.2236	-0.3432	0.3041	-0.3206	-0.1089	-0.1859	0.0293	-0.2981	-0.1735	-0.1756	-0.3927	-0.5277	-0.3901	-0.545	-0.4055	-0.2115	0.186	-0.3819	-0.5301	-0.4699	-0.3107	-0.3107	-0.4978	-0.5087	-0.3147	-0.455	-0.6696	-0.4668	0.3907	0.0745	-0.0198	0.1983	-0.0542	0.0158	0.6428	0.2709	0.0286	0.6173	0.5142	0.6304	0.7044	0.2858	0.4466	0.6212	-0.1172	-0.1162	-0.011	0.362	1.0	0.286	0.716	0.5349	-0.0624	0.1568	-0.0407	0.7256	0.1585	0.2091	0.0454	0.2355	0.015	0.224	0.2891	-0.0515	0.8137	0.6163	0.8184	0.6002	0.2933	0.0419	0.4488	0.6357	0.4407	0.2419	-0.2698	-0.1233	-0.2286	-0.5277	-0.1126	-0.2732	-0.1265	-0.2445	-0.4892	-0.5726	-0.2103	-0.2584	-0.4077	-0.3266	-0.3456	-0.1557	0.0372	0.2593	0.0009	-0.1769	-0.0476	-0.0169	-0.5788	0.0825	-0.4781	-0.4204	0.1637	-0.3162	-0.0674	-0.1976	-0.3062	-0.1093	0.4446	0.0767	-0.3924	-0.4758	-0.3109	-0.2122	-0.4971	-0.4841	-0.5106	-0.5615	-0.5788	-0.5758	-0.4769	-0.3436	-0.4841	-0.3218	-0.333	-0.5444	-0.5209	-0.1234	-0.3095	-0.4971	-0.561	-0.4484	-0.6648	-0.4808	0.0638	-0.325	-0.0407	-0.0665	-0.0967	-0.0654	-0.1759	0.2754	0.2575	0.1877	0.125	0.4848	0.3191	-0.2308	-0.02	-0.2909	0.2546	0.4102	-0.4998	-0.1687	0.0594	-0.1437	0.2785	-0.314	-0.016	0.5326	0.2459	0.569	-0.5	0.3793	0.153	-0.1996	0.1443	-0.1411	-0.2012	0.0603	0.4839	0.0933	0.2398	0.0302	0.1792	0.0215
LH_Default_Temp_3	-0.2652	-0.1356	-0.0409	-0.5706	0.1235	-0.0048	-0.366	-0.0513	0.1535	-0.4538	-0.1394	-0.2161	-0.4707	-0.0555	0.0512	-0.4409	0.0246	-0.3618	-0.2869	0.1035	-0.2496	-0.1074	0.0456	0.1937	-0.014	0.2207	-0.0339	-0.3664	0.1912	0.1531	0.1507	-0.4411	-0.3618	-0.2757	-0.1429	-0.3529	-0.4608	-0.1464	-0.3721	-0.3248	-0.6423	-0.4546	-0.3297	-0.5198	-0.3447	-0.4735	-0.2664	-0.4289	-0.255	-0.1974	-0.0441	-0.092	-0.394	-0.2385	0.3052	-0.0213	0.2696	0.3337	0.3509	0.4093	-0.0011	-0.3554	-0.4912	-0.1357	0.446	0.1416	0.3191	-0.3271	0.114	0.1694	-0.191	-0.1682	-0.2265	0.6091	0.286	1.0	0.5176	0.4358	0.3116	0.0536	0.2541	0.5656	0.5926	0.5216	0.3474	0.5922	0.6014	0.6752	0.8373	0.2515	0.3967	0.2797	0.4735	0.4337	0.1942	0.4766	0.6304	0.2298	0.3447	0.335	0.0061	0.0975	-0.2176	-0.5106	0.079	-0.3577	-0.1533	-0.0639	-0.4629	-0.2671	0.0281	-0.3679	-0.3944	-0.3023	0.038	-0.4075	-0.3763	-0.006	-0.1949	-0.1575	-0.0628	-0.1443	-0.3746	-0.0601	-0.2862	-0.281	0.2304	0.2214	0.0204	0.0209	-0.2202	0.2788	0.277	0.3297	-0.0682	-0.3182	0.2268	-0.598	0.1233	-0.5794	-0.4048	-0.4671	-0.4227	-0.2441	-0.2416	-0.5266	-0.4165	-0.0951	-0.5706	-0.454	-0.3755	0.0298	-0.3474	-0.5333	-0.3038	-0.4008	-0.4404	-0.2837	0.1911	0.2748	0.0105	0.3557	0.4151	0.407	-0.3003	-0.2385	-0.4466	-0.4413	0.119	-0.0653	0.1021	-0.5203	-0.2152	-0.2443	-0.2768	0.0954	-0.3457	-0.2265	-0.1294	-0.0759	0.1141	-0.3319	0.2938	0.2444	0.602	0.158	-0.0042	0.3994	0.3641	0.0633	0.6357	0.3855	0.0907	0.6899	0.37	0.0638	-0.4392	0.3355	0.4609	0.0019
LH_Default_Temp_4	-0.6144	-0.2459	-0.2627	-0.5902	-0.1432	-0.3291	-0.4867	-0.0214	-0.2199	-0.6163	-0.3822	-0.5581	-0.5395	-0.4382	-0.1858	-0.2385	-0.2077	-0.3236	-0.2655	0.2419	-0.3226	-0.3175	0.2909	0.2673	-0.143	0.3351	-0.158	-0.3936	0.1631	-0.1557	-0.0642	-0.3194	-0.1412	-0.2891	-0.233	-0.2122	-0.6387	-0.4552	-0.6056	-0.4773	-0.6533	-0.5154	0.0875	-0.4128	-0.4114	-0.4466	-0.2777	-0.3934	-0.4823	-0.2451	-0.2326	-0.4656	-0.629	-0.3023	0.4358	0.1682	0.1525	0.0603	0.0457	0.377	0.6704	0.2443	-0.1657	0.3091	0.3545	0.7614	0.6438	0.0207	0.472	0.5581	-0.2386	-0.1019	-0.325	0.5768	0.716	0.5176	1.0	0.8293	0.0811	-0.217	0.1139	0.6082	0.4344	0.073	0.5794	0.2564	0.4107	0.2757	0.5176	0.0388	0.6699	0.6778	0.8131	0.2869	0.2564	-0.0687	0.394	0.3644	0.3486	0.0764	-0.2833	-0.3973	-0.2933	-0.597	-0.0319	-0.173	-0.277	-0.2375	-0.508	-0.5576	-0.1759	-0.2885	-0.5277	-0.3681	-0.3113	-0.2433	-0.2451	0.1265	-0.0751	-0.1775	-0.1439	-0.0049	-0.4953	-0.059	-0.3894	-0.4267	0.2149	-0.218	-0.0159	-0.2855	-0.2749	-0.1489	0.2953	0.2025	-0.2723	-0.3084	-0.0969	-0.2918	-0.3192	-0.5649	-0.4498	-0.6243	-0.6834	-0.5055	-0.5035	-0.5977	-0.2942	0.0207	-0.292	-0.4789	-0.2077	0.092	-0.3564	-0.4694	-0.4713	-0.5212	-0.6653	-0.3271	0.2554	0.0436	-0.0444	0.2518	0.1552	-0.0085	0.0158	0.3334	0.07	0.0272	0.3778	0.4686	0.5784	-0.2275	0.1712	-0.149	0.2386	0.598	-0.5005	-0.084	-0.1437	-0.1612	0.4138	-0.5444	0.0939	0.5287	0.5833	0.4785	-0.2352	0.6369	0.6173	0.2218	0.1156	-0.0553	-0.2276	0.2445	0.5673	-0.121	-0.0861	-0.1467	0.2429	-0.0224
LH_Default_Temp_5	-0.5273	-0.2173	-0.1235	-0.3894	-0.2044	-0.3487	-0.365	0.0863	-0.1584	-0.4352	-0.3151	-0.4134	-0.3952	-0.3286	0.0005	-0.1336	-0.1929	-0.2256	-0.2157	0.1758	-0.1659	-0.1576	0.1229	0.2659	-0.0648	0.2727	0.0933	-0.3297	0.0195	-0.1157	0.0735	-0.1637	-0.0103	-0.2168	-0.1446	-0.0834	-0.4684	-0.3302	-0.5148	-0.272	-0.566	-0.428	0.1227	-0.189	-0.2575	-0.3111	-0.2131	-0.2983	-0.3191	-0.1313	-0.1934	-0.3116	-0.5015	-0.2091	0.4586	0.1373	0.102	0.0155	0.1203	0.3708	0.5363	0.3505	-0.1108	0.2552	0.2277	0.7034	0.5471	0.0859	0.4645	0.4919	-0.0636	0.1162	-0.3545	0.4376	0.5349	0.4358	0.8293	1.0	0.2107	-0.1879	0.1181	0.4699	0.3689	0.0351	0.5292	0.1756	0.3182	0.1682	0.3708	0.0303	0.4986	0.5013	0.6399	0.105	0.1294	-0.0466	0.3284	0.3041	0.3878	0.0604	-0.2335	-0.4042	-0.3041	-0.4285	-0.0559	-0.1579	-0.1831	-0.2709	-0.371	-0.4438	-0.1826	-0.2012	-0.2947	-0.2608	-0.2444	-0.1965	-0.2086	0.1433	0.056	-0.1492	0.011	0.0215	-0.2981	0.0839	-0.2229	-0.365	0.2165	-0.0272	0.0342	-0.179	-0.2492	-0.1107	0.1605	0.1927	-0.1532	-0.1023	-0.0185	-0.2885	-0.2341	-0.4684	-0.3093	-0.5219	-0.5583	-0.3282	-0.3771	-0.6279	-0.2249	0.1041	-0.0686	-0.3319	-0.1913	0.1415	-0.25	-0.377	-0.3871	-0.371	-0.4588	-0.2925	0.2026	0.0025	-0.0802	0.3245	0.2083	-0.0474	-0.0669	0.1586	-0.0318	-0.0558	0.2451	0.255	0.5161	-0.1839	0.1433	-0.2566	0.0728	0.3683	-0.2983	0.1067	-0.0294	-0.1363	0.0998	-0.5569	0.0163	0.2671	0.4322	0.1873	-0.1773	0.3742	0.4945	0.0227	0.0863	-0.0901	-0.1401	0.0944	0.2882	-0.235	-0.3052	-0.1351	0.2072	-0.0379
LH_Default_Par_1	-0.0107	-0.1763	-0.2168	-0.1905	-0.2276	0.0325	-0.0473	-0.0194	-0.0013	-0.0585	-0.0775	-0.2184	-0.0568	-0.0569	-0.0238	-0.1631	-0.1684	-0.0581	-0.2985	-0.0905	-0.0771	-0.2734	-0.2867	-0.1527	-0.005	-0.1153	-0.001	-0.2198	-0.1777	-0.1817	0.103	0.0822	-0.0049	-0.016	-0.2673	0.08	0.067	0.0116	0.2304	0.0218	0.1136	0.1708	-0.1064	-0.0195	0.1381	0.2546	0.0676	0.0113	-0.0198	0.1331	-0.0068	-0.1132	0.0858	-0.1751	0.133	-0.2149	0.1398	0.0818	0.2434	0.0857	0.0057	0.0342	0.0911	-0.0248	0.0598	-0.0957	0.1248	-0.1712	0.1235	-0.0065	0.295	0.1896	0.0234	0.0492	-0.0624	0.3116	0.0811	0.2107	1.0	0.5183	0.606	0.1996	0.1503	0.1589	0.1641	0.0621	0.1923	0.2566	0.2014	-0.1299	-0.1275	-0.1161	0.0903	0.132	-0.2078	0.3429	0.2754	0.0494	0.4401	0.2286	0.1401	0.2119	-0.218	-0.2578	-0.2281	-0.293	0.2909	-0.2992	-0.0955	-0.1708	-0.1197	-0.0706	-0.0318	-0.2704	-0.1467	-0.349	-0.2472	-0.2283	-0.3309	0.1303	-0.0102	-0.3624	0.126	-0.1769	-0.1252	-0.3009	-0.2922	0.0468	-0.1822	-0.0833	-0.0884	0.0256	-0.19	-0.3061	-0.1455	-0.1176	0.0468	-0.1635	0.2777	0.0863	-0.0579	-0.1313	0.2611	0.0621	-0.0935	-0.0872	0.1209	0.4294	0.0567	0.1026	-0.0425	0.1177	0.1012	-0.0217	0.1267	-0.2292	0.1104	-0.2143	0.0109	0.1244	-0.0393	0.2055	0.2434	0.0375	0.1456	-0.1624	-0.1595	-0.2031	0.2422	-0.1903	0.0411	-0.1367	-0.1203	-0.0181	-0.2625	-0.0107	0.2188	0.1369	0.2895	-0.1229	-0.3351	0.3084	0.4142	0.0129	0.2799	-0.1245	0.5315	-0.0393	0.1223	0.1006	0.2711	0.0918	-0.1912	0.1269	-0.1763	0.0986	-0.4047	0.1916	0.232	0.4103
LH_Default_Par_2	0.2038	-0.3414	-0.2886	0.0511	-0.3477	0.0858	-0.0122	-0.2835	-0.1929	-0.012	-0.2119	-0.0724	-0.1169	-0.2344	0.04	0.173	-0.0232	0.0034	-0.062	-0.323	-0.3221	-0.3575	-0.0481	-0.0553	0.1282	-0.034	0.0013	-0.1633	0.1949	-0.3733	0.1633	0.2342	0.2616	0.1249	-0.0453	0.2223	0.3363	-0.0591	0.5464	-0.003	0.3016	0.4963	0.0824	-0.0955	-0.0329	0.1546	0.0171	0.1994	0.0603	-0.0436	0.014	-0.0428	0.0685	-0.4406	0.1261	-0.0394	0.1289	0.3241	0.2578	-0.2781	-0.0179	0.0612	0.2749	0.3266	0.2367	-0.2133	0.2527	0.2055	0.1313	0.0422	0.4315	0.1371	0.4556	-0.1391	0.1568	0.0536	-0.217	-0.1879	0.5183	1.0	0.2382	0.3223	-0.2107	0.4839	-0.3532	0.2606	-0.1218	0.342	-0.0015	-0.1146	0.0484	-0.0858	0.0328	0.5174	-0.2886	0.6354	0.3265	0.3632	0.569	0.5382	0.2236	0.6417	-0.3273	-0.216	-0.435	-0.3893	0.4656	-0.4034	-0.1448	0.1068	-0.3985	-0.2391	0.0044	-0.4146	-0.3156	-0.1205	0.031	-0.0335	-0.3417	-0.0407	0.0099	-0.433	-0.1264	-0.0866	-0.3679	-0.1672	-0.2534	-0.0622	-0.3384	-0.0263	-0.2249	0.1906	0.126	-0.216	-0.2757	-0.4175	-0.2118	-0.0807	-0.0257	0.1265	-0.1967	-0.1508	0.3771	-0.0318	-0.0031	0.1729	-0.2352	-0.106	-0.1971	-0.1209	-0.4912	-0.279	0.089	-0.0049	-0.1085	-0.1621	0.1659	-0.4495	0.1215	-0.0495	0.2532	-0.0546	0.1231	0.0604	-0.2101	-0.1903	0.0785	-0.0408	-0.0327	-0.2009	-0.1654	-0.1216	-0.2409	-0.2745	-0.2956	-0.2666	0.2239	-0.1129	0.4544	0.0496	-0.462	0.5139	0.2973	0.0473	-0.0391	-0.0491	0.0381	-0.3275	-0.462	-0.3799	0.3138	0.1515	0.1085	0.0778	-0.2797	0.4022	-0.0001	0.575	0.3059	0.5368
LH_Default_Par_3	0.0379	-0.0801	-0.14	-0.1351	-0.0377	-0.2278	-0.1366	0.1931	-0.0501	-0.1853	0.138	-0.2534	0.0609	0.0765	-0.0047	-0.2247	-0.158	0.0621	-0.1649	0.001	-0.1451	-0.1252	-0.262	-0.2366	-0.0507	-0.099	-0.2342	-0.0223	-0.1838	-0.2797	-0.0831	-0.0036	-0.2289	0.0843	-0.1866	0.0475	-0.0259	0.0801	0.1413	0.12	0.0882	0.0159	-0.2748	-0.0705	0.2129	0.2451	0.1249	-0.0619	0.0216	0.1754	0.297	-0.0975	0.1197	0.0189	0.0417	-0.1759	-0.0803	-0.0551	0.2344	0.1864	0.0298	-0.1726	-0.0134	-0.0915	-0.0886	-0.1919	0.0307	-0.2043	-0.1836	-0.1614	0.1208	0.0739	-0.0508	0.2083	-0.0407	0.2541	0.1139	0.1181	0.606	0.2382	1.0	0.103	0.1735	-0.0125	0.0883	0.0395	0.3171	0.252	0.2729	0.0448	-0.1255	-0.09	0.0257	0.1256	0.1455	0.1143	0.1489	-0.1407	0.1511	-0.2061	-0.032	-0.0213	0.0652	-0.1366	-0.0289	-0.0266	-0.1178	-0.0489	-0.1954	-0.1949	0.0536	0.0545	-0.0628	-0.0566	-0.0315	-0.1312	-0.0961	-0.0736	-0.0306	0.2492	0.1105	-0.0817	0.0674	-0.0091	-0.0546	-0.1531	-0.0748	0.0949	0.032	0.105	0.1526	-0.1996	-0.1391	-0.1198	-0.1601	0.0128	0.2199	-0.1896	0.2424	0.1547	-0.1005	-0.0325	0.2578	0.2314	-0.0891	0.0953	-0.0425	0.3514	0.1163	0.165	0.0117	0.2698	-0.0254	-0.0361	0.1571	0.009	0.1295	0.1119	0.0368	0.0827	-0.1107	0.0276	0.1772	0.2413	0.2084	-0.0937	-0.2309	-0.181	0.2308	-0.1607	-0.1197	-0.1549	-0.2608	0.218	-0.0935	-0.0714	0.1735	0.1325	0.1102	-0.2942	-0.0034	0.2727	0.3269	0.085	0.2632	0.0327	0.5013	0.1841	0.3481	0.15	0.2301	0.0046	-0.265	0.2541	-0.0065	0.1136	-0.1964	0.0072	0.0579	0.2513
LH_Default_Par_4	-0.4092	-0.2397	-0.3511	-0.4464	-0.0918	-0.1295	-0.3013	-0.0983	-0.0896	-0.4738	-0.4388	-0.4112	-0.5594	-0.4083	-0.1703	-0.2157	-0.032	-0.4648	-0.3492	0.1475	-0.499	-0.3363	0.2098	0.3013	-0.2738	0.3784	-0.0557	-0.4676	0.3721	-0.2141	-0.098	-0.4433	-0.1574	-0.2684	-0.1696	-0.3315	-0.5069	-0.5481	-0.3412	-0.6369	-0.5441	-0.3212	-0.1201	-0.5124	-0.662	-0.6723	-0.4919	-0.5488	-0.4738	-0.5603	-0.2757	-0.4116	-0.6782	-0.4754	0.2894	-0.0377	0.1021	0.4796	0.2025	-0.0393	0.4022	-0.0196	-0.3147	0.3171	0.5212	0.393	0.5982	0.0641	0.2904	0.5464	0.0382	-0.0314	-0.1881	0.5635	0.7256	0.5656	0.6082	0.4699	0.1996	0.3223	0.103	1.0	0.3241	0.5915	0.0335	0.6813	0.2171	0.6559	0.6539	0.1571	0.8107	0.4692	0.8524	0.8134	0.3312	0.4533	0.8663	0.7327	0.7103	0.3539	-0.196	0.1412	-0.3643	-0.5723	-0.1552	-0.3065	-0.005	-0.2327	-0.4656	-0.462	-0.2298	-0.4197	-0.4183	-0.4975	-0.2925	-0.2122	-0.041	0.1635	-0.123	-0.2826	-0.0106	-0.1204	-0.5876	0.1191	-0.4419	-0.4781	0.0482	-0.084	-0.0292	-0.193	-0.3893	0.0577	0.5181	0.1627	-0.4803	-0.597	-0.1183	-0.5629	-0.27	-0.6088	-0.5788	-0.6346	-0.5856	-0.6325	-0.5022	-0.517	-0.6959	-0.3412	-0.5481	-0.6963	-0.6747	-0.3133	-0.4103	-0.5889	-0.7056	-0.378	-0.6973	-0.5287	0.0865	-0.2655	0.1571	0.0957	0.1386	0.0225	-0.3776	-0.0056	-0.0216	-0.176	0.0937	0.1845	0.2993	-0.5154	-0.2425	-0.3133	0.0699	0.314	-0.4073	-0.1891	-0.0528	-0.0007	0.1901	-0.3517	0.3328	0.6372	0.4344	0.411	-0.3852	0.4193	0.1309	-0.2818	0.4927	0.293	-0.1677	0.5072	0.6225	0.2743	-0.0022	0.4018	0.5663	0.2842
LH_Default_PFC_1	-0.1718	0.1504	0.0765	-0.3456	0.2055	-0.0293	-0.1955	0.138	0.2251	-0.1831	0.1921	0.0206	-0.0333	0.1708	-0.1596	-0.3921	-0.0254	-0.4676	-0.6082	0.1299	0.0094	0.0551	0.0344	0.2532	-0.1651	0.1376	-0.1384	-0.2437	0.0862	0.2408	-0.0285	-0.4561	-0.3733	-0.2318	0.0201	-0.3851	-0.4366	0.0279	-0.5174	-0.4095	-0.5259	-0.527	-0.4404	-0.3164	-0.4026	-0.4653	-0.4116	-0.5106	-0.2386	-0.3239	0.0262	-0.0652	-0.2743	-0.0015	0.2238	-0.0441	0.0967	0.0944	0.0414	0.3566	-0.127	-0.3971	-0.6261	-0.314	0.4063	0.1249	0.046	-0.4208	0.0105	0.0963	-0.2684	-0.2398	-0.2983	0.571	0.1585	0.5926	0.4344	0.3689	0.1503	-0.2107	0.1735	0.3241	1.0	0.2846	0.4437	0.4419	0.5444	0.5739	0.6587	0.3828	0.2846	0.3295	0.3032	0.2256	0.1954	0.1965	0.3685	0.1394	0.0507	0.1726	-0.0062	-0.1291	0.1065	-0.1402	0.2867	-0.0434	-0.2205	0.1619	-0.1638	-0.2886	0.3284	0.005	-0.1486	0.1289	0.2438	-0.4221	-0.3857	-0.1209	-0.0088	-0.1461	-0.1036	0.0421	-0.0987	0.1451	-0.0026	-0.1175	0.2623	0.1326	0.2938	-0.0312	-0.0301	0.1617	0.2851	0.2428	-0.0866	-0.0749	0.2518	-0.5859	0.0747	-0.4073	-0.2538	-0.2171	-0.4186	-0.2255	-0.2855	-0.4018	-0.3635	0.0588	-0.2309	-0.3822	-0.0786	0.1364	-0.5326	-0.4474	-0.2449	-0.3156	-0.4183	0.0335	0.0851	0.2902	0.0099	0.3262	0.3183	0.3332	-0.1773	-0.3082	-0.4758	-0.5098	0.255	-0.0989	-0.0292	-0.4919	-0.2586	0.0541	-0.1356	0.1465	-0.2506	-0.1126	-0.1613	0.0294	0.2435	-0.312	0.182	0.0932	0.4941	-0.0277	0.0877	0.3373	0.4544	0.2128	0.435	0.2983	0.0541	0.5804	0.3957	0.106	-0.437	0.0802	0.3321	-0.1487
LH_Default_PFC_2	0.0199	-0.0711	-0.028	-0.0754	-0.0047	0.2101	-0.0409	-0.2145	0.0603	-0.1109	-0.1481	0.0198	-0.2886	-0.0876	-0.1303	-0.125	0.12	-0.383	-0.2026	-0.1921	-0.2775	-0.1096	0.1087	0.1024	0.1754	0.1221	0.0786	-0.1519	0.3068	0.0243	0.2072	-0.321	-0.096	0.0353	0.2004	-0.1527	-0.0836	-0.0583	0.1214	-0.2084	-0.2352	0.0212	-0.2497	-0.3791	-0.4197	-0.4823	-0.3423	-0.2657	-0.1484	-0.3517	0.1625	0.0603	-0.1479	-0.3089	0.0063	0.0512	0.3931	0.5028	0.2317	-0.0397	-0.1687	-0.3532	-0.3799	-0.0571	0.4042	-0.2089	0.2419	0.0117	-0.0195	0.1748	0.2505	-0.0303	0.0314	0.3733	0.2091	0.5216	0.073	0.0351	0.1589	0.4839	-0.0125	0.5915	0.2846	1.0	-0.1551	0.8293	0.2163	0.7936	0.5437	0.3819	0.3443	0.1455	0.2895	0.7066	0.0935	0.8021	0.783	0.5583	0.5633	0.5768	0.0537	0.5132	-0.2219	-0.2385	-0.0852	-0.3086	0.1574	-0.1343	-0.181	0.0891	-0.11	-0.3073	-0.1017	-0.3529	-0.0394	-0.1714	-0.166	0.0064	-0.2073	-0.3109	0.0054	-0.3167	-0.272	0.0245	-0.2673	-0.1595	-0.009	0.3043	-0.0519	0.0946	-0.1998	0.3082	0.349	0.079	-0.1781	-0.4219	0.0804	-0.614	0.0846	-0.3124	-0.3464	-0.2959	-0.0982	-0.1769	-0.1417	-0.2001	-0.6561	-0.429	-0.5583	-0.5626	-0.6626	-0.3265	-0.3447	-0.3582	-0.5106	-0.2267	-0.2235	-0.4018	0.1692	0.0388	0.4427	0.1291	0.1804	0.338	-0.5784	-0.3946	-0.3389	-0.4882	0.0136	-0.3696	-0.0352	-0.5471	-0.4922	-0.2749	-0.3389	-0.1959	0.0028	-0.2302	0.0077	0.2564	-0.1547	-0.0604	0.2871	0.1916	0.2307	-0.0919	-0.1646	0.0567	-0.2381	-0.4476	0.4819	0.4846	0.3375	0.61	0.2002	0.445	-0.1876	0.7864	0.6636	0.3466
LH_Default_PFC_3	-0.3208	-0.0425	-0.0043	-0.3898	0.0189	-0.0965	-0.176	-0.0263	0.0481	-0.1286	-0.0632	-0.2038	-0.1384	-0.0814	-0.0848	-0.1332	-0.1462	0.0702	-0.2259	0.1314	0.1041	0.0794	-0.0625	-0.0635	-0.0996	-0.069	-0.1087	-0.3971	-0.1994	0.0676	0.0929	-0.0533	0.0224	-0.1138	-0.1665	-0.0356	-0.4184	0.0428	-0.5176	-0.1898	-0.5347	-0.5629	0.1422	0.0396	0.151	0.0068	0.0609	-0.0443	0.1115	0.2768	-0.2157	-0.1971	-0.1817	0.0921	0.4686	0.1557	0.1374	-0.079	-0.0279	0.3765	0.2586	0.2351	-0.0558	0.0018	0.0945	0.4937	0.1626	-0.2763	0.4257	0.1694	-0.2385	-0.0543	-0.3963	0.1842	0.0454	0.3474	0.5794	0.5292	0.1641	-0.3532	0.0883	0.0335	0.4437	-0.1551	1.0	-0.0597	0.5866	0.0486	0.3072	0.0041	0.119	0.293	0.1885	-0.2854	-0.1643	-0.1746	-0.0102	-0.0815	-0.0215	-0.1137	0.082	-0.3851	-0.1612	-0.1672	0.0815	-0.1693	-0.2394	-0.0817	-0.0751	-0.1352	0.0164	-0.0399	-0.2054	-0.1337	-0.0397	-0.2091	-0.2911	-0.1596	-0.1482	0.1648	-0.0895	-0.0822	0.0822	-0.2803	-0.0018	-0.196	0.0065	-0.2089	-0.0309	-0.2394	-0.1693	-0.1479	-0.1618	-0.0072	0.1047	-0.1184	0.1272	-0.1018	-0.0339	-0.2768	0.04	-0.2231	-0.4148	-0.1503	-0.3185	-0.5788	0.243	0.2375	0.0832	0.057	0.3364	0.3245	-0.0187	-0.0225	0.0931	-0.3901	-0.2513	-0.0012	0.2799	0.5083	-0.1546	0.246	0.3957	-0.0413	0.108	0.1182	-0.05	0.0432	0.4743	0.2138	0.4275	0.0342	0.426	-0.2115	-0.1676	0.3347	-0.1699	-0.0126	-0.0	-0.2182	0.2054	-0.464	-0.1	0.0071	0.3076	0.1471	0.0888	0.2723	0.5395	0.6799	0.0032	0.0815	-0.0564	0.0886	0.1186	-0.4078	-0.454	-0.2603	0.1187	-0.1664
LH_Default_PFC_4	-0.1724	-0.1795	-0.1357	-0.1443	-0.0059	0.0863	-0.0786	-0.1737	0.0231	-0.1606	-0.2296	0.0224	-0.3832	-0.1486	-0.2101	-0.2554	0.1255	-0.437	-0.3319	-0.0963	-0.3052	-0.0347	0.1514	0.0834	0.0724	0.1694	0.0711	-0.11	0.3603	0.07	0.0831	-0.5395	-0.3381	-0.1183	0.1001	-0.3309	-0.3369	-0.2041	-0.0554	-0.2916	-0.433	-0.1726	-0.446	-0.5515	-0.5022	-0.6054	-0.3557	-0.4092	-0.1834	-0.3389	0.2477	-0.0452	-0.2922	-0.1701	0.0503	-0.0094	0.3384	0.5385	0.2365	0.0226	-0.0565	-0.4621	-0.6035	-0.1684	0.3664	-0.0982	0.2821	-0.0852	-0.1405	0.1666	0.1411	0.0024	-0.0657	0.6104	0.2355	0.5922	0.2564	0.1756	0.0621	0.2606	0.0395	0.6813	0.4419	0.8293	-0.0597	1.0	0.3954	0.8771	0.7129	0.4754	0.4221	0.2618	0.4114	0.7037	0.2768	0.7483	0.8236	0.5277	0.5273	0.4715	-0.0199	0.4018	-0.3309	-0.3656	-0.0994	-0.2065	0.0841	-0.1036	-0.2623	-0.0031	-0.147	-0.4112	-0.1847	-0.3597	-0.0962	-0.1869	-0.1993	0.0148	-0.1011	-0.3142	-0.0687	-0.1792	-0.3849	0.075	-0.3226	-0.1533	0.1424	0.2543	0.1222	0.0083	-0.133	0.2226	0.4574	0.3898	-0.3451	-0.4777	0.0994	-0.7044	-0.0358	-0.4735	-0.5113	-0.4438	-0.277	-0.2692	-0.2867	-0.3337	-0.7641	-0.3607	-0.6251	-0.6245	-0.6343	-0.2641	-0.49	-0.4738	-0.568	-0.1601	-0.3167	-0.2489	0.1694	-0.0169	0.4138	0.2953	0.2707	0.3286	-0.464	-0.3175	-0.426	-0.575	0.0422	-0.3234	0.0373	-0.568	-0.5437	-0.094	-0.1902	-0.029	-0.1379	-0.2443	-0.1829	0.3179	0.0522	-0.222	0.4758	0.3524	0.447	-0.0609	-0.1165	0.2454	0.0105	-0.3082	0.5212	0.4941	0.2096	0.7447	0.3874	0.4478	-0.1792	0.738	0.7054	0.3315
LH_Default_PFC_5	-0.2402	-0.2414	-0.1417	-0.4304	-0.0798	0.0432	-0.2794	-0.1998	-0.0689	-0.1951	-0.1076	-0.0619	-0.3004	-0.1176	-0.2034	-0.5299	-0.0974	-0.2907	-0.3355	-0.0664	-0.1513	0.0823	-0.1078	-0.1008	-0.1379	0.0847	-0.122	-0.2364	0.0678	0.1607	0.2636	-0.286	-0.3297	-0.276	-0.2129	-0.2246	-0.4598	-0.1292	-0.3483	-0.1118	-0.4648	-0.3869	-0.2066	-0.4488	-0.1504	-0.2777	-0.1308	-0.1324	-0.0063	0.1518	0.2301	-0.0136	-0.1729	0.0886	0.323	-0.0504	0.2606	0.2177	0.424	0.2865	-0.1243	-0.335	-0.3869	-0.2334	0.3752	0.1183	0.0786	-0.2736	0.0831	0.1358	-0.2454	-0.0761	-0.3282	0.5549	0.015	0.6014	0.4107	0.3182	0.1923	-0.1218	0.3171	0.2171	0.5444	0.2163	0.5866	0.3954	1.0	0.5299	0.7124	0.5205	0.14	0.349	0.193	0.1913	0.3459	0.2865	0.2701	-0.05	0.0234	0.1412	0.1146	-0.016	-0.2025	-0.3444	-0.0635	-0.2044	-0.2472	-0.2152	-0.1829	-0.0955	-0.0865	-0.3426	-0.2933	-0.2492	-0.0391	-0.3312	-0.4588	-0.1862	-0.0621	-0.1159	-0.1641	-0.1452	-0.008	-0.1116	-0.1195	0.0062	0.1643	0.0765	0.161	-0.0109	0.0639	0.0906	0.1374	0.3052	-0.1176	-0.2284	0.2831	-0.5132	0.0719	-0.439	-0.3136	-0.3573	-0.2693	-0.1208	-0.2497	-0.4438	-0.2136	0.1557	-0.3954	-0.2182	0.0471	0.1544	-0.414	-0.2659	-0.0853	-0.244	-0.2793	0.0958	0.1389	0.3954	-0.0724	0.4815	0.5556	0.4437	-0.1889	-0.2891	-0.4561	-0.4156	0.1938	-0.1809	-0.0558	-0.4429	-0.1586	-0.0133	-0.2513	0.0221	-0.2355	-0.259	-0.0359	-0.0205	0.3053	-0.2734	0.3144	0.0109	0.4884	-0.0446	0.1815	0.2308	0.5522	0.3863	0.4085	0.226	-0.0036	0.5161	0.2176	0.0963	-0.3997	0.2235	0.1747	-0.0488
LH_Default_PFC_6	-0.0678	-0.1554	-0.1944	-0.2698	0.016	0.1027	-0.2062	-0.1964	0.0357	-0.2047	-0.0923	-0.0067	-0.2803	-0.0553	-0.2496	-0.3763	0.104	-0.5146	-0.4081	-0.0914	-0.3047	-0.0423	0.1287	0.1372	0.0326	0.2711	0.0164	-0.2491	0.3399	0.0979	0.0475	-0.5363	-0.401	-0.146	0.0381	-0.3644	-0.3061	-0.1694	-0.0636	-0.2977	-0.3748	-0.1832	-0.4904	-0.577	-0.5174	-0.5347	-0.429	-0.4678	-0.2603	-0.3727	0.227	-0.0735	-0.2179	-0.2165	0.0694	-0.0311	0.3258	0.4686	0.3517	0.1133	-0.1698	-0.568	-0.6007	-0.1736	0.462	-0.1553	0.174	-0.2718	-0.1144	0.1059	-0.0174	-0.1456	-0.1366	0.6489	0.224	0.6752	0.2757	0.1682	0.2566	0.342	0.252	0.6559	0.5739	0.7936	0.0486	0.8771	0.5299	1.0	0.8367	0.4694	0.3828	0.2557	0.3714	0.7214	0.2557	0.7398	0.7653	0.4629	0.4298	0.4333	0.0127	0.3871	-0.1818	-0.3592	-0.072	-0.2054	0.0507	-0.0884	-0.2738	-0.0726	-0.0042	-0.3093	-0.1911	-0.2562	-0.0081	-0.2559	-0.2842	-0.0183	-0.1096	-0.2647	-0.0667	-0.1977	-0.2707	0.0433	-0.2496	-0.1444	0.1111	0.2454	0.1295	0.0508	-0.0883	0.2784	0.493	0.2636	-0.3423	-0.4713	0.1497	-0.7593	0.0702	-0.449	-0.493	-0.3705	-0.1891	-0.2428	-0.2727	-0.2641	-0.7372	-0.2398	-0.618	-0.5866	-0.598	-0.2015	-0.5363	-0.5315	-0.4983	-0.2443	-0.3461	-0.2091	0.1778	0.142	0.2959	0.2846	0.3543	0.4158	-0.4484	-0.4386	-0.519	-0.6372	0.0543	-0.3597	-0.1648	-0.7122	-0.6025	-0.0708	-0.2696	-0.0961	-0.1864	-0.3401	-0.0431	0.1637	0.0653	-0.0674	0.4684	0.2605	0.5224	-0.05	-0.0086	0.2352	0.0942	-0.2155	0.6173	0.4983	0.1786	0.8114	0.3898	0.4678	-0.2591	0.6595	0.6181	0.2444
LH_Default_PFC_7	-0.265	-0.1451	-0.2044	-0.5515	0.0744	-0.0225	-0.3481	-0.0664	0.0596	-0.443	-0.1483	-0.2073	-0.4148	-0.1028	-0.1672	-0.5574	0.0354	-0.5328	-0.401	0.1412	-0.3018	-0.0468	0.1319	0.2154	-0.1602	0.3459	0.0267	-0.3708	0.2846	0.1199	0.0134	-0.5539	-0.4811	-0.2874	-0.1342	-0.4362	-0.5469	-0.2885	-0.3978	-0.4	-0.6215	-0.4796	-0.403	-0.631	-0.496	-0.5794	-0.4517	-0.5656	-0.3885	-0.321	0.0598	-0.147	-0.4566	-0.1911	0.18	-0.0818	0.2141	0.3765	0.3464	0.3282	-0.0346	-0.4919	-0.5856	-0.1552	0.4692	0.0937	0.2118	-0.342	0.0248	0.1974	-0.2652	-0.2276	-0.37	0.7376	0.2891	0.8373	0.5176	0.3708	0.2014	-0.0015	0.2729	0.6539	0.6587	0.5437	0.3072	0.7129	0.7124	0.8367	1.0	0.4057	0.5181	0.3809	0.5132	0.5669	0.4393	0.4521	0.6974	0.2931	0.2831	0.2302	-0.0523	0.0957	-0.1448	-0.4329	0.0372	-0.2081	-0.2317	-0.0602	-0.4112	-0.3496	0.0528	-0.3271	-0.3944	-0.2497	0.0071	-0.3414	-0.3142	0.0031	-0.0412	-0.1921	-0.0555	-0.0336	-0.3531	0.0812	-0.197	-0.1723	0.2541	0.2115	0.1967	0.019	-0.0964	0.272	0.4694	0.3819	-0.2297	-0.3746	0.2618	-0.721	0.0387	-0.6428	-0.5154	-0.472	-0.4592	-0.3093	-0.3705	-0.4728	-0.575	-0.0978	-0.6325	-0.5333	-0.4156	-0.0604	-0.5556	-0.6091	-0.4484	-0.3032	-0.57	-0.1692	0.1707	0.2019	0.0638	0.3635	0.4382	0.3934	-0.3414	-0.2973	-0.472	-0.5198	0.0741	-0.0867	-0.0296	-0.6839	-0.3874	-0.0714	-0.16	0.0805	-0.445	-0.3304	-0.2154	0.0414	0.328	-0.33	0.3579	0.3199	0.6481	0.1694	-0.06	0.4645	0.4376	0.0522	0.5989	0.424	0.0025	0.8114	0.5989	0.2151	-0.2749	0.3408	0.4571	-0.0257
LH_Default_PFC_8	-0.1145	-0.0891	0.0284	-0.0863	-0.0109	0.2785	-0.2081	-0.255	-0.0398	0.0357	-0.0263	0.2757	-0.1742	-0.0126	-0.1032	-0.263	0.0848	-0.3197	-0.0723	-0.1091	-0.0782	0.1778	0.0089	0.067	-0.0901	0.0858	-0.0624	-0.0217	0.2634	0.2559	0.1937	-0.3199	-0.3136	-0.2215	0.1245	-0.2404	-0.2249	-0.115	-0.2017	-0.0961	-0.1914	-0.0933	-0.2518	-0.2869	-0.3493	-0.4668	-0.2376	-0.0886	-0.0523	-0.1451	0.4062	0.1427	-0.1178	0.0982	0.0079	-0.127	0.2862	0.1594	0.2338	0.0112	-0.38	-0.4937	-0.4738	-0.279	0.3443	-0.1359	-0.0761	-0.0138	-0.1963	0.1573	-0.1651	-0.2239	-0.2204	0.4421	-0.0515	0.2515	0.0388	0.0303	-0.1299	-0.1146	0.0448	0.1571	0.3828	0.3819	0.0041	0.4754	0.5205	0.4694	0.4057	1.0	0.0698	0.2578	0.0974	0.3636	0.5444	0.3834	0.2259	-0.0308	-0.0575	0.2179	-0.0636	0.1369	-0.0471	-0.1736	-0.0711	-0.0501	-0.0776	-0.1158	-0.0217	0.204	-0.0013	-0.3164	-0.0927	-0.0592	0.1106	0.0656	-0.2051	-0.0584	0.1742	-0.3065	0.0058	0.0576	-0.0513	0.1212	0.0022	0.1373	0.336	0.2677	0.3271	0.1712	0.1126	0.1515	0.2916	0.4107	-0.1312	-0.084	0.2496	-0.4777	0.1046	-0.3563	-0.263	-0.1575	-0.1444	-0.2007	0.0225	-0.1794	-0.4235	-0.2552	-0.384	-0.3579	-0.2025	-0.145	-0.4715	-0.2362	-0.2657	0.1178	-0.1777	0.1451	-0.1273	-0.0689	0.0383	0.2114	0.2793	0.4808	-0.4815	-0.4526	-0.4417	-0.4342	-0.1435	-0.3925	-0.3324	-0.4971	-0.4244	0.0174	-0.114	-0.2647	-0.1946	-0.3828	-0.0003	0.3736	0.133	-0.1421	0.2286	-0.0949	0.1348	-0.3061	-0.028	-0.024	0.0627	-0.1948	0.3223	0.1314	0.2155	0.3212	0.0679	0.3366	-0.1638	0.4754	0.0403	-0.1037
LH_Default_PFC_9	-0.3846	-0.134	-0.2396	-0.459	-0.1181	-0.1712	-0.3908	0.0235	-0.0915	-0.5608	-0.3817	-0.4413	-0.5212	-0.403	-0.1961	-0.1712	-0.0658	-0.3957	-0.274	0.2092	-0.4427	-0.255	0.3302	0.459	-0.323	0.527	-0.0336	-0.4092	0.3585	-0.2821	-0.0108	-0.2511	-0.007	-0.2781	-0.0976	-0.207	-0.5212	-0.5277	-0.5216	-0.6767	-0.5132	-0.4048	0.1836	-0.4625	-0.5999	-0.62	-0.4826	-0.4826	-0.4298	-0.5395	-0.4225	-0.3257	-0.8134	-0.4014	0.3921	0.097	0.0381	0.3438	-0.0199	0.109	0.4884	0.1389	-0.102	0.5388	0.6175	0.6325	0.6273	0.2425	0.5168	0.6225	-0.2968	-0.2216	-0.1716	0.3745	0.8137	0.3967	0.6699	0.4986	-0.1275	0.0484	-0.1255	0.8107	0.2846	0.3443	0.119	0.4221	0.14	0.3828	0.5181	0.0698	1.0	0.6747	0.8688	0.657	0.3851	0.0799	0.5863	0.6438	0.403	0.2586	-0.1563	-0.0935	-0.2149	-0.4289	-0.0481	-0.2299	-0.1648	-0.2215	-0.4625	-0.5863	-0.1384	-0.3168	-0.4874	-0.3395	-0.2378	-0.1799	0.021	0.2165	-0.0363	-0.2265	0.0343	0.0233	-0.6444	0.171	-0.3284	-0.435	0.204	-0.18	0.0427	-0.1922	-0.3384	0.1207	0.5556	0.2015	-0.2768	-0.423	-0.1196	-0.4329	-0.4354	-0.7259	-0.4907	-0.5737	-0.7707	-0.6607	-0.4803	-0.5382	-0.5259	-0.347	-0.4311	-0.6407	-0.4684	-0.1837	-0.401	-0.6173	-0.6048	-0.3199	-0.8414	-0.4509	0.0984	-0.1921	-0.0457	-0.0415	0.0728	-0.1026	-0.344	0.0725	0.0834	0.0256	0.0798	0.4525	0.2972	-0.3751	-0.0347	-0.3582	0.1207	0.3451	-0.6745	-0.2582	-0.1261	-0.0648	0.4342	-0.5328	-0.1056	0.4521	0.2644	0.5134	-0.5536	0.3577	0.2598	-0.1524	0.2385	0.044	-0.1087	0.2833	0.6745	0.0152	0.1375	0.067	0.218	-0.1475
LH_Default_PFC_10	-0.3449	-0.2842	-0.2134	-0.5134	-0.2611	-0.1798	-0.4839	-0.043	-0.3221	-0.5065	-0.3451	-0.4409	-0.5127	-0.4201	-0.3776	-0.272	-0.0914	-0.3644	-0.0808	0.1607	-0.3098	-0.1627	0.4112	0.4456	-0.1589	0.48	-0.2024	-0.1051	0.3823	-0.0935	0.1575	-0.2236	-0.0693	-0.1627	-0.0499	-0.1428	-0.4093	-0.3979	-0.48	-0.4221	-0.3366	-0.1838	0.2606	-0.4707	-0.4953	-0.5025	-0.3265	-0.1876	-0.4227	-0.2869	-0.075	-0.0735	-0.5777	-0.1757	0.3524	0.0823	0.3683	0.0676	0.0231	0.2927	0.4307	0.1096	-0.1655	0.2707	0.4949	0.6974	0.6842	0.3852	0.5891	0.7731	-0.3551	-0.2724	-0.0462	0.4897	0.6163	0.2797	0.6778	0.5013	-0.1161	-0.0858	-0.09	0.4692	0.3295	0.1455	0.293	0.2618	0.349	0.2557	0.3809	0.2578	0.6747	1.0	0.7323	0.4217	0.4138	0.0197	0.2376	0.3324	0.1906	0.2584	-0.1325	-0.1919	-0.2318	-0.5148	-0.1178	-0.1433	-0.2178	-0.3481	-0.3948	-0.4055	-0.2235	-0.4247	-0.5483	-0.3003	-0.2882	-0.1854	-0.1314	0.0917	-0.0192	-0.3913	-0.146	0.0846	-0.4773	0.173	-0.2062	-0.2444	0.3159	-0.1056	0.1652	-0.1541	-0.0849	0.1313	0.5532	0.3447	-0.1991	-0.244	0.0188	-0.4126	-0.3726	-0.6005	-0.4723	-0.5508	-0.5777	-0.534	-0.2968	-0.4003	-0.3938	-0.1424	-0.3925	-0.5502	-0.1868	-0.0358	-0.5469	-0.4546	-0.4773	-0.4289	-0.6815	-0.188	-0.0047	-0.068	-0.0659	0.1971	0.1465	0.0756	-0.2266	0.0715	-0.0888	-0.1455	0.0954	0.3047	0.2986	-0.3111	0.073	-0.1216	0.2346	0.3886	-0.5982	-0.3765	-0.1047	-0.1022	0.5416	-0.4172	-0.0781	0.2294	0.2959	0.1417	-0.3842	0.3173	0.4197	0.0441	0.0012	-0.3144	-0.1103	0.1159	0.4815	0.0414	0.0128	0.0828	-0.0625	-0.2026
LH_Default_PFC_11	-0.5511	-0.2385	-0.3234	-0.5563	-0.1635	-0.225	-0.4546	0.0105	-0.1689	-0.6243	-0.4575	-0.5633	-0.6234	-0.4746	-0.262	-0.276	-0.1198	-0.4529	-0.2506	0.2492	-0.4441	-0.362	0.33	0.4271	-0.3156	0.4751	-0.1571	-0.4106	0.347	-0.2314	-0.0881	-0.3969	-0.154	-0.3077	-0.2229	-0.2945	-0.5922	-0.5995	-0.5198	-0.6674	-0.5127	-0.3761	0.0856	-0.5368	-0.6354	-0.6269	-0.433	-0.4882	-0.5663	-0.4897	-0.3371	-0.4176	-0.7747	-0.4222	0.3408	0.0456	0.1178	0.2552	0.0675	0.1569	0.6257	0.1599	-0.1854	0.388	0.5224	0.7024	0.7495	0.2188	0.5043	0.7368	-0.1905	-0.1454	-0.2328	0.5464	0.8184	0.4735	0.8131	0.6399	0.0903	0.0328	0.0257	0.8524	0.3032	0.2895	0.1885	0.4114	0.193	0.3714	0.5132	0.0974	0.8688	0.7323	1.0	0.6221	0.4034	0.0961	0.6007	0.5794	0.5134	0.2267	-0.2886	-0.1794	-0.3068	-0.6234	-0.0835	-0.246	-0.1617	-0.2831	-0.5109	-0.6228	-0.2055	-0.3952	-0.5569	-0.4396	-0.3277	-0.2484	-0.0994	0.16	-0.1133	-0.3069	-0.1115	-0.0189	-0.6433	0.1199	-0.4018	-0.5124	0.1454	-0.186	0.0064	-0.2412	-0.3371	-0.0037	0.4892	0.1862	-0.3774	-0.4051	-0.1273	-0.4289	-0.3447	-0.6696	-0.561	-0.6737	-0.7318	-0.7074	-0.4608	-0.5667	-0.4833	-0.1863	-0.4605	-0.6539	-0.4354	-0.1527	-0.4252	-0.6082	-0.6204	-0.4769	-0.8117	-0.4692	0.0209	-0.2636	-0.0193	0.0913	0.0082	-0.0586	-0.1599	0.2329	0.0676	-0.045	0.1834	0.4552	0.4728	-0.3435	0.0192	-0.2165	0.292	0.569	-0.6025	-0.1728	-0.0963	-0.0989	0.4258	-0.5048	0.1476	0.6198	0.4513	0.4653	-0.4154	0.5388	0.3733	-0.0734	0.2606	-0.0047	-0.2627	0.2835	0.6895	0.0778	0.0848	0.0791	0.2529	0.0544
LH_Default_PFC_12	-0.159	-0.2851	-0.3653	-0.2972	-0.2222	0.0434	-0.3986	-0.225	-0.2002	-0.4201	-0.341	-0.2327	-0.4705	-0.3666	-0.2219	-0.1837	0.0362	-0.4317	-0.2059	-0.0285	-0.5062	-0.2854	0.2632	0.2993	-0.1297	0.426	-0.0807	-0.2298	0.5176	-0.1923	0.0255	-0.3688	-0.2562	-0.1774	-0.0406	-0.3197	-0.2711	-0.472	-0.0406	-0.4464	-0.1983	0.0384	-0.1725	-0.5495	-0.6079	-0.5717	-0.3832	-0.3805	-0.383	-0.5072	0.0412	-0.2278	-0.4613	-0.4204	0.0963	-0.1078	0.1591	0.4358	0.2425	-0.0989	0.1213	-0.3159	-0.2797	0.2575	0.6269	0.0549	0.4728	0.1929	0.0775	0.411	-0.0613	-0.2261	0.0696	0.4581	0.6002	0.4337	0.2869	0.105	0.132	0.5174	0.1256	0.8134	0.2256	0.7066	-0.2854	0.7037	0.1913	0.7214	0.5669	0.3636	0.657	0.4217	0.6221	1.0	0.4446	0.6044	0.749	0.6657	0.5048	0.4915	-0.1134	0.4456	-0.2403	-0.4803	-0.2511	-0.2591	0.1243	-0.3118	-0.4262	-0.3102	-0.2296	-0.4401	-0.3511	-0.4219	-0.2566	-0.128	-0.0035	0.1838	-0.0917	-0.2784	0.0091	-0.1428	-0.5615	0.1675	-0.4484	-0.2885	0.1665	-0.0043	0.0576	0.0193	-0.1889	0.2518	0.6363	0.2099	-0.4833	-0.5726	-0.0673	-0.5928	-0.2054	-0.5455	-0.6582	-0.5399	-0.2876	-0.4892	-0.3293	-0.1501	-0.7691	-0.4236	-0.6097	-0.664	-0.7427	-0.2862	-0.4372	-0.5457	-0.6188	-0.2346	-0.5238	-0.413	-0.0517	-0.286	0.1853	0.0097	0.0943	0.1849	-0.4621	-0.1905	-0.1591	-0.2959	-0.0711	-0.0003	-0.079	-0.5717	-0.5022	-0.1562	0.037	0.0576	-0.426	-0.4785	0.0356	0.1582	0.1799	-0.0136	0.3622	0.4581	0.292	0.2472	-0.2354	0.1921	-0.06	-0.4476	0.4992	0.2465	0.0601	0.5139	0.4715	0.6245	0.2091	0.6126	0.4085	0.25
LH_Default_PFC_13	-0.2824	-0.0886	-0.2036	-0.2799	-0.0461	-0.0345	-0.3173	0.0296	-0.2129	-0.3481	-0.1439	-0.1991	-0.2701	-0.1822	-0.2246	-0.4077	0.0205	-0.3944	-0.0516	0.2176	-0.1707	0.0532	0.1633	0.1907	-0.3306	0.3414	-0.069	0.0943	0.3197	0.1074	-0.0874	-0.3908	-0.4949	-0.2355	-0.0571	-0.3681	-0.3585	-0.3885	-0.3461	-0.2268	-0.1716	-0.156	-0.1949	-0.3981	-0.4311	-0.5015	-0.2936	-0.3688	-0.4392	-0.2463	0.2444	-0.1173	-0.4244	0.1318	-0.1211	-0.2837	0.0314	0.1102	0.1988	0.0832	0.0406	-0.3761	-0.3569	-0.1239	0.2527	0.0966	0.1226	0.1602	-0.1948	0.339	-0.3218	-0.2961	-0.2472	0.5462	0.2933	0.1942	0.2564	0.1294	-0.2078	-0.2886	0.1455	0.3312	0.1954	0.0935	-0.1643	0.2768	0.3459	0.2557	0.4393	0.5444	0.3851	0.4138	0.4034	0.4446	1.0	-0.0553	0.2599	0.0179	-0.1197	-0.1245	-0.3683	-0.1259	0.0295	-0.2578	-0.0384	0.1314	-0.4337	-0.0502	-0.2396	-0.3666	0.0159	-0.2655	-0.3535	-0.0255	-0.0316	0.003	0.0569	0.2284	0.4051	-0.167	0.0382	0.3457	-0.3176	0.4538	0.0686	0.1298	0.4417	0.2194	0.5497	0.2039	0.333	-0.0347	0.4769	0.4684	-0.3164	-0.0351	0.2874	-0.4244	-0.0024	-0.439	-0.4877	-0.3045	-0.3332	-0.2078	-0.2012	-0.017	-0.4538	-0.1737	-0.3128	-0.3239	-0.1929	-0.0044	-0.5553	-0.3624	-0.3739	0.073	-0.5087	0.2552	-0.2941	-0.3657	-0.1181	0.0374	-0.0458	0.277	-0.1929	-0.0814	-0.2886	-0.3012	-0.1285	0.0336	-0.1319	-0.417	-0.4542	0.3159	0.402	0.1136	-0.4884	-0.3366	-0.3306	0.0636	0.6466	-0.2207	0.2336	0.297	0.2102	0.0994	-0.12	0.3598	0.3683	-0.121	0.1266	-0.1044	-0.1672	0.2736	0.5669	0.3566	0.2781	0.1053	-0.1477	-0.2139
LH_Default_pCunPCC_1	0.105	-0.3047	-0.1233	-0.0659	-0.1298	0.2993	-0.0871	-0.3536	-0.0344	0.0039	-0.1753	0.1248	-0.2913	-0.102	-0.05	-0.0918	0.1648	-0.2475	-0.1766	-0.321	-0.3436	-0.153	-0.0093	-0.032	0.2554	0.0205	0.0473	-0.1054	0.2586	0.004	0.2256	-0.2713	-0.0635	-0.0456	0.1179	-0.0894	0.0475	-0.0466	0.2895	-0.0199	-0.1342	0.2018	-0.2909	-0.3498	-0.2973	-0.3337	-0.1629	-0.0759	-0.0074	-0.2214	0.2432	0.0826	0.0134	-0.3131	0.0204	-0.1056	0.3273	0.3981	0.3472	-0.1605	-0.3059	-0.3885	-0.3782	-0.1218	0.2749	-0.3065	0.1416	-0.0718	-0.0812	0.0589	0.3265	0.045	0.2198	0.3332	0.0419	0.4766	-0.0687	-0.0466	0.3429	0.6354	0.1143	0.4533	0.1965	0.8021	-0.1746	0.7483	0.2865	0.7398	0.4521	0.3834	0.0799	0.0197	0.0961	0.6044	-0.0553	1.0	0.6449	0.3941	0.5775	0.6808	0.1745	0.6879	-0.2779	-0.3175	-0.2055	-0.3208	0.3888	-0.2401	-0.179	0.2326	-0.2268	-0.4222	-0.0685	-0.4059	-0.0858	-0.1024	-0.1807	-0.024	-0.2578	-0.3009	-0.0585	-0.3919	-0.1395	-0.1646	-0.342	-0.1499	-0.0951	0.1816	-0.1999	-0.1006	-0.2496	0.3227	0.274	0.1841	-0.1789	-0.4656	0.0015	-0.4762	0.0406	-0.1926	-0.2799	-0.2215	0.1429	-0.1282	-0.0219	-0.1104	-0.5642	-0.3549	-0.5469	-0.4542	-0.6035	-0.3845	-0.2387	-0.2655	-0.3493	-0.1283	0.0137	-0.3803	0.1505	0.0754	0.4005	0.2065	0.2829	0.3217	-0.5546	-0.4625	-0.3086	-0.4388	-0.1752	-0.4694	-0.1838	-0.5013	-0.4579	-0.2781	-0.407	-0.3056	0.13	-0.2821	0.1933	0.2704	-0.3774	0.187	0.4427	0.0744	0.2562	-0.2105	0.0094	-0.139	-0.3241	-0.4398	0.4983	0.4398	0.233	0.4738	-0.0955	0.4781	-0.268	0.8925	0.5896	0.4548
LH_Default_pCunPCC_2	-0.2107	-0.1241	-0.2315	-0.2187	-0.0183	-0.0028	-0.068	-0.1466	0.0624	-0.236	-0.2925	-0.1965	-0.3859	-0.237	-0.2131	-0.2986	-0.0319	-0.4521	-0.4114	0.0092	-0.411	-0.1406	0.0627	0.1479	-0.1132	0.1981	0.0324	-0.2877	0.2289	-0.0871	-0.0036	-0.4731	-0.1977	-0.1912	-0.0644	-0.2998	-0.3971	-0.3492	-0.1449	-0.4561	-0.4934	-0.2527	-0.3098	-0.4986	-0.5163	-0.6037	-0.4265	-0.5299	-0.3175	-0.4766	-0.0311	-0.1508	-0.4197	-0.2837	0.1074	-0.1586	0.1677	0.5368	0.1833	-0.0689	0.1407	-0.2235	-0.4429	0.0653	0.3861	0.06	0.3869	-0.0647	0.076	0.3107	0.203	0.1009	-0.2127	0.5656	0.4488	0.6304	0.394	0.3284	0.2754	0.3265	0.1489	0.8663	0.3685	0.783	-0.0102	0.8236	0.2701	0.7653	0.6974	0.2259	0.5863	0.2376	0.6007	0.749	0.2599	0.6449	1.0	0.7249	0.7117	0.3788	-0.1314	0.2882	-0.2904	-0.3607	-0.0855	-0.2178	0.0331	-0.1304	-0.2303	-0.2475	-0.1194	-0.2876	-0.1664	-0.3803	-0.168	-0.2413	-0.1244	0.0561	-0.1821	-0.2538	-0.0317	-0.2261	-0.3657	0.0191	-0.3797	-0.4267	-0.0518	0.1063	-0.0378	-0.0762	-0.3102	0.0995	0.3477	0.0982	-0.3865	-0.5775	-0.037	-0.6997	-0.1299	-0.5154	-0.4823	-0.5106	-0.4103	-0.3944	-0.5013	-0.4588	-0.7064	-0.3364	-0.5413	-0.6539	-0.6334	-0.2677	-0.367	-0.532	-0.6126	-0.2797	-0.4963	-0.4311	0.0666	-0.1895	0.3056	0.1863	0.1435	0.1107	-0.4319	-0.2068	-0.2124	-0.3808	0.0835	-0.1312	0.1961	-0.598	-0.3811	-0.2591	-0.1511	0.1243	-0.171	-0.1149	-0.0564	0.0774	0.0323	-0.3185	0.3845	0.5106	0.4189	0.173	-0.1586	0.3405	0.0921	-0.3091	0.4796	0.4482	-0.0317	0.6411	0.5203	0.3343	-0.146	0.581	0.7637	0.4059
LH_Default_pCunPCC_3	-0.1108	-0.1698	-0.2709	-0.0099	-0.166	-0.1308	-0.1029	-0.1721	-0.1105	-0.1384	-0.3052	-0.2154	-0.2675	-0.3664	-0.2441	0.0094	-0.0042	-0.2993	-0.3369	-0.115	-0.4735	-0.1732	0.1634	0.2147	-0.0324	0.2552	0.0091	-0.2309	0.1342	-0.2396	-0.0307	-0.2317	0.0891	-0.1164	-0.0637	-0.1573	-0.2788	-0.428	-0.0984	-0.4219	-0.2603	-0.0667	0.0288	-0.3068	-0.4124	-0.4542	-0.3405	-0.2886	-0.2146	-0.5464	-0.1699	-0.145	-0.3269	-0.3358	0.1954	-0.0698	0.066	0.3705	-0.0744	-0.2427	0.3354	0.098	-0.1139	0.4364	0.4257	0.2586	0.4702	0.2277	0.3332	0.4106	0.1563	0.1648	-0.0863	0.2532	0.6357	0.2298	0.3644	0.3041	0.0494	0.3632	-0.1407	0.7327	0.1394	0.5583	-0.0815	0.5277	-0.05	0.4629	0.2931	-0.0308	0.6438	0.3324	0.5794	0.6657	0.0179	0.3941	0.7249	1.0	0.5982	0.3579	-0.1586	0.1374	-0.2214	-0.2326	-0.1434	-0.0486	0.1633	-0.1621	-0.1285	-0.2091	-0.1864	-0.1334	-0.0331	-0.2995	-0.3073	-0.0168	0.0569	0.1156	-0.1163	-0.1917	-0.0198	-0.2412	-0.2398	-0.0737	-0.4777	-0.4758	-0.1862	-0.222	-0.2219	-0.1137	-0.4018	0.0362	0.2734	-0.1351	-0.3685	-0.5703	-0.333	-0.4792	-0.4762	-0.4486	-0.4222	-0.4831	-0.4227	-0.4404	-0.5549	-0.3931	-0.5935	-0.4042	-0.2995	-0.5522	-0.5973	-0.3151	-0.1291	-0.3492	-0.5315	-0.2557	-0.4612	-0.5216	0.0101	-0.2801	0.2215	0.0015	-0.1011	-0.19	-0.3688	-0.0406	0.0517	-0.0777	0.0692	0.0975	0.1987	-0.3203	-0.1777	-0.367	-0.0652	0.1709	-0.1945	-0.0718	0.1433	0.0531	-0.0465	-0.3449	0.0149	0.3861	0.1343	0.2459	-0.3647	0.1253	-0.121	-0.3828	0.24	0.1987	-0.0017	0.2422	0.3823	0.2182	0.0765	0.3366	0.57	0.2977
LH_Default_pCunPCC_4	-0.2349	-0.2734	-0.2492	-0.1983	-0.2429	-0.2006	0.0237	-0.1597	-0.0858	-0.1669	-0.448	-0.2922	-0.4014	-0.4208	-0.0355	0.0668	-0.1887	-0.2346	-0.2657	-0.0624	-0.3852	-0.4502	0.034	0.0769	0.0346	0.0341	-0.0239	-0.3417	0.181	-0.3468	0.0284	-0.0921	0.2424	0.0209	-0.0516	0.14	-0.143	-0.2808	0.0871	-0.3635	-0.2961	0.0069	0.0921	-0.2162	-0.3436	-0.2992	-0.2639	-0.0811	-0.2033	-0.2895	-0.1068	-0.3029	-0.3082	-0.5216	0.2854	0.0249	0.1473	0.3218	0.1363	-0.1845	0.3885	0.3043	-0.0195	0.3033	0.1891	0.2408	0.5782	0.2492	0.3149	0.4648	0.5948	0.3836	0.0957	0.25	0.4407	0.3447	0.3486	0.3878	0.4401	0.569	0.1511	0.7103	0.0507	0.5633	-0.0215	0.5273	0.0234	0.4298	0.2831	-0.0575	0.403	0.1906	0.5134	0.5048	-0.1197	0.5775	0.7117	0.5982	1.0	0.4596	-0.1481	0.2724	-0.5127	-0.443	-0.2844	-0.3969	0.2115	-0.3793	-0.2414	-0.1525	-0.4445	-0.3355	-0.1385	-0.6082	-0.4317	-0.1712	-0.0026	-0.0789	-0.3598	-0.3185	-0.1285	-0.3297	-0.2842	-0.1079	-0.4598	-0.5259	-0.2552	-0.1322	-0.3859	-0.4041	-0.541	-0.0397	0.1213	-0.1321	-0.3223	-0.5273	-0.2634	-0.2575	-0.2465	-0.1269	-0.263	-0.4251	-0.1225	-0.4194	-0.3673	-0.4008	-0.3905	-0.1889	-0.3116	-0.4897	-0.5653	-0.3191	-0.1187	-0.2014	-0.4884	-0.3543	-0.1986	-0.6839	0.215	-0.1932	0.4625	0.1236	0.0986	-0.103	-0.2534	0.0618	0.1638	-0.0222	0.1735	0.0082	0.4154	-0.2267	-0.0618	-0.3611	-0.0712	0.1203	0.1848	0.1735	0.2191	0.1196	-0.2716	-0.1464	0.312	0.4065	0.3111	0.1569	-0.1618	0.1768	-0.1102	-0.3332	0.231	0.1934	-0.1655	0.222	0.1289	0.1444	-0.15	0.4617	0.6285	0.6652
LH_Default_PHC_1	0.0088	-0.4267	-0.0695	-0.1803	-0.4055	0.3236	-0.1467	-0.4268	-0.2315	-0.0492	-0.2985	0.0584	-0.4122	-0.3053	-0.0309	-0.0473	0.0194	-0.3077	-0.2376	-0.2591	-0.3302	-0.3714	0.0998	0.1674	0.2784	0.097	0.0716	-0.1247	0.3397	-0.0538	0.4664	0.0353	0.1844	-0.0865	0.1657	0.1156	0.1537	-0.0735	0.2324	-0.1809	-0.0782	0.3293	0.0623	-0.3363	-0.3632	-0.2734	-0.2408	0.0349	-0.0658	-0.2222	0.0264	0.0848	-0.146	-0.4877	0.222	-0.0133	0.4653	0.3498	0.2286	-0.126	-0.0862	-0.1016	-0.0431	0.2011	0.4093	0.0182	0.3481	0.1985	0.2993	0.247	0.0933	-0.1413	0.3451	0.1811	0.2419	0.335	0.0764	0.0604	0.2286	0.5382	-0.2061	0.3539	0.1726	0.5768	-0.1137	0.4715	0.1412	0.4333	0.2302	0.2179	0.2586	0.2584	0.2267	0.4915	-0.1245	0.6808	0.3788	0.3579	0.4596	1.0	0.3077	0.5508	-0.4382	-0.4057	-0.3369	-0.4417	0.466	-0.5224	-0.1743	0.0587	-0.37	-0.4789	-0.189	-0.4429	-0.2101	-0.3502	-0.2529	-0.0214	-0.3985	-0.4598	-0.1445	-0.4329	-0.3041	-0.181	-0.4598	-0.2361	0.0027	0.0109	-0.2962	-0.1991	-0.3369	0.5183	0.3223	0.1184	-0.0731	-0.4048	-0.2047	-0.255	-0.1369	-0.3093	-0.263	-0.2806	0.0094	-0.2559	-0.0014	-0.1161	-0.3464	-0.3201	-0.5299	-0.5306	-0.4686	-0.365	-0.1815	-0.2611	-0.3679	-0.255	-0.1197	-0.5464	0.2752	0.0518	0.3179	0.2242	0.3021	0.1487	-0.4594	-0.2821	-0.0837	-0.1913	-0.0918	-0.11	-0.0505	-0.2952	-0.1516	-0.3358	-0.2369	-0.1109	-0.1444	-0.3375	0.1349	0.2983	-0.2201	0.087	0.1319	-0.0078	0.1815	-0.095	-0.1657	-0.1902	-0.2518	-0.2995	0.3147	0.0627	0.2208	0.2023	-0.1092	0.2475	-0.1654	0.6037	0.2732	0.1866
RH_Vis_1	0.3532	0.0742	0.3477	0.138	0.0206	0.4041	0.1812	-0.0675	0.1832	0.2098	0.3118	0.159	0.1589	0.3312	-0.0408	-0.0883	-0.0913	-0.0227	-0.1345	-0.3964	-0.0062	0.0485	-0.438	-0.2894	-0.0515	-0.2962	-0.0134	0.0603	-0.2292	-0.099	0.5878	0.357	0.2666	-0.0134	0.0396	0.1928	0.2978	0.4041	0.1743	0.1881	0.1454	0.1119	-0.0653	0.0219	0.179	0.2133	0.0156	0.0441	0.3375	0.1439	-0.1045	0.2334	0.1972	0.1031	0.0059	0.1961	0.1443	0.3332	-0.0045	0.0072	-0.4011	-0.0674	0.1073	0.0284	0.0328	-0.2256	-0.2799	-0.2614	0.1212	-0.3109	-0.0272	0.0077	0.1289	-0.2591	-0.2698	0.0061	-0.2833	-0.2335	0.1401	0.2236	-0.032	-0.196	-0.0062	0.0537	0.082	-0.0199	0.1146	0.0127	-0.0523	-0.0636	-0.1563	-0.1325	-0.2886	-0.1134	-0.3683	0.1745	-0.1314	-0.1586	-0.1481	0.3077	1.0	0.3511	0.0636	0.1724	0.0797	-0.2515	0.3226	-0.0064	0.1924	0.1326	0.1387	0.0343	0.1197	0.0543	0.333	-0.3168	-0.3136	-0.262	-0.1848	0.065	0.1387	-0.3153	0.0813	-0.2335	0.0202	0.1363	-0.1357	0.0907	-0.058	0.0652	0.0924	0.1645	-0.1467	-0.1273	0.3419	0.081	-0.014	0.0049	0.144	0.0921	0.3226	0.2599	0.151	0.2028	0.2696	0.058	0.1114	0.1793	-0.0053	0.1492	0.2749	0.1055	-0.0014	-0.0354	0.1707	0.0359	0.1943	0.0689	0.0684	0.3611	-0.1996	0.1076	0.4561	0.1221	-0.1416	-0.4045	-0.0052	-0.035	-0.1368	-0.2593	-0.2256	-0.1259	0.0698	-0.2223	-0.5522	-0.2304	0.087	-0.0388	-0.0054	-0.2326	-0.277	0.3038	-0.059	-0.3679	-0.2557	-0.2045	0.1035	-0.456	-0.1221	0.0527	0.1219	0.007	0.2007	-0.0117	-0.3258	-0.0715	-0.3032	0.2055	0.0063	-0.0909
RH_Vis_2	0.3033	-0.172	-0.0623	0.0731	-0.1772	0.4429	0.1273	-0.2962	0.0196	0.1014	-0.1107	0.246	-0.1261	-0.007	0.0133	0.0775	0.032	-0.0109	0.0123	-0.149	-0.0117	-0.1093	0.0534	-0.0477	0.1901	0.0692	0.0645	0.0188	0.3493	-0.074	0.2502	-0.0393	-0.0594	0.1489	0.1719	-0.0153	0.2821	0.0847	0.4792	0.0467	0.1369	0.4024	-0.1751	-0.134	-0.0787	-0.0393	0.0387	0.0592	0.1643	-0.0284	0.1571	0.0505	0.1622	-0.2011	-0.0835	-0.1629	0.1918	0.3164	0.3312	-0.2989	-0.3588	-0.3757	-0.113	-0.0797	0.113	-0.4692	-0.0187	0.016	-0.1994	-0.1026	0.1557	-0.1637	0.3851	-0.0646	-0.1233	0.0975	-0.3973	-0.4042	0.2119	0.6417	-0.0213	0.1412	-0.1291	0.5132	-0.3851	0.4018	-0.016	0.3871	0.0957	0.1369	-0.0935	-0.1919	-0.1794	0.4456	-0.1259	0.6879	0.2882	0.1374	0.2724	0.5508	0.3511	1.0	-0.1926	-0.0714	-0.2675	-0.342	0.537	-0.2491	-0.0408	0.2246	-0.2165	-0.2844	0.0807	-0.2428	-0.0074	-0.1057	0.0921	-0.0872	-0.3526	-0.1963	-0.0164	-0.276	-0.1327	-0.04	-0.1754	-0.0523	-0.0428	0.0776	-0.0982	-0.0929	-0.1379	0.4221	0.2867	0.0579	-0.0609	-0.3438	0.0215	-0.1519	0.0694	0.03	-0.0749	0.0114	0.37	-0.0408	0.1446	0.2479	-0.2439	-0.239	-0.3029	-0.1871	-0.3248	-0.2829	0.0047	-0.0148	-0.1444	-0.0477	0.1786	-0.2049	0.0093	-0.0129	0.3004	-0.0323	0.2173	0.15	-0.3258	-0.2985	-0.0916	-0.1919	-0.2534	-0.3459	-0.2454	-0.2014	-0.2803	-0.1142	-0.2314	-0.2729	0.1202	-0.419	0.1121	0.3438	-0.2831	0.4884	0.3647	-0.0008	-0.0271	-0.1465	0.1885	-0.2941	-0.4437	-0.349	0.2641	0.3386	0.1914	0.2763	-0.1868	0.5617	0.0686	0.7184	0.2518	0.3907
RH_Vis_3	0.5663	0.6427	0.4953	0.2448	0.4078	0.1103	0.0054	0.4354	0.3666	0.0912	0.8019	0.1771	0.6287	0.7112	-0.1751	-0.1273	-0.0254	-0.1013	-0.0807	-0.1107	0.1202	0.2268	-0.263	-0.0683	-0.0971	-0.0945	-0.2423	0.1851	-0.3656	-0.029	-0.134	-0.04	-0.0572	0.0972	0.1994	-0.0491	0.1862	0.3986	-0.1162	0.146	0.237	-0.147	-0.1792	0.1871	0.1094	0.0266	-0.1065	-0.2245	-0.0315	-0.2693	0.0062	0.1646	0.2766	0.2586	-0.4598	-0.1294	-0.4645	-0.3351	-0.3852	0.0113	-0.4219	-0.2388	-0.1748	-0.2625	-0.1775	-0.312	-0.5891	-0.3317	-0.2522	-0.2527	-0.2034	-0.2522	-0.0642	-0.2025	-0.2286	-0.2176	-0.2933	-0.3041	-0.218	-0.3273	0.0652	-0.3643	0.1065	-0.2219	-0.1612	-0.3309	-0.2025	-0.1818	-0.1448	-0.0471	-0.2149	-0.2318	-0.3068	-0.2403	0.0295	-0.2779	-0.2904	-0.2214	-0.5127	-0.4382	0.0636	-0.1926	1.0	0.6601	0.767	0.4971	-0.1774	0.6152	0.2454	-0.0756	0.8538	0.7098	0.2862	0.7275	0.7331	0.1434	0.059	-0.1137	0.2661	0.2161	0.1009	0.1209	0.3347	-0.0308	0.3838	0.0829	-0.1462	0.0461	0.1099	0.1215	0.2311	-0.1839	-0.1713	-0.1949	0.4904	0.5277	0.2226	0.0452	0.2096	0.3286	0.4785	0.6559	0.0795	0.2837	0.2793	0.2568	0.0832	0.0496	0.2723	0.232	0.3641	0.0718	-0.1291	-0.0765	0.2646	0.1728	0.0029	0.357	-0.4099	0.0613	-0.3627	-0.3444	-0.4378	-0.053	0.0088	-0.1868	-0.0355	-0.0227	-0.3277	-0.1051	-0.438	-0.1851	-0.0891	0.161	-0.0728	-0.1411	0.1227	0.1455	-0.1136	-0.2661	0.0151	0.1473	-0.3144	-0.2815	-0.2646	-0.0575	0.0912	-0.1107	0.0125	-0.086	-0.0876	0.0151	-0.0201	-0.1073	0.0167	-0.083	0.1015	-0.3082	-0.2361	-0.3786
RH_Vis_4	0.6578	0.5455	0.4826	0.6487	0.186	0.1147	0.4877	0.2636	0.3643	0.573	0.6699	0.5212	0.8154	0.6079	-0.0897	0.0772	-0.1042	0.1817	-0.0353	-0.1538	0.402	0.5048	-0.4233	-0.2743	-0.0203	-0.3641	0.0509	0.2401	-0.4841	0.0134	0.0208	0.2995	0.237	0.2927	0.2707	0.255	0.3908	0.5124	0.1699	0.2723	0.3493	0.0246	-0.0058	0.4476	0.4267	0.35	0.065	0.1185	0.395	0.1048	0.0831	0.4235	0.5176	0.4758	-0.3156	-0.1111	-0.4166	-0.2082	-0.3915	-0.281	-0.4468	-0.0149	0.116	-0.179	-0.3917	-0.4738	-0.6604	-0.1263	-0.2754	-0.4482	0.0865	0.1135	0.0374	-0.5117	-0.5277	-0.5106	-0.597	-0.4285	-0.2578	-0.216	-0.1366	-0.5723	-0.1402	-0.2385	-0.1672	-0.3656	-0.3444	-0.3592	-0.4329	-0.1736	-0.4289	-0.5148	-0.6234	-0.4803	-0.2578	-0.3175	-0.3607	-0.2326	-0.443	-0.4057	0.1724	-0.0714	0.6601	1.0	0.4097	0.4848	-0.0171	0.3941	0.6815	0.277	0.5567	0.7653	0.6729	0.7103	0.5315	0.1624	0.2024	-0.2427	0.1927	0.2986	0.2006	0.1297	0.6144	-0.0063	0.4754	0.1608	-0.274	0.0948	0.1127	0.2282	0.2668	-0.1654	-0.4338	-0.3217	0.4525	0.4533	0.1336	0.1616	0.1892	0.4839	0.6269	0.7238	0.2489	0.4839	0.221	0.2657	0.2938	0.082	0.5427	0.4585	0.4839	0.0861	0.1929	0.3373	0.4699	0.3304	0.3594	0.4244	-0.2952	0.061	-0.0987	-0.2831	-0.2918	-0.2793	0.045	-0.2304	0.027	0.0425	-0.1267	-0.3061	-0.3618	0.1282	0.0526	0.0737	-0.243	-0.3515	0.426	0.3524	0.0536	-0.0361	-0.207	0.099	-0.4001	-0.5022	-0.5457	-0.3483	0.156	-0.4276	-0.1789	-0.039	-0.3289	0.0384	0.2077	-0.2812	-0.2593	-0.1887	0.0381	-0.281	-0.1847	-0.2133
RH_Vis_5	0.3412	0.7512	0.6818	0.062	0.6758	0.0511	0.0521	0.5469	0.5935	-0.022	0.724	0.0926	0.4045	0.75	-0.1635	-0.1906	-0.0842	-0.1672	-0.2215	-0.0657	0.0608	0.1397	-0.2449	-0.0714	-0.0861	-0.156	-0.3681	0.0176	-0.3647	-0.0295	-0.1319	-0.2317	-0.0706	0.0217	0.2276	-0.1189	-0.0212	0.4604	-0.3805	-0.0573	-0.1454	-0.5035	-0.2686	0.0478	-0.0154	-0.2189	-0.1363	-0.4014	-0.1011	-0.2959	-0.1743	0.0145	-0.013	0.1586	-0.3539	-0.0246	-0.331	-0.1346	-0.4352	0.1691	-0.2578	-0.1563	-0.3607	-0.3782	-0.1597	-0.0854	-0.3944	-0.4854	-0.1511	-0.0857	-0.0926	-0.1848	-0.2439	-0.0251	-0.1126	0.079	-0.0319	-0.0559	-0.2281	-0.435	-0.0289	-0.1552	0.2867	-0.0852	0.0815	-0.0994	-0.0635	-0.072	0.0372	-0.0711	-0.0481	-0.1178	-0.0835	-0.2511	-0.0384	-0.2055	-0.0855	-0.1434	-0.2844	-0.3369	0.0797	-0.2675	0.767	0.4097	1.0	0.1894	-0.3109	0.7562	0.0821	-0.1105	0.8535	0.5471	0.1074	0.564	0.7939	-0.1082	-0.1286	-0.2031	0.1071	0.0912	-0.0414	-0.0529	0.0847	-0.0729	0.2518	-0.0667	-0.1807	0.0932	0.0275	-0.0368	0.0238	-0.2548	-0.1883	-0.0714	0.5653	0.432	0.2511	-0.0036	0.2351	0.2273	0.4789	0.5124	-0.2114	0.1379	0.2222	-0.1244	0.0177	0.0068	0.0887	0.0613	0.312	0.0274	-0.2291	-0.2463	0.0939	-0.0423	-0.1736	0.1945	-0.2593	0.0956	-0.2748	-0.2546	-0.3765	0.0308	-0.015	-0.0702	-0.0384	-0.0396	-0.2092	-0.0057	-0.0782	-0.1927	0.0414	0.0063	-0.1402	0.089	0.1322	0.2241	-0.2575	-0.3291	0.0457	-0.1588	-0.2113	-0.0639	-0.0882	0.0681	-0.0314	0.1361	0.1353	0.0235	0.0925	0.1809	-0.0194	0.0832	0.1395	-0.2668	-0.1465	-0.2064	0.0511	-0.2858
RH_Vis_6	0.1956	0.0582	0.017	0.4276	-0.0501	-0.0874	0.1261	0.2639	-0.2367	0.2797	0.276	0.1728	0.4515	0.1385	-0.2207	-0.0899	0.1494	0.0045	0.0357	-0.0303	0.103	0.2147	-0.0278	0.0502	0.0697	-0.0541	0.1743	0.3594	-0.2146	0.0728	-0.2107	-0.121	-0.1376	0.0822	-0.0357	-0.0691	-0.0056	-0.0165	0.0559	0.2989	0.3041	0.0685	-0.1338	0.1099	0.1056	0.0135	-0.0301	-0.1115	-0.0289	-0.1704	0.2497	0.2028	0.3823	0.3366	-0.4518	-0.1271	-0.2162	-0.2854	-0.234	-0.0122	-0.1113	-0.1426	-0.1548	-0.25	-0.356	-0.1524	-0.3627	0.0233	-0.2197	-0.2204	-0.128	0.0385	-0.0865	0.0243	-0.2732	-0.3577	-0.173	-0.1579	-0.293	-0.3893	-0.0266	-0.3065	-0.0434	-0.3086	-0.1693	-0.2065	-0.2044	-0.2054	-0.2081	-0.0501	-0.2299	-0.1433	-0.246	-0.2591	0.1314	-0.3208	-0.2178	-0.0486	-0.3969	-0.4417	-0.2515	-0.342	0.4971	0.4848	0.1894	1.0	-0.0329	0.3286	0.3579	0.1204	0.2993	0.4201	0.3053	0.4854	0.1264	0.3791	0.01	0.2203	0.3284	0.0451	0.0157	0.2246	0.37	-0.0099	0.2763	0.1415	-0.075	-0.0077	0.1197	0.1922	0.2301	-0.1702	-0.1588	-0.0414	0.0177	0.4178	0.0221	-0.0883	-0.0724	0.1145	0.0709	0.2277	0.0892	0.3089	-0.0158	0.2666	-0.0177	0.0964	0.2673	0.1299	0.2639	0.06	0.0308	0.1864	0.2004	0.3118	0.1245	0.399	-0.2167	-0.0763	-0.0042	-0.0366	-0.2953	-0.1694	0.1684	0.0311	-0.1479	-0.1584	-0.1353	-0.0739	-0.2107	0.074	-0.1211	0.44	0.2732	0.016	0.0552	0.1597	-0.2224	-0.0884	0.1287	-0.0885	-0.2071	-0.0992	-0.0179	-0.1631	0.082	0.0276	0.133	-0.0164	-0.2877	-0.1428	-0.037	-0.1324	0.1249	-0.0274	0.2099	-0.3339	-0.1836	-0.1864
RH_Vis_7	0.1762	-0.2768	-0.0605	0.1701	-0.3502	0.4048	0.0384	-0.1839	-0.1677	0.2049	-0.1757	0.171	-0.0844	-0.0955	0.0792	0.2677	0.1233	0.1739	0.0661	-0.1391	-0.0153	-0.2913	-0.0481	-0.0373	0.2456	-0.0347	0.1795	0.0301	0.0712	-0.1319	0.2734	0.1857	0.181	0.1069	0.021	0.096	0.246	0.0213	0.438	0.2336	0.284	0.4781	0.1014	0.1244	0.1028	0.1822	0.1935	0.2093	0.2496	0.0355	-0.0825	0.0122	0.3107	-0.2505	-0.0176	0.0129	0.1186	0.0542	0.07	-0.2192	-0.1214	0.009	0.1544	0.1044	0.0185	-0.1913	0.0121	0.0985	0.0725	-0.1132	0.1532	0.0554	0.3705	-0.2973	-0.1265	-0.1533	-0.277	-0.1831	0.2909	0.4656	-0.1178	-0.005	-0.2205	0.1574	-0.2394	0.0841	-0.2472	0.0507	-0.2317	-0.0776	-0.1648	-0.2178	-0.1617	0.1243	-0.4337	0.3888	0.0331	0.1633	0.2115	0.466	0.3226	0.537	-0.1774	-0.0171	-0.3109	-0.0329	1.0	-0.3191	0.0471	0.2311	-0.246	-0.1666	0.1435	-0.2197	-0.119	0.0509	-0.0928	0.0761	-0.3584	-0.1206	0.0714	-0.3355	0.0551	-0.246	-0.1584	-0.2098	-0.2043	-0.115	-0.3514	-0.1326	-0.2303	0.3191	-0.0431	-0.2018	0.008	-0.021	-0.2073	0.1332	0.0124	0.0857	0.0944	0.0537	0.31	-0.0393	0.2223	0.1401	0.1243	0.0073	-0.0064	0.0164	-0.1004	-0.1727	0.2688	0.2026	0.0672	0.0518	0.3319	-0.3033	-0.0227	0.0153	0.0391	0.0023	0.099	-0.1209	-0.0742	-0.084	0.0973	0.0249	-0.1878	-0.1486	-0.0903	0.1741	0.0406	-0.1245	-0.1897	-0.0984	0.1503	-0.1123	0.1788	0.2487	-0.5033	0.342	0.0971	-0.0986	-0.0874	-0.1042	0.1492	-0.4203	-0.4746	-0.2736	0.0953	0.1625	0.0783	-0.0933	-0.3793	0.2019	0.0062	0.2986	0.1175	0.2641
RH_Vis_8	0.2518	0.7354	0.4517	0.2775	0.8818	0.0681	0.2886	0.4819	0.6018	0.1786	0.6088	0.1991	0.4941	0.7168	0.027	0.0163	0.1769	-0.0226	-0.054	-0.0003	0.2287	0.3043	-0.1096	-0.0576	-0.1654	-0.1443	-0.1503	0.1052	-0.2904	0.1938	-0.383	-0.326	-0.2189	-0.0733	0.0637	-0.3223	-0.0516	0.3643	-0.2333	0.0752	-0.0403	-0.3901	-0.4819	0.1702	0.0181	-0.1199	0.0139	-0.3426	-0.0413	-0.25	-0.119	0.0369	0.1548	0.3297	-0.438	0.0434	-0.2584	0.0014	-0.3401	0.1423	-0.3306	-0.2801	-0.4045	-0.4907	-0.2882	-0.2605	-0.5581	-0.5633	-0.4239	-0.4028	-0.0228	-0.0472	-0.2489	-0.0521	-0.2445	-0.0639	-0.2375	-0.2709	-0.2992	-0.4034	-0.0489	-0.2327	0.1619	-0.1343	-0.0817	-0.1036	-0.2152	-0.0884	-0.0602	-0.1158	-0.2215	-0.3481	-0.2831	-0.3118	-0.0502	-0.2401	-0.1304	-0.1621	-0.3793	-0.5224	-0.0064	-0.2491	0.6152	0.3941	0.7562	0.3286	-0.3191	1.0	0.1665	0.1503	0.7336	0.5168	0.2463	0.6113	0.6375	0.1126	-0.0239	-0.0383	0.2855	0.199	0.035	0.134	0.2022	0.0933	0.4161	0.276	-0.0649	0.194	0.2004	0.1831	0.1916	-0.2603	-0.1757	-0.0563	0.2304	0.361	0.1531	0.0313	0.2293	0.2981	0.3312	0.4244	-0.0314	0.246	0.1259	0.0913	-0.0046	0.0172	0.188	0.1983	0.2133	0.0663	-0.0387	-0.0268	0.1432	0.2359	0.061	0.4126	-0.1764	0.0565	-0.1804	-0.1918	-0.3084	0.1456	0.1249	-0.0854	-0.1547	-0.1176	-0.1859	-0.1526	-0.2031	-0.0485	-0.1588	0.1752	-0.1	-0.0438	0.2388	0.2603	-0.3065	-0.244	-0.0116	-0.0249	-0.1077	-0.0515	-0.1557	-0.0209	0.0282	0.1073	-0.0393	0.0191	0.0535	0.1747	0.0253	0.0942	0.0878	-0.1761	-0.1108	-0.1745	0.0842	-0.1866
RH_Vis_9	0.4594	0.3223	0.2056	0.6939	0.0364	0.2961	0.7076	-0.1869	0.2484	0.8973	0.414	0.603	0.7192	0.3487	-0.2557	-0.1016	-0.2479	0.0226	-0.1476	-0.2855	0.3215	0.5022	-0.5015	-0.2686	-0.1102	-0.4521	-0.0221	0.1531	-0.3808	0.2218	0.0628	0.1786	0.1985	-0.047	0.0112	0.1815	0.2799	0.2655	0.2869	0.1507	0.2736	0.1549	-0.1022	0.2424	0.2489	0.2644	0.0545	0.2076	0.3412	0.1304	0.2053	0.4374	0.5488	0.4608	-0.2757	-0.2024	-0.0571	0.0357	-0.331	-0.4257	-0.3748	-0.0071	0.0785	-0.2041	-0.3702	-0.3964	-0.5156	-0.0978	-0.1373	-0.3033	0.2357	0.3312	-0.0941	-0.2812	-0.4892	-0.4629	-0.508	-0.371	-0.0955	-0.1448	-0.1954	-0.4656	-0.1638	-0.181	-0.0751	-0.2623	-0.1829	-0.2738	-0.4112	-0.0217	-0.4625	-0.3948	-0.5109	-0.4262	-0.2396	-0.179	-0.2303	-0.1285	-0.2414	-0.1743	0.1924	-0.0408	0.2454	0.6815	0.0821	0.3579	0.0471	0.1665	1.0	0.493	0.2911	0.6025	0.8318	0.5608	0.2396	-0.0249	-0.0195	-0.3628	0.0036	0.0407	-0.1412	-0.0668	0.6884	-0.2447	0.3029	0.0859	-0.4272	-0.01	-0.0195	0.1151	0.1821	-0.2152	-0.4707	-0.3876	0.1069	0.0929	-0.2073	0.0453	0.0099	0.3782	0.4633	0.4664	0.268	0.2772	-0.0297	0.1559	0.2497	0.0983	0.3234	0.2402	0.4386	0.0146	0.1558	0.279	0.3597	0.2465	0.3698	0.3386	-0.29	-0.147	0.0614	0.0555	-0.1444	-0.2407	0.0974	-0.1992	0.0114	-0.026	-0.0336	-0.4028	-0.2627	0.0495	0.1041	0.1222	-0.1724	-0.2116	0.4393	0.3253	0.2554	0.0212	-0.1681	0.0004	-0.193	-0.4028	-0.3585	-0.472	0.2204	-0.3505	-0.08	0.0986	-0.3426	-0.1245	0.0675	-0.2961	-0.2675	-0.168	-0.0756	-0.0911	-0.0912	0.0691
RH_Vis_10	0.3346	0.0032	0.1757	0.5161	0.1349	0.3277	0.4462	-0.3053	0.0871	0.6818	0.0956	0.6624	0.2945	0.2024	0.1306	0.2736	0.2505	0.3547	0.2734	-0.2757	0.2941	0.4034	-0.0997	-0.2554	0.3282	-0.3206	0.115	0.1817	-0.1263	0.2953	0.1507	0.1216	0.1689	0.1218	0.1699	0.1708	0.3162	0.3124	0.4175	0.4106	0.2445	0.3025	-0.0676	0.2623	0.3293	0.2376	0.3681	0.453	0.4758	0.3364	0.2889	0.4577	0.5744	0.2808	-0.1608	0.0241	0.3052	0.0647	0.0261	-0.2236	-0.4621	-0.1443	0.0075	-0.2936	-0.3585	-0.4534	-0.3842	-0.0562	-0.2392	-0.3819	0.2871	0.1966	0.1859	-0.2754	-0.5726	-0.2671	-0.5576	-0.4438	-0.1708	0.1068	-0.1949	-0.462	-0.2886	0.0891	-0.1352	-0.0031	-0.0955	-0.0726	-0.3496	0.204	-0.5863	-0.4055	-0.6228	-0.3102	-0.3666	0.2326	-0.2475	-0.2091	-0.1525	0.0587	0.1326	0.2246	-0.0756	0.277	-0.1105	0.1204	0.2311	0.1503	0.493	1.0	-0.0555	0.0644	0.4877	0.1752	0.093	0.3098	0.0145	-0.0931	-0.0089	0.0002	-0.0096	-0.0995	0.4392	-0.2102	0.2108	0.2918	-0.153	0.2354	-0.1213	0.2096	0.0992	0.045	-0.3199	-0.0278	0.1291	0.0649	0.0255	0.1286	0.1758	0.3514	0.3102	0.2931	0.4513	0.3461	0.2865	0.2035	0.1351	-0.1769	0.1178	0.2443	0.1028	-0.2007	0.2738	0.4525	0.2911	0.3714	0.5897	0.2255	0.0869	0.1461	0.2218	0.0777	0.0222	0.1873	-0.1329	-0.2623	-0.1759	-0.122	-0.1056	-0.5469	-0.2749	0.1696	-0.0208	-0.0627	-0.3435	-0.4811	0.5174	0.0523	0.2529	0.243	-0.4102	0.1508	-0.0436	-0.4348	-0.3142	-0.5234	0.0946	-0.4366	-0.4354	-0.0819	-0.1109	0.0921	0.4441	-0.1408	-0.5649	-0.0391	-0.2131	0.3093	0.0318	0.1607
RH_Vis_11	0.5256	0.7743	0.6094	0.1826	0.6186	0.1914	0.1036	0.401	0.6322	0.1708	0.8773	0.2614	0.6384	0.8678	-0.2026	-0.2508	-0.1054	-0.1887	-0.2818	-0.0755	0.1905	0.3689	-0.3472	-0.0846	-0.174	-0.1362	-0.2684	0.0485	-0.4087	0.1168	-0.1247	-0.1905	-0.1684	-0.0495	0.2083	-0.1844	0.0906	0.4963	-0.2698	-0.0326	-0.0026	-0.37	-0.3894	0.1042	0.0527	-0.0726	-0.1305	-0.4075	-0.0427	-0.2627	-0.0608	0.146	0.1441	0.338	-0.3692	-0.1387	-0.2913	-0.1288	-0.4388	0.1103	-0.4427	-0.3483	-0.3531	-0.388	-0.1617	-0.2933	-0.5871	-0.5902	-0.2718	-0.2779	-0.2231	-0.2734	-0.2123	-0.0579	-0.2103	0.0281	-0.1759	-0.1826	-0.1197	-0.3985	0.0536	-0.2298	0.3284	-0.11	0.0164	-0.147	-0.0865	-0.0042	0.0528	-0.0013	-0.1384	-0.2235	-0.2055	-0.2296	0.0159	-0.2268	-0.1194	-0.1864	-0.4445	-0.37	0.1387	-0.2165	0.8538	0.5567	0.8535	0.2993	-0.246	0.7336	0.2911	-0.0555	1.0	0.724	0.3203	0.7921	0.8719	-0.0871	-0.0753	-0.2054	0.2404	0.2752	0.0774	0.0755	0.2763	-0.0148	0.4114	0.013	-0.0899	0.206	0.2434	0.1981	0.2584	-0.2081	-0.186	-0.1168	0.4609	0.4203	0.2933	-0.113	0.3492	0.2151	0.4668	0.6162	-0.0899	0.2562	0.1739	0.0554	0.0142	0.0338	0.1886	0.1855	0.3273	0.1374	-0.2068	-0.2293	0.2293	0.1126	-0.0938	0.4083	-0.3797	0.0622	-0.3886	-0.2376	-0.2941	0.0192	-0.0009	-0.2867	-0.2157	-0.1938	-0.2017	-0.2188	-0.3817	-0.3089	-0.1586	0.0914	-0.2205	-0.0851	0.0711	0.1422	-0.1764	-0.333	0.0338	-0.0097	-0.2165	-0.2354	-0.1457	-0.1203	0.1168	-0.0128	0.1173	0.0327	0.0688	0.091	0.031	0.062	0.0933	-0.198	-0.1702	-0.2207	-0.047	-0.4008
RH_Vis_12	0.5667	0.6484	0.3694	0.528	0.292	-0.0219	0.4085	0.2428	0.4083	0.4484	0.7662	0.2818	0.8881	0.6255	-0.1408	0.0095	-0.3273	0.0036	-0.2432	-0.1854	0.2513	0.3061	-0.4107	-0.1686	-0.1276	-0.3328	-0.1879	0.0667	-0.4915	-0.0401	-0.2062	0.1619	0.106	0.0779	0.0822	0.1206	0.2664	0.4239	0.0954	0.0902	0.2204	-0.0967	-0.1501	0.3493	0.3107	0.3486	0.05	-0.067	0.1031	-0.0483	0.0431	0.121	0.4211	0.2799	-0.3317	-0.1091	-0.4427	-0.2727	-0.5827	-0.1113	-0.1836	0.0416	0.1106	-0.1276	-0.3961	-0.3027	-0.5515	-0.3343	-0.19	-0.3765	0.1176	0.0836	-0.116	-0.3275	-0.2584	-0.3679	-0.2885	-0.2012	-0.0706	-0.2391	0.0545	-0.4197	0.005	-0.3073	-0.0399	-0.4112	-0.3426	-0.3093	-0.3271	-0.3164	-0.3168	-0.4247	-0.3952	-0.4401	-0.2655	-0.4222	-0.2876	-0.1334	-0.3355	-0.4789	0.0343	-0.2844	0.7098	0.7653	0.5471	0.4201	-0.1666	0.5168	0.6025	0.0644	0.724	1.0	0.6911	0.7932	0.5028	-0.0043	0.0844	-0.2837	0.1405	0.3927	-0.0494	0.0084	0.5203	-0.1456	0.3029	-0.002	-0.281	-0.0749	0.0034	0.1325	0.165	-0.3822	-0.4352	-0.4533	0.2661	0.3468	-0.0721	0.1784	0.0862	0.5203	0.5205	0.6225	0.1942	0.3842	-0.0447	0.2319	0.259	0.2242	0.4743	0.3799	0.3857	0.2084	0.1252	0.1047	0.3994	0.1322	0.2199	0.3003	-0.2692	-0.0593	-0.2026	-0.1907	-0.4219	-0.265	0.3153	0.0164	0.1348	0.1028	-0.0205	-0.1294	-0.2696	0.0327	0.0661	0.1707	-0.102	-0.0646	0.3738	0.4676	0.0768	-0.2355	-0.1313	0.0943	-0.3068	-0.2412	-0.2391	-0.1041	0.2333	-0.075	0.0465	0.0937	-0.2489	-0.0721	-0.0374	-0.2314	-0.1036	-0.2683	0.0422	-0.4462	-0.0545	-0.0992
RH_Vis_13	0.5022	0.3767	0.1705	0.7845	0.091	0.2239	0.6712	-0.1308	0.3346	0.8293	0.4566	0.6349	0.7802	0.4178	0.0046	0.0748	-0.2439	0.1116	-0.1521	-0.2876	0.3275	0.4715	-0.429	-0.1864	0.0294	-0.3913	0.0775	0.1396	-0.3401	0.198	-0.0723	0.1247	0.0922	-0.0282	0.0188	0.0924	0.2835	0.2812	0.401	0.2381	0.2327	0.1865	-0.2322	0.3001	0.2998	0.3443	0.1543	0.1889	0.3813	0.0863	0.2757	0.3347	0.6094	0.3592	-0.2655	-0.2053	-0.2184	-0.002	-0.3012	-0.3669	-0.3492	-0.068	0.0541	-0.186	-0.3944	-0.4808	-0.4823	-0.1692	-0.2748	-0.4664	0.3363	0.3669	-0.0282	-0.3009	-0.4077	-0.3944	-0.5277	-0.2947	-0.0318	0.0044	-0.0628	-0.4183	-0.1486	-0.1017	-0.2054	-0.1847	-0.2933	-0.1911	-0.3944	-0.0927	-0.4874	-0.5483	-0.5569	-0.3511	-0.3535	-0.0685	-0.1664	-0.0331	-0.1385	-0.189	0.1197	0.0807	0.2862	0.6729	0.1074	0.3053	0.1435	0.2463	0.8318	0.4877	0.3203	0.6911	1.0	0.6304	0.2355	0.0547	0.0806	-0.2718	0.0541	0.1616	-0.1243	-0.0485	0.6699	-0.1705	0.2348	0.0399	-0.3151	0.0242	-0.0592	0.1839	0.1048	-0.1746	-0.4419	-0.3849	0.0457	0.0765	-0.2154	0.0759	-0.0315	0.4425	0.3871	0.428	0.383	0.3466	-0.06	0.2122	0.1718	0.0809	0.3705	0.276	0.2155	0.0731	0.2435	0.2327	0.3622	0.2548	0.5057	0.2475	-0.2704	-0.2078	0.094	0.0863	-0.1641	-0.2019	0.1346	-0.1585	-0.016	-0.0374	-0.0739	-0.4561	-0.3554	0.0842	-0.0358	0.0955	-0.2118	-0.314	0.5323	0.3771	0.3003	0.1076	-0.38	0.104	-0.1174	-0.365	-0.2711	-0.4161	0.2909	-0.3507	-0.2119	-0.0787	-0.2044	0.0094	0.1	-0.215	-0.37	-0.077	-0.0495	-0.0438	0.0437	0.1767
RH_Vis_14	0.5382	0.6366	0.4419	0.48	0.4258	0.1687	0.3116	0.2618	0.4495	0.4588	0.781	0.5216	0.8178	0.742	-0.0811	-0.1409	-0.1265	-0.019	-0.1446	-0.061	0.437	0.5757	-0.259	-0.0046	-0.1201	-0.1499	-0.0723	0.2203	-0.3611	0.2552	-0.2057	-0.0532	-0.1452	-0.0721	0.1757	-0.117	0.2131	0.4198	-0.0678	0.1206	0.1747	-0.1254	-0.3384	0.2165	0.1614	0.144	0.0152	-0.1901	0.057	-0.0998	0.1037	0.3444	0.33	0.5326	-0.3925	-0.2292	-0.3072	-0.1944	-0.3994	-0.0217	-0.4309	-0.2801	-0.1889	-0.3529	-0.3598	-0.3309	-0.6261	-0.4103	-0.3395	-0.4178	-0.2055	-0.1607	-0.1283	-0.1687	-0.3266	-0.3023	-0.3681	-0.2608	-0.2704	-0.4146	-0.0566	-0.4975	0.1289	-0.3529	-0.1337	-0.3597	-0.2492	-0.2562	-0.2497	-0.0592	-0.3395	-0.3003	-0.4396	-0.4219	-0.0255	-0.4059	-0.3803	-0.2995	-0.6082	-0.4429	0.0543	-0.2428	0.7275	0.7103	0.564	0.4854	-0.2197	0.6113	0.5608	0.1752	0.7921	0.7932	0.6304	1.0	0.6696	0.0485	0.0833	-0.1063	0.4016	0.2641	0.047	0.2803	0.4781	0.1451	0.5392	0.2273	0.0209	0.2064	0.3594	0.3477	0.4211	-0.1785	-0.1966	-0.0749	0.2895	0.454	0.1551	0.0278	0.1897	0.3077	0.4446	0.606	0.0924	0.3876	0.1728	0.2757	0.1176	0.094	0.4011	0.3142	0.4156	0.1613	-0.0811	0.0049	0.3921	0.3069	0.1586	0.621	-0.411	-0.1332	-0.2941	-0.0955	-0.3107	-0.0801	0.1392	-0.2157	-0.1902	-0.1389	-0.2202	-0.282	-0.4856	-0.082	-0.1101	0.2369	-0.0383	-0.1886	0.132	0.1723	-0.0334	-0.2038	0.0133	0.0563	-0.2927	-0.3816	-0.2806	-0.331	0.1526	-0.1831	0.0751	0.0275	-0.2161	-0.1494	0.0633	-0.2019	-0.0927	-0.176	-0.0411	-0.3304	-0.2871	-0.4032
RH_Vis_15	0.5693	0.7044	0.8034	0.1367	0.6037	0.2918	0.1634	0.3419	0.6285	0.1825	0.8249	0.3825	0.4998	0.9141	-0.0295	-0.1891	-0.0183	-0.0902	-0.179	-0.115	0.2723	0.3797	-0.3981	-0.2327	-0.0395	-0.2349	-0.2091	0.1181	-0.4251	0.076	0.125	-0.0574	-0.0292	0.0843	0.4186	-0.0137	0.2684	0.6718	-0.2554	0.0636	0.0223	-0.3124	-0.3245	0.1637	0.0924	-0.1067	-0.1544	-0.3252	0.0919	-0.1547	-0.0998	0.2477	0.1184	0.3893	-0.3366	-0.1446	-0.1392	0.0199	-0.2028	-0.0007	-0.6469	-0.3594	-0.367	-0.424	-0.1997	-0.3803	-0.6712	-0.5683	-0.2907	-0.3086	-0.1927	-0.2933	-0.1245	-0.1424	-0.3456	0.038	-0.3113	-0.2444	-0.1467	-0.3156	-0.0315	-0.2925	0.2438	-0.0394	-0.0397	-0.0962	-0.0391	-0.0081	0.0071	0.1106	-0.2378	-0.2882	-0.3277	-0.2566	-0.0316	-0.0858	-0.168	-0.3073	-0.4317	-0.2101	0.333	-0.0074	0.7331	0.5315	0.7939	0.1264	-0.119	0.6375	0.2396	0.093	0.8719	0.5028	0.2355	0.6696	1.0	-0.0498	-0.0337	-0.2366	0.2434	0.1437	0.2251	0.0458	0.2293	0.0377	0.4333	0.1494	-0.0862	0.402	0.234	0.202	0.2837	-0.1159	-0.1768	0.0113	0.6715	0.489	0.4569	-0.0551	0.5518	0.2546	0.6384	0.7221	-0.0449	0.3151	0.4808	0.0337	0.033	-0.0227	0.1788	0.2096	0.3869	-0.0457	-0.2225	-0.1293	0.2152	0.2401	0.0009	0.4525	-0.3156	0.1466	-0.3738	-0.2272	-0.1349	0.0951	-0.2496	-0.4781	-0.2356	-0.1891	-0.3675	-0.3731	-0.4095	-0.3223	-0.1385	-0.0854	-0.3733	-0.2768	0.1503	0.0511	-0.1896	-0.2348	-0.1299	0.0651	-0.1777	-0.3809	-0.3175	-0.272	0.0624	-0.2591	-0.0256	-0.1187	0.111	0.1349	0.1278	0.0353	-0.105	-0.1657	-0.3153	-0.0276	-0.0897	-0.4107
RH_SomMot_1	0.0093	-0.1018	-0.0613	0.1489	0.0256	-0.1426	-0.0866	-0.0234	-0.2214	0.0857	-0.1013	0.1503	0.0375	-0.0874	0.3726	0.583	0.4723	0.4953	0.5148	0.105	0.1426	0.1666	0.2155	-0.0846	0.2397	-0.0012	0.2279	0.2357	-0.1073	-0.0146	-0.2387	0.1014	0.1526	0.3091	0.2978	0.1397	0.1734	-0.0038	0.0882	0.2909	0.2636	0.2257	0.2759	0.5124	0.2481	0.1186	0.2424	0.2846	0.198	0.068	0.0725	0.0034	0.1897	0.1801	-0.1501	-0.0349	-0.1294	-0.339	-0.0834	-0.2481	-0.0307	0.0865	0.1215	0.0775	-0.3312	-0.0791	-0.1978	0.2463	-0.1347	-0.0723	0.0301	0.0111	0.0878	-0.2625	-0.1557	-0.4075	-0.2433	-0.1965	-0.349	-0.1205	-0.1312	-0.2122	-0.4221	-0.1714	-0.2091	-0.1869	-0.3312	-0.2559	-0.3414	0.0656	-0.1799	-0.1854	-0.2484	-0.128	0.003	-0.1024	-0.2413	-0.0168	-0.1712	-0.3502	-0.3168	-0.1057	0.1434	0.1624	-0.1082	0.3791	0.0509	0.1126	-0.0249	0.3098	-0.0871	-0.0043	0.0547	0.0485	-0.0498	1.0	0.6063	0.344	0.5124	0.2505	0.3902	0.439	0.2423	0.0832	0.2644	0.2536	0.0725	0.0281	0.0141	0.021	0.0916	-0.1906	-0.0647	0.0398	0.0634	0.1571	0.1229	0.2311	-0.0013	0.1051	0.1386	0.1638	0.1549	0.1186	0.1629	0.2344	0.0412	-0.3277	0.3745	0.295	-0.0381	-0.1907	0.3312	0.4482	0.1252	0.5301	0.2459	0.1948	-0.108	-0.128	0.0697	-0.3128	-0.2234	-0.225	-0.1671	0.0254	0.092	0.206	-0.2003	-0.053	-0.1184	0.2444	-0.0497	-0.0642	0.1796	-0.2947	0.0829	-0.0803	0.1018	0.1597	-0.1677	0.0374	-0.2562	-0.1467	-0.3535	-0.0753	-0.2402	-0.2465	-0.4048	-0.2895	-0.3696	-0.1053	0.0546	-0.3846	-0.2346	0.0192	0.2208	-0.0889	-0.1969	-0.1186
RH_SomMot_2	0.1497	0.0341	-0.0254	-0.0004	-0.0046	-0.252	0.0661	0.03	-0.0363	0.0093	-0.0782	0.0693	0.0511	-0.0699	0.3438	0.5448	0.2208	0.4518	0.3033	0.3371	0.2506	0.1949	0.1903	-0.0364	0.0504	0.0649	0.019	0.1065	-0.0116	-0.122	-0.2882	0.1883	0.1687	0.4358	0.3886	0.1898	0.2686	0.0559	0.0475	-0.1173	0.1112	0.1569	0.3027	0.5181	0.2108	0.1497	0.1156	0.1889	0.1569	0.0642	-0.11	-0.0747	-0.0648	0.1287	0.0265	-0.3158	-0.276	-0.2732	-0.0865	-0.4645	0.1116	0.173	0.2237	0.2502	-0.3086	-0.0596	-0.0101	0.3215	-0.0927	0.0869	0.0801	-0.1034	0.2367	-0.347	0.0372	-0.3763	-0.2451	-0.2086	-0.2472	0.031	-0.0961	-0.041	-0.3857	-0.166	-0.2911	-0.1993	-0.4588	-0.2842	-0.3142	-0.2051	0.021	-0.1314	-0.0994	-0.0035	0.0569	-0.1807	-0.1244	0.0569	-0.0026	-0.2529	-0.3136	0.0921	0.059	0.2024	-0.1286	0.01	-0.0928	-0.0239	-0.0195	0.0145	-0.0753	0.0844	0.0806	0.0833	-0.0337	0.6063	1.0	0.139	0.3607	0.3018	0.3979	0.5205	0.0636	0.3208	0.2213	0.03	0.0565	-0.0496	0.1095	-0.0705	0.0512	-0.1124	0.1133	0.0014	0.0606	-0.0725	0.1961	0.2701	-0.0367	0.1522	0.1935	0.1879	0.0622	-0.0151	0.0119	0.2155	0.0525	-0.4215	0.4239	0.2688	-0.0793	-0.2603	0.2671	0.347	0.0467	0.3536	0.0314	0.1	-0.1812	-0.3262	0.0748	-0.4534	-0.3185	-0.4338	-0.1493	0.1046	0.2484	0.3243	-0.1179	0.0958	-0.0087	0.227	0.0361	-0.1525	0.2788	-0.1833	0.0587	-0.0404	0.0727	0.178	0.0228	0.0619	-0.2294	-0.0258	-0.451	0.0683	-0.2166	-0.1633	-0.3551	-0.2586	-0.3676	-0.1006	-0.0991	-0.3328	-0.0452	0.0389	0.3373	-0.1132	-0.1838	-0.03
RH_SomMot_3	-0.3289	-0.3185	-0.3018	-0.0618	-0.1204	-0.0032	-0.3616	0.0863	-0.4445	-0.282	-0.3483	-0.1681	-0.2793	-0.3203	0.2659	0.2842	0.5091	0.2854	0.3994	0.3726	-0.1197	-0.0906	0.4089	0.328	0.1815	0.3618	0.4425	0.0987	0.2327	0.0815	-0.1445	-0.1478	-0.1322	-0.1019	-0.0197	-0.2336	-0.0909	-0.3436	-0.0044	0.2051	-0.0197	0.1389	0.0048	0.0667	-0.0883	-0.1164	0.2035	-0.1638	-0.1366	-0.0459	-0.0935	-0.0763	-0.15	-0.1715	-0.0062	0.1774	-0.0204	-0.0686	0.1703	0.1771	0.2049	-0.0503	-0.0303	0.146	-0.0162	0.1876	0.2311	0.1836	0.0022	0.0245	-0.216	-0.1863	0.0546	0.1433	0.2593	-0.006	0.1265	0.1433	-0.2283	-0.0335	-0.0736	0.1635	-0.1209	0.0064	-0.1596	0.0148	-0.1862	-0.0183	0.0031	-0.0584	0.2165	0.0917	0.16	0.1838	0.2284	-0.024	0.0561	0.1156	-0.0789	-0.0214	-0.262	-0.0872	-0.1137	-0.2427	-0.2031	0.2203	0.0761	-0.0383	-0.3628	-0.0931	-0.2054	-0.2837	-0.2718	-0.1063	-0.2366	0.344	0.139	1.0	0.4099	0.0931	0.362	0.3456	-0.2869	0.3569	0.0667	0.1781	0.3836	0.1329	0.1721	0.1939	0.0921	0.1594	0.3217	0.3086	-0.2253	0.0607	0.0523	0.0144	-0.125	-0.2821	-0.3886	-0.2794	-0.1048	0.0743	0.0341	0.2215	-0.2419	-0.333	0.0031	-0.0554	-0.3613	0.0	0.1286	-0.0419	-0.1796	0.2283	-0.0744	-0.0259	0.2094	-0.1488	-0.0251	-0.0325	0.0099	0.016	-0.1173	0.1135	-0.0778	-0.0069	-0.1471	0.2129	0.0596	0.1465	-0.1707	0.0035	0.3118	0.0386	-0.3474	-0.2985	-0.2235	-0.1006	0.1511	-0.0753	-0.0908	0.2123	0.0459	0.2191	-0.3556	0.0687	-0.1416	-0.2043	-0.0572	-0.0628	0.0331	-0.0329	0.1165	0.1009	0.2616	-0.056	-0.1408	-0.2356
RH_SomMot_4	0.0128	0.1312	0.1127	0.1025	0.1963	-0.1089	-0.1708	0.1939	-0.0782	0.0209	0.2001	0.1768	0.2262	0.1923	0.2044	0.1786	0.2614	0.0891	0.1631	0.1087	0.1694	0.4168	-0.0436	-0.0836	-0.0668	0.04	0.2354	0.2707	-0.2727	0.1751	-0.145	-0.0392	-0.0869	-0.0516	0.2176	-0.1001	0.0916	0.0308	-0.2113	0.2304	0.0926	-0.0139	-0.1264	0.3072	0.0449	-0.0519	0.0369	-0.0857	-0.0646	-0.0259	0.1522	0.1062	-0.0386	0.4344	-0.1252	-0.0623	-0.1373	-0.0998	-0.0693	-0.0166	-0.1702	-0.1367	-0.1641	-0.0748	-0.2308	-0.0678	-0.2891	-0.0057	-0.2692	-0.0832	-0.1067	-0.0207	-0.087	0.0301	0.0009	-0.1949	-0.0751	0.056	-0.3309	-0.3417	-0.0306	-0.123	-0.0088	-0.2073	-0.1482	-0.1011	-0.0621	-0.1096	-0.0412	0.1742	-0.0363	-0.0192	-0.1133	-0.0917	0.4051	-0.2578	-0.1821	-0.1163	-0.3598	-0.3985	-0.1848	-0.3526	0.2661	0.1927	0.1071	0.3284	-0.3584	0.2855	0.0036	-0.0089	0.2404	0.1405	0.0541	0.4016	0.2434	0.5124	0.3607	0.4099	1.0	0.3399	0.541	0.6378	0.2038	0.5183	0.4919	0.5349	0.3412	0.4011	0.5973	0.4065	0.6173	-0.2781	0.0528	0.2815	0.0093	0.3206	0.3447	-0.0667	0.1643	-0.0239	-0.0059	0.1606	-0.0695	0.3218	0.1112	0.1997	-0.2281	-0.1982	0.3817	0.2993	-0.0148	0.0753	-0.1199	0.1151	0.0597	0.5539	0.0281	0.569	-0.2143	-0.1959	-0.202	-0.0357	-0.0357	-0.0243	-0.2041	-0.2826	-0.2849	-0.1826	-0.1887	-0.246	-0.3236	-0.1302	-0.4464	0.079	0.1387	-0.3397	-0.0895	0.0004	-0.1913	-0.0772	0.0915	-0.0679	-0.1606	-0.2391	-0.3059	-0.2666	-0.2652	-0.1924	-0.0604	-0.2647	-0.247	-0.2927	0.1058	-0.2568	-0.0371	-0.0028	-0.001	-0.149	-0.2913	-0.4596
RH_SomMot_5	0.1659	0.2051	0.0502	0.1353	0.1445	-0.0792	-0.0721	0.1702	0.1666	0.0704	0.3009	0.0414	0.3797	0.2502	0.2172	0.3215	0.0531	0.5301	0.0422	-0.0051	0.1966	0.282	-0.3003	-0.4055	-0.0614	-0.2933	0.0134	0.0249	-0.499	-0.1062	-0.1401	0.3007	0.0505	0.1019	-0.0689	0.0834	0.1484	0.2593	0.0548	0.2245	0.191	-0.0405	0.0346	0.4949	0.6987	0.6113	0.5576	0.1894	0.4117	0.4746	-0.0565	-0.0318	0.1766	0.341	0.1219	-0.0274	-0.3547	-0.2229	-0.3175	0.0771	0.0271	0.0869	0.3456	0.1075	-0.2216	-0.1795	-0.2484	-0.2205	-0.1767	-0.3971	0.0052	0.0379	0.068	-0.447	-0.1769	-0.1575	-0.1775	-0.1492	0.1303	-0.0407	0.2492	-0.2826	-0.1461	-0.3109	0.1648	-0.3142	-0.1159	-0.2647	-0.1921	-0.3065	-0.2265	-0.3913	-0.3069	-0.2784	-0.167	-0.3009	-0.2538	-0.1917	-0.3185	-0.4598	0.065	-0.1963	0.2161	0.2986	0.0912	0.0451	-0.1206	0.199	0.0407	0.0002	0.2752	0.3927	0.1616	0.2641	0.1437	0.2505	0.3018	0.0931	0.3399	1.0	0.4272	0.1752	0.2909	-0.0284	0.2266	0.1466	0.0328	-0.0265	0.1838	0.3142	0.3531	-0.3522	-0.4293	-0.178	0.1002	0.1426	0.272	0.2329	0.2336	0.2179	0.1832	0.2372	0.1432	0.4839	-0.0376	0.1852	0.3505	0.0784	0.5683	0.7571	0.2171	0.4362	0.448	0.3171	0.6237	0.2641	0.2586	0.3493	-0.0774	0.1528	-0.3547	-0.2889	-0.0797	-0.157	0.2907	0.0086	-0.0292	0.146	0.2803	-0.0209	-0.1364	0.3056	-0.0607	-0.0139	-0.2077	-0.1923	0.1034	0.19	0.0933	-0.2779	-0.1228	0.1504	-0.1519	-0.2123	-0.2797	0.034	0.224	-0.1883	-0.0726	0.3133	-0.1186	0.0275	0.0982	-0.2562	-0.2793	-0.2198	-0.0423	-0.3215	-0.1032	-0.2139
RH_SomMot_6	0.1081	0.0652	0.2568	-0.0304	0.0983	-0.0037	-0.2047	0.2846	0.0068	-0.1046	0.0646	0.0775	0.006	0.153	0.3408	0.3498	0.352	0.3908	0.2865	0.2417	0.158	0.207	-0.1562	-0.2444	0.0184	-0.0103	0.2372	0.0843	-0.3522	-0.1748	0.1945	0.314	0.2381	0.2238	0.2582	0.1705	0.2013	0.1612	-0.1351	0.2259	0.0793	0.0242	0.1221	0.4746	0.3013	0.1148	0.1383	0.0345	0.2191	0.1373	-0.19	0.1918	-0.074	0.2147	0.2055	0.052	0.0032	0.0125	0.0553	-0.0156	-0.2054	0.0436	0.0986	0.2162	-0.0723	-0.1484	-0.14	0.0655	-0.0735	-0.1059	-0.0564	-0.0013	0.0927	-0.3086	-0.0476	-0.0628	-0.1439	0.011	-0.0102	0.0099	0.1105	-0.0106	-0.1036	0.0054	-0.0895	-0.0687	-0.1641	-0.0667	-0.0555	0.0058	0.0343	-0.146	-0.1115	0.0091	0.0382	-0.0585	-0.0317	-0.0198	-0.1285	-0.1445	0.1387	-0.0164	0.1009	0.2006	-0.0414	0.0157	0.0714	0.035	-0.1412	-0.0096	0.0774	-0.0494	-0.1243	0.047	0.2251	0.3902	0.3979	0.362	0.541	0.4272	1.0	0.4153	0.0475	0.3638	0.328	0.1832	0.1694	0.4116	0.3444	0.3805	0.3688	-0.0182	-0.0695	0.0451	0.2664	0.2496	0.4702	-0.033	0.3262	-0.0318	0.1868	0.1895	-0.0622	0.3215	0.2803	0.0558	-0.0606	-0.2257	0.4506	0.3857	-0.0237	0.0054	0.1891	0.2692	0.1243	0.4846	0.0653	0.2481	0.0289	0.0811	-0.2734	-0.282	0.2104	-0.0471	-0.3967	-0.4364	-0.1692	-0.0133	-0.0976	-0.2059	-0.1424	-0.0174	-0.2124	-0.3227	-0.2775	-0.493	-0.012	0.011	-0.0748	-0.0879	-0.1928	0.0393	-0.2927	-0.3419	-0.5252	-0.1305	-0.1921	-0.4211	-0.2369	-0.2977	-0.0798	-0.0572	0.2546	-0.179	-0.2084	-0.108	-0.2089	-0.0197	-0.1762	-0.3876
RH_SomMot_7	-0.1807	0.0518	-0.0886	-0.1185	0.1434	-0.2885	-0.1116	0.1815	-0.0159	-0.1101	-0.0806	0.1549	0.0178	-0.0109	0.2724	0.2096	0.2713	0.2107	0.3622	0.6584	0.4713	0.3876	0.3343	0.2808	-0.1582	0.3366	0.2673	0.1149	0.1007	0.3378	-0.2339	-0.0928	-0.212	0.0588	0.0967	-0.2018	-0.1235	-0.1564	-0.274	-0.0208	-0.0669	-0.0814	-0.0089	0.268	-0.0197	-0.0374	0.0555	-0.0618	-0.1439	0.0626	0.0088	0.0736	-0.1006	0.3245	0.0297	-0.0099	-0.1671	-0.3569	0.0204	-0.0013	0.0044	-0.1164	-0.1379	-0.0798	-0.188	0.0476	-0.0618	0.1206	-0.1901	0.0128	-0.2777	-0.145	0.0094	0.0728	-0.0169	-0.1443	-0.0049	0.0215	-0.3624	-0.433	-0.0817	-0.1204	0.0421	-0.3167	-0.0822	-0.1792	-0.1452	-0.1977	-0.0336	0.0576	0.0233	0.0846	-0.0189	-0.1428	0.3457	-0.3919	-0.2261	-0.2412	-0.3297	-0.4329	-0.3153	-0.276	0.1209	0.1297	-0.0529	0.2246	-0.3355	0.134	-0.0668	-0.0995	0.0755	0.0084	-0.0485	0.2803	0.0458	0.439	0.5205	0.3456	0.6378	0.1752	0.4153	1.0	0.0452	0.6231	0.561	0.3056	0.5413	0.2936	0.6304	0.1826	0.3717	0.0341	0.2591	0.3486	-0.0475	0.2534	0.3585	0.0227	0.0849	-0.1084	-0.0871	-0.0022	-0.1325	-0.0038	0.0031	0.1657	-0.0448	-0.1025	0.3585	0.198	0.0768	0.0979	-0.0473	0.167	0.0217	0.3227	-0.0446	0.4252	-0.1504	-0.1314	-0.0566	0.0267	-0.011	-0.0517	-0.0089	-0.0184	-0.1562	-0.0849	0.0589	-0.0018	-0.0698	0.0724	-0.1068	0.2137	0.3822	-0.0927	-0.2038	-0.1199	-0.1622	0.1197	0.3472	-0.0995	-0.0928	-0.072	-0.1116	-0.1125	-0.1718	0.0714	0.0978	-0.028	-0.3685	-0.2122	0.0736	-0.1557	0.1834	0.0396	0.1931	-0.3517	-0.3948	-0.3688
RH_SomMot_8	0.4499	0.2437	0.1567	0.5154	0.0957	0.1855	0.4396	-0.0217	0.1961	0.7247	0.4257	0.4728	0.6679	0.3752	0.0006	0.063	-0.0301	0.2218	-0.1011	-0.2424	0.3778	0.4287	-0.4585	-0.3919	0.0747	-0.393	0.0911	0.1939	-0.6012	0.2367	-0.0131	0.2247	0.1831	0.1175	0.0049	0.2068	0.2904	0.3613	0.2657	0.4275	0.3531	0.1902	-0.008	0.4582	0.4953	0.4629	0.2557	0.4176	0.4841	0.2647	0.2541	0.4106	0.7009	0.5072	-0.1218	-0.2171	-0.1282	-0.241	-0.1585	-0.2998	-0.4302	-0.0222	0.1	-0.2668	-0.428	-0.4092	-0.577	-0.1818	-0.1541	-0.38	0.236	0.3545	-0.0624	-0.3347	-0.5788	-0.3746	-0.4953	-0.2981	0.126	-0.1264	0.0674	-0.5876	-0.0987	-0.272	0.0822	-0.3849	-0.008	-0.2707	-0.3531	-0.0513	-0.6444	-0.4773	-0.6433	-0.5615	-0.3176	-0.1395	-0.3657	-0.2398	-0.2842	-0.3041	0.0813	-0.1327	0.3347	0.6144	0.0847	0.37	0.0551	0.2022	0.6884	0.4392	0.2763	0.5203	0.6699	0.4781	0.2293	0.2423	0.0636	-0.2869	0.2038	0.2909	0.0475	0.0452	1.0	-0.2161	0.4854	0.2088	-0.4378	0.0239	-0.0242	0.1271	0.2686	-0.2355	-0.6287	-0.4877	0.2319	0.2835	0.0664	0.1045	0.1869	0.4556	0.4968	0.5124	0.4258	0.4723	0.0803	0.1779	0.4114	0.2326	0.5497	0.5596	0.4831	0.1025	0.3443	0.5629	0.6206	0.3136	0.5471	0.4307	-0.2149	0.1273	-0.065	0.0639	-0.065	-0.1427	0.1229	-0.2806	-0.1681	-0.0696	0.0583	-0.4637	-0.3727	0.1773	-0.0073	0.1083	-0.263	-0.3936	0.5567	0.3876	0.3212	-0.0183	-0.3302	0.1146	-0.2043	-0.5926	-0.3234	-0.5183	0.3447	-0.4411	-0.1497	0.1868	-0.3185	-0.0852	-0.0193	-0.3657	-0.4963	-0.2146	-0.2605	-0.1999	-0.1916	-0.0156
RH_SomMot_9	-0.1409	0.0921	-0.0336	-0.1233	0.1286	-0.2318	-0.0641	0.356	0.0159	-0.2346	-0.0905	-0.0064	-0.0681	0.0306	0.1907	0.0746	0.2094	-0.0222	0.1826	0.4949	0.3456	0.2479	0.3551	0.3689	-0.2199	0.4249	0.2793	0.1641	0.3081	0.2081	-0.134	-0.1335	-0.2734	0.1093	0.1913	-0.2636	-0.0338	-0.0822	-0.2127	-0.0778	-0.0008	-0.0221	-0.1207	0.0867	-0.2307	-0.1805	-0.1115	-0.2398	-0.237	-0.0489	-0.0113	0.0688	-0.2736	0.1728	0.017	-0.0058	-0.0135	0.0006	0.2593	0.1493	-0.0322	-0.174	-0.2152	-0.1597	0.0615	0.0513	0.0757	0.1775	-0.189	0.127	-0.1558	-0.1528	-0.0118	0.1302	0.0825	-0.0601	-0.059	0.0839	-0.1769	-0.0866	-0.0091	0.1191	0.1451	0.0245	-0.2803	0.075	-0.1116	0.0433	0.0812	0.1212	0.171	0.173	0.1199	0.1675	0.4538	-0.1646	0.0191	-0.0737	-0.1079	-0.181	-0.2335	-0.04	-0.0308	-0.0063	-0.0729	-0.0099	-0.246	0.0933	-0.2447	-0.2102	-0.0148	-0.1456	-0.1705	0.1451	0.0377	0.0832	0.3208	0.3569	0.5183	-0.0284	0.3638	0.6231	-0.2161	1.0	0.4743	0.3786	0.585	0.4963	0.727	0.3946	0.417	0.2007	0.4746	0.3794	-0.1879	0.2664	0.4276	-0.1851	0.1978	-0.1457	-0.265	-0.1197	-0.1158	-0.0053	0.0996	0.1698	-0.2639	-0.0343	0.1484	0.0038	-0.1628	0.0809	-0.274	-0.024	-0.2318	0.2091	-0.142	0.3312	-0.1766	-0.2559	-0.0485	0.0222	0.0359	0.1543	-0.1102	-0.1487	-0.3076	-0.3252	-0.088	-0.0891	-0.0717	-0.0833	-0.338	0.178	0.2862	-0.0741	-0.2039	-0.1215	-0.2831	0.0666	0.2668	-0.0077	0.0839	0.0435	-0.1184	-0.1726	-0.1902	0.0268	-0.0053	-0.2578	0.0133	-0.0872	0.0314	0.1099	0.2256	0.2754	0.0782	-0.0122	-0.1849	-0.2225
RH_SomMot_10	0.2472	0.449	0.2668	0.198	0.3845	0.139	0.2599	0.4197	0.3218	0.3089	0.3399	0.3386	0.445	0.5091	0.0814	0.1	0.2212	0.2145	0.2287	0.323	0.7134	0.5299	-0.0426	0.027	-0.1758	0.0932	0.2754	0.1874	-0.2102	0.3688	-0.0782	-0.031	-0.0924	0.1298	0.1448	-0.1187	0.1192	0.3269	-0.1082	0.2636	0.2017	-0.0551	-0.07	0.4705	0.2161	0.1494	0.1874	0.0272	0.1631	0.1754	-0.0307	0.3086	0.2505	0.561	-0.1891	-0.0128	-0.0164	-0.2008	-0.0633	0.0371	-0.4063	-0.1764	-0.1708	-0.4409	-0.3731	-0.1978	-0.4678	-0.1444	-0.1929	-0.2001	-0.1415	-0.104	-0.0466	-0.1991	-0.4781	-0.2862	-0.3894	-0.2229	-0.1252	-0.3679	-0.0546	-0.4419	-0.0026	-0.2673	-0.0018	-0.3226	-0.1195	-0.2496	-0.197	0.0022	-0.3284	-0.2062	-0.4018	-0.4484	0.0686	-0.342	-0.3797	-0.4777	-0.4598	-0.4598	0.0202	-0.1754	0.3838	0.4754	0.2518	0.2763	-0.1584	0.4161	0.3029	0.2108	0.4114	0.3029	0.2348	0.5392	0.4333	0.2644	0.2213	0.0667	0.4919	0.2266	0.328	0.561	0.4854	0.4743	1.0	0.4362	0.1103	0.4544	0.5696	0.2634	0.4956	-0.0372	-0.1033	-0.0178	0.2566	0.5902	0.5087	0.0159	0.4645	0.2346	0.3733	0.4425	0.1332	0.3158	0.2826	0.2195	0.2459	0.1645	0.5301	0.4735	0.4521	0.1504	0.0171	0.3675	0.3549	0.3834	0.2235	0.6595	-0.2403	0.0848	-0.2318	-0.0123	-0.0221	-0.0066	0.0432	-0.2826	-0.3651	-0.279	-0.0353	-0.3505	-0.2508	0.0961	-0.126	0.2228	-0.0118	-0.2568	0.1756	0.088	-0.1729	-0.0571	0.1179	0.048	-0.1769	-0.4507	-0.3171	-0.4605	0.1091	-0.241	-0.013	0.1121	-0.3321	-0.1285	0.0792	-0.2224	-0.1324	-0.1413	-0.1709	-0.2497	-0.4165	-0.3689
RH_SomMot_11	0.0261	0.0801	0.0393	0.1982	0.2262	0.0896	0.1235	0.0362	-0.0653	0.1571	0.1513	0.2245	0.2178	0.2004	0.2218	0.1552	0.3627	0.0851	0.3073	-0.1185	0.3192	0.2916	0.0579	-0.1451	0.0456	-0.1025	0.2659	0.3979	-0.0098	0.3745	-0.0065	0.0798	-0.1297	0.0211	0.1302	-0.0399	0.2723	0.2307	0.1701	0.4692	0.3451	0.2061	-0.2007	0.2073	0.1151	0.206	0.1263	0.1412	0.0846	0.2557	0.2623	0.2175	0.2623	0.3973	-0.2959	0.1905	0.0845	0.0242	0.1778	0.1076	-0.4154	-0.2532	-0.054	-0.3426	-0.2068	-0.3535	-0.4831	-0.1201	-0.4374	-0.4422	-0.0454	-0.0117	0.0296	-0.0989	-0.4204	-0.281	-0.4267	-0.365	-0.3009	-0.1672	-0.1531	-0.4781	-0.1175	-0.1595	-0.196	-0.1533	0.0062	-0.1444	-0.1723	0.1373	-0.435	-0.2444	-0.5124	-0.2885	0.1298	-0.1499	-0.4267	-0.4758	-0.5259	-0.2361	0.1363	-0.0523	0.0829	0.1608	-0.0667	0.1415	-0.2098	0.276	0.0859	0.2918	0.013	-0.002	0.0399	0.2273	0.1494	0.2536	0.03	0.1781	0.5349	0.1466	0.1832	0.3056	0.2088	0.3786	0.4362	1.0	0.3073	0.4059	0.4468	0.4184	0.614	0.0038	0.0494	0.2312	-0.0003	0.3449	0.2374	0.1712	0.3306	0.2361	0.0444	0.2263	0.3573	0.4554	0.3784	0.4945	0.0773	0.122	0.1736	0.3496	0.1429	0.1337	-0.0441	0.3082	0.1852	0.453	0.4041	0.5768	0.1013	0.2079	-0.0062	0.1113	0.1126	0.335	0.0501	-0.2179	-0.2356	-0.1849	-0.1798	-0.3142	-0.3577	0.1019	-0.3138	0.3265	0.017	-0.3575	0.1238	-0.0298	-0.2076	0.0894	-0.0012	0.3405	0.0389	-0.3076	-0.2593	-0.3635	0.0202	-0.2575	-0.1965	-0.0063	-0.1689	-0.1259	0.2437	-0.0839	-0.2534	0.1701	0.0055	-0.0016	-0.2732	-0.2391
RH_SomMot_12	-0.3113	-0.1508	-0.0963	-0.3153	-0.0249	-0.1662	-0.4055	0.0034	-0.1342	-0.4099	-0.1763	-0.0132	-0.2718	-0.1531	0.2858	0.0863	0.1368	-0.0277	0.2541	0.3902	0.2025	0.1484	0.466	0.4833	-0.0976	0.4401	0.2286	0.0686	0.5033	0.3128	0.0703	-0.1337	-0.3852	-0.103	0.091	-0.3253	-0.2124	-0.1694	-0.2608	-0.0862	-0.227	-0.0848	-0.0954	-0.0952	-0.1933	-0.1498	0.0503	-0.1699	-0.2238	0.0781	0.1435	-0.0427	-0.2692	0.0358	0.1817	0.199	0.0886	-0.1331	0.2128	0.4884	0.0667	-0.2605	-0.1834	-0.0747	0.2578	0.1789	0.1788	0.099	-0.1426	0.0416	-0.4453	-0.4059	0.0361	0.2677	0.1637	0.2304	0.2149	0.2165	-0.2922	-0.2534	-0.0748	0.0482	0.2623	-0.009	0.0065	0.1424	0.1643	0.1111	0.2541	0.336	0.204	0.3159	0.1454	0.1665	0.4417	-0.0951	-0.0518	-0.1862	-0.2552	0.0027	-0.1357	-0.0428	-0.1462	-0.274	-0.1807	-0.075	-0.2043	-0.0649	-0.4272	-0.153	-0.0899	-0.281	-0.3151	0.0209	-0.0862	0.0725	0.0565	0.3836	0.3412	0.0328	0.1694	0.5413	-0.4378	0.585	0.1103	0.3073	1.0	0.2785	0.6088	0.3122	0.2382	0.3378	0.5497	0.6484	-0.2156	0.0861	0.2647	-0.1585	-0.0258	-0.4161	-0.4738	-0.3549	-0.1794	-0.1127	-0.05	0.0882	-0.2481	-0.1086	-0.1427	-0.1331	-0.2335	0.3341	-0.2573	-0.2036	-0.2017	0.0557	-0.1748	0.1822	0.0372	0.0015	-0.0779	0.1924	0.2513	0.3585	-0.0448	-0.0232	-0.2938	-0.2618	-0.0195	0.0469	-0.086	-0.1121	-0.2293	0.1435	0.2171	-0.0074	-0.5025	-0.4189	-0.2895	0.1342	0.3149	-0.0745	0.0387	0.0641	0.1996	-0.0059	-0.1201	0.194	0.1651	-0.0483	0.0695	-0.1141	0.2508	0.1942	0.1898	0.2081	0.0972	-0.0221	-0.1623	-0.3664
RH_SomMot_13	0.1605	0.1422	0.3183	0.0374	0.258	0.105	0.1138	0.1488	0.1922	0.0361	0.1746	0.2855	0.0409	0.3886	0.1702	-0.1628	0.2738	-0.0113	0.166	0.1233	0.2772	0.3897	-0.0375	-0.0898	0.2165	0.0123	0.3212	0.326	-0.1065	0.3009	0.2479	-0.0826	-0.1752	0.1193	0.3293	-0.0253	0.2289	0.3192	0.0282	0.342	0.0768	0.0796	-0.3199	0.0124	0.0276	-0.1014	-0.034	-0.1501	-0.0465	0.1195	0.2454	0.4653	0.0589	0.3389	-0.2033	-0.0561	0.4406	0.2029	0.2882	0.1842	-0.5065	-0.443	-0.3502	-0.4522	-0.1799	-0.3963	-0.2684	-0.1586	-0.3212	-0.2282	0.0038	-0.0171	-0.0122	0.1736	-0.3162	0.2214	-0.218	-0.0272	0.0468	-0.0622	0.0949	-0.084	0.1326	0.3043	-0.2089	0.2543	0.0765	0.2454	0.2115	0.2677	-0.18	-0.1056	-0.186	-0.0043	0.2194	0.1816	0.1063	-0.222	-0.1322	0.0109	0.0907	0.0776	0.0461	0.0948	0.0932	-0.0077	-0.115	0.194	-0.01	0.2354	0.206	-0.0749	0.0242	0.2064	0.402	0.0281	-0.0496	0.1329	0.4011	-0.0265	0.4116	0.2936	0.0239	0.4963	0.4544	0.4059	0.2785	1.0	0.4869	0.5642	0.564	0.1903	0.0527	0.3579	0.2259	0.393	0.6264	-0.314	0.6978	0.0065	0.0564	0.1838	0.1161	0.4629	0.4194	0.1371	-0.2247	0.0058	0.0213	0.109	-0.0454	-0.0327	-0.2282	-0.0157	-0.0431	0.3481	0.167	0.417	-0.0446	0.1047	0.005	0.1928	0.2184	0.4211	-0.3346	-0.5673	-0.6198	-0.5986	-0.1565	-0.6204	-0.2666	-0.3109	-0.4678	0.0588	-0.2729	-0.4613	0.0989	-0.0535	-0.2237	0.0531	-0.111	0.0765	0.1331	-0.3013	-0.0921	-0.5556	0.0197	-0.1937	-0.0177	-0.3098	0.0987	0.0117	0.3505	0.2272	-0.1014	0.1012	-0.4114	0.2815	-0.0123	-0.2205
RH_SomMot_14	-0.0575	0.2317	0.0413	0.0191	0.2235	0.0103	-0.0748	0.2527	0.1627	-0.0465	0.1632	0.1603	0.1478	0.2416	-0.1312	-0.166	0.0964	-0.1216	0.0399	0.3056	0.454	0.5277	0.1033	0.118	-0.3277	0.3023	0.1935	0.1982	0.1394	0.391	-0.042	-0.27	-0.4754	-0.1225	0.06	-0.4329	-0.1747	-0.0082	-0.3109	-0.0206	-0.0791	-0.188	-0.361	-0.0114	-0.1356	-0.1597	-0.0396	-0.3004	-0.1283	0.0471	0.1843	0.1666	-0.1444	0.5476	-0.026	-0.0146	0.0711	0.0425	0.1025	0.1929	-0.212	-0.4	-0.4102	-0.3302	0.0446	-0.0845	-0.146	-0.1085	-0.3688	-0.0555	-0.3456	-0.2299	-0.1222	0.2444	-0.0674	0.0204	-0.0159	0.0342	-0.1822	-0.3384	0.032	-0.0292	0.2938	-0.0519	-0.0309	0.1222	0.161	0.1295	0.1967	0.3271	0.0427	0.1652	0.0064	0.0576	0.5497	-0.1999	-0.0378	-0.2219	-0.3859	-0.2962	-0.058	-0.0982	0.1099	0.1127	0.0275	0.1197	-0.3514	0.2004	-0.0195	-0.1213	0.2434	0.0034	-0.0592	0.3594	0.234	0.0141	0.1095	0.1721	0.5973	0.1838	0.3444	0.6304	-0.0242	0.727	0.5696	0.4468	0.6088	0.4869	1.0	0.4792	0.6657	-0.0023	0.3635	0.4653	-0.1874	0.2365	0.4766	-0.3592	0.2627	-0.2012	-0.2177	-0.0216	-0.1788	0.1156	-0.0008	0.1387	-0.2644	0.0622	0.1737	0.1034	0.0664	0.3007	-0.3957	-0.077	-0.0384	0.2231	-0.1497	0.6879	-0.2342	-0.1159	-0.2222	0.1256	0.1421	0.212	-0.0299	-0.3043	-0.5106	-0.4796	0.0603	-0.2904	-0.1908	-0.2339	-0.4656	0.3436	0.1366	-0.0779	-0.2564	-0.2062	-0.3468	0.0045	0.4247	-0.0152	0.1739	-0.0795	-0.0493	-0.3266	0.09	0.0387	0.2505	0.0255	-0.0467	-0.1228	0.1533	0.1475	0.2472	0.2646	-0.03	0.0069	-0.2135	-0.3547
RH_SomMot_15	0.2375	0.1368	0.1503	0.2736	0.1438	0.0742	-0.0068	0.0807	0.057	0.1151	0.2541	0.2001	0.2513	0.279	0.1075	-0.1332	0.1073	0.0838	0.2108	-0.0676	0.1779	0.4707	-0.0974	-0.0445	0.0423	-0.0201	0.2532	0.2877	-0.1227	0.2794	0.1366	0.0751	-0.2554	0.0166	-0.0057	-0.1772	0.1412	0.1547	0.0906	0.3423	0.243	0.1253	-0.2692	0.0158	0.2387	0.1874	0.1479	-0.0045	0.1056	0.1911	0.2757	0.4839	0.1997	0.4272	-0.1564	-0.0058	0.1596	0.1698	0.0947	0.2255	-0.336	-0.356	-0.0367	-0.1725	0.0034	-0.3611	-0.2262	-0.0998	-0.3168	-0.3702	-0.1746	-0.0242	-0.0678	-0.0425	-0.1976	0.0209	-0.2855	-0.179	-0.0833	-0.0263	0.105	-0.193	-0.0312	0.0946	-0.2394	0.0083	-0.0109	0.0508	0.019	0.1712	-0.1922	-0.1541	-0.2412	0.0193	0.2039	-0.1006	-0.0762	-0.1137	-0.4041	-0.1991	0.0652	-0.0929	0.1215	0.2282	-0.0368	0.1922	-0.1326	0.1831	0.1151	0.2096	0.1981	0.1325	0.1839	0.3477	0.202	0.021	-0.0705	0.1939	0.4065	0.3142	0.3805	0.1826	0.1271	0.3946	0.2634	0.4184	0.3122	0.5642	0.4792	1.0	0.5995	0.1289	-0.0739	0.0938	0.0014	0.2677	0.3451	-0.2324	0.3819	-0.0395	-0.1206	0.0517	0.0946	0.5161	0.2007	0.25	-0.1076	0.0305	0.0877	0.3062	-0.0325	0.27	0.0068	0.055	0.2416	0.3081	0.181	0.4738	-0.1859	-0.0691	-0.277	0.1161	0.096	0.3289	-0.0438	-0.3641	-0.4963	-0.3952	-0.0656	-0.4116	-0.4244	-0.0872	-0.4089	0.1081	-0.2324	-0.3845	-0.069	-0.0357	-0.1346	-0.1602	-0.0491	0.0918	-0.0494	-0.2895	-0.2529	-0.3564	0.0646	-0.2246	-0.0663	-0.1291	0.1585	-0.0706	0.3689	0.0941	-0.1158	0.0783	-0.116	0.0667	-0.1258	-0.3043
RH_SomMot_16	0.2103	0.1831	0.1513	0.1892	0.1432	0.1097	0.0288	0.1259	0.0178	0.15	0.342	0.2475	0.3328	0.3509	-0.1071	-0.1325	0.0855	0.0797	0.1029	-0.0275	0.2784	0.4949	-0.1714	-0.3811	0.0064	-0.1065	0.0289	0.5941	-0.3156	0.2611	0.0612	0.0731	-0.2267	0.0472	0.1655	-0.0414	0.2641	0.2745	0.0903	0.462	0.3719	0.2146	-0.2564	0.1264	0.2606	0.2606	0.2194	0.0594	0.1053	0.3451	0.3765	0.377	0.2562	0.6794	-0.2189	-0.0439	0.1469	-0.0236	0.0231	0.1287	-0.3464	-0.3393	-0.0938	-0.3223	-0.2284	-0.3832	-0.3849	-0.1272	-0.4552	-0.3309	-0.1289	0.0057	0.0877	-0.0612	-0.3062	-0.2202	-0.2749	-0.2492	-0.0884	-0.2249	0.1526	-0.3893	-0.0301	-0.1998	-0.1693	-0.133	0.0639	-0.0883	-0.0964	0.1126	-0.3384	-0.0849	-0.3371	-0.1889	0.333	-0.2496	-0.3102	-0.4018	-0.541	-0.3369	0.0924	-0.1379	0.2311	0.2668	0.0238	0.2301	-0.2303	0.1916	0.1821	0.0992	0.2584	0.165	0.1048	0.4211	0.2837	0.0916	0.0512	0.0921	0.6173	0.3531	0.3688	0.3717	0.2686	0.417	0.4956	0.614	0.2382	0.564	0.6657	0.5995	1.0	-0.2067	-0.1061	0.1543	0.0294	0.4078	0.4502	-0.0481	0.4856	0.1977	0.0741	0.3102	0.246	0.6042	0.3286	0.4848	0.0193	0.181	0.3384	0.4769	0.3036	0.3419	-0.1334	0.1897	0.3144	0.4474	0.2664	0.8191	-0.2785	0.0211	-0.2448	0.0272	0.0299	0.2116	0.1149	-0.3284	-0.4342	-0.3685	0.0077	-0.4494	-0.3653	-0.0729	-0.4421	0.3997	0.0083	-0.3018	0.0561	0.0422	-0.227	-0.1585	0.1666	0.2833	0.0633	-0.3363	-0.3016	-0.4645	0.1986	-0.2382	0.0861	0.0392	-0.2568	-0.2941	0.1396	-0.1101	-0.1373	0.1451	-0.0603	-0.0542	-0.3399	-0.3321
RH_SomMot_17	0.0261	-0.284	-0.1337	-0.2218	-0.1963	0.2091	-0.1559	-0.1285	-0.0776	-0.1465	-0.2818	0.1227	-0.3472	-0.1665	0.1783	-0.0957	0.2894	-0.0795	0.1672	0.2477	0.0667	-0.0153	0.4212	0.5444	0.1983	0.4884	0.433	-0.0797	0.519	0.3104	0.255	-0.0754	-0.1959	-0.0	0.0352	-0.1978	-0.0096	-0.145	0.1413	-0.0363	-0.0334	0.2176	-0.0214	-0.2422	-0.2186	-0.1249	-0.1108	-0.008	-0.039	-0.0474	-0.0045	0.3073	0.0008	-0.2998	0.069	0.0217	0.2489	0.0356	0.3991	0.2011	-0.2779	-0.3805	-0.1204	-0.0743	0.3563	-0.0928	0.1295	0.0871	0.1012	-0.0401	-0.3683	-0.3481	0.1514	0.0735	-0.1093	0.2788	-0.1489	-0.1107	0.0256	0.1906	-0.1996	0.0577	0.1617	0.3082	-0.1479	0.2226	0.0906	0.2784	0.272	0.1515	0.1207	0.1313	-0.0037	0.2518	-0.0347	0.3227	0.0995	0.0362	-0.0397	0.5183	0.1645	0.4221	-0.1839	-0.1654	-0.2548	-0.1702	0.3191	-0.2603	-0.2152	0.045	-0.2081	-0.3822	-0.1746	-0.1785	-0.1159	-0.1906	-0.1124	0.1594	-0.2781	-0.3522	-0.0182	0.0341	-0.2355	0.2007	-0.0372	0.0038	0.3378	0.1903	-0.0023	0.1289	-0.2067	1.0	0.4588	0.2842	0.0458	-0.0661	0.0753	-0.2073	-0.0216	-0.4018	-0.2938	-0.2571	0.0451	-0.1617	0.1202	0.02	-0.0906	-0.1065	-0.4102	-0.2918	-0.2874	-0.1378	-0.0038	-0.1837	-0.1641	-0.0355	-0.0522	-0.2851	0.1462	0.1956	0.0752	0.2711	0.3369	0.2059	-0.2513	-0.2606	-0.3138	-0.2904	-0.2382	-0.0283	-0.2356	-0.1119	-0.0568	-0.0868	-0.1374	-0.1832	-0.35	-0.4833	-0.0904	0.3435	0.0041	0.0492	-0.0335	-0.1674	0.1607	-0.1011	-0.026	-0.1194	-0.1543	-0.1391	0.2995	0.1886	0.2766	0.3487	0.0384	0.1742	-0.0143	0.2226	-0.0684	-0.1803
RH_SomMot_18	-0.2704	-0.2472	-0.3564	-0.394	-0.1141	-0.0151	-0.361	-0.0798	-0.2291	-0.489	-0.336	-0.2123	-0.4575	-0.3068	-0.1063	-0.127	0.2487	-0.4047	0.0424	0.3093	-0.0974	-0.1341	0.6273	0.6251	-0.1562	0.6715	0.0986	-0.1761	0.8164	0.1305	-0.1153	-0.4676	-0.4294	-0.1383	0.0843	-0.4738	-0.2972	-0.4244	-0.224	-0.4454	-0.3095	-0.0745	-0.1633	-0.4586	-0.7165	-0.582	-0.4386	-0.4738	-0.5457	-0.4406	-0.0423	-0.2194	-0.4978	-0.3158	0.0066	-0.0045	0.1576	0.1829	0.3399	0.1139	0.1147	-0.3312	-0.4045	0.0312	0.4464	0.2412	0.3707	0.134	0.043	0.3657	-0.3893	-0.5385	0.006	0.5356	0.4446	0.277	0.2953	0.1605	-0.19	0.126	-0.1391	0.5181	0.2851	0.349	-0.1618	0.4574	0.1374	0.493	0.4694	0.2916	0.5556	0.5532	0.4892	0.6363	0.4769	0.274	0.3477	0.2734	0.1213	0.3223	-0.1467	0.2867	-0.1713	-0.4338	-0.1883	-0.1588	-0.0431	-0.1757	-0.4707	-0.3199	-0.186	-0.4352	-0.4419	-0.1966	-0.1768	-0.0647	0.1133	0.3217	0.0528	-0.4293	-0.0695	0.2591	-0.6287	0.4746	-0.1033	0.0494	0.5497	0.0527	0.3635	-0.0739	-0.1061	0.4588	1.0	0.5719	-0.4148	-0.3239	0.0231	-0.3915	-0.2459	-0.5385	-0.5954	-0.4702	-0.326	-0.5347	-0.1849	-0.0161	-0.6138	-0.2977	-0.5241	-0.6537	-0.5448	-0.2661	-0.5891	-0.5308	-0.6783	-0.2256	-0.5574	-0.1746	0.0712	-0.1692	0.1336	0.1369	0.0905	0.1981	-0.3018	-0.0246	-0.1368	-0.262	-0.2292	0.1635	-0.0149	-0.4106	-0.2772	0.0617	0.3343	0.2141	-0.5897	-0.6351	-0.2198	0.2349	0.4558	-0.0172	0.2527	0.4136	0.3511	0.1879	-0.3012	0.3113	0.0837	-0.2775	0.2677	0.1066	0.0105	0.4507	0.5633	0.5224	0.2909	0.3306	0.0916	-0.0417
RH_SomMot_19	-0.279	-0.2942	-0.086	-0.2734	-0.0259	-0.0549	-0.3107	-0.0307	-0.1345	-0.3282	-0.2065	0.0434	-0.3729	-0.0983	0.083	-0.1897	0.2781	-0.0714	0.1701	0.2122	-0.0084	0.1866	0.3109	0.2383	0.0275	0.2922	0.167	0.0482	0.4558	0.2472	0.004	-0.3898	-0.4221	-0.2202	0.0926	-0.3253	-0.2349	-0.1998	-0.3073	-0.0816	-0.347	-0.1921	-0.2448	-0.3435	-0.2916	-0.4166	-0.0754	-0.241	-0.2224	0.0103	0.1628	0.0444	-0.3957	0.0409	0.0606	-0.0666	0.1718	0.0755	0.3016	0.2477	-0.072	-0.3726	-0.4585	-0.2497	0.1295	0.1295	0.1448	0.0008	-0.1917	0.0869	-0.362	-0.3373	0.0307	0.4833	0.0767	0.3297	0.2025	0.1927	-0.3061	-0.216	-0.1198	0.1627	0.2428	0.079	-0.0072	0.3898	0.3052	0.2636	0.3819	0.4107	0.2015	0.3447	0.1862	0.2099	0.4684	0.1841	0.0982	-0.1351	-0.1321	0.1184	-0.1273	0.0579	-0.1949	-0.3217	-0.0714	-0.0414	-0.2018	-0.0563	-0.3876	-0.0278	-0.1168	-0.4533	-0.3849	-0.0749	0.0113	0.0398	0.0014	0.3086	0.2815	-0.178	0.0451	0.3486	-0.4877	0.3794	-0.0178	0.2312	0.6484	0.3579	0.4653	0.0938	0.1543	0.2842	0.5719	1.0	-0.1314	-0.0322	0.3093	-0.2644	0.0249	-0.443	-0.4067	-0.2909	-0.2865	-0.1039	0.0869	-0.1028	-0.399	-0.2026	-0.3604	-0.2794	-0.2566	-0.0861	-0.4194	-0.3369	-0.2869	0.0804	-0.2492	0.182	0.0551	-0.0123	0.0035	0.2162	0.2156	0.29	-0.2603	-0.1285	-0.3529	-0.3248	-0.241	-0.0356	-0.0418	-0.2299	-0.2296	0.0808	0.1324	-0.003	-0.4478	-0.4833	-0.2724	0.2086	0.3111	-0.1657	0.2459	0.1181	0.2876	-0.0997	-0.1661	0.1564	0.2119	-0.1169	0.218	0.04	0.1798	0.2874	0.2263	0.1964	-0.0214	0.2505	-0.06	-0.2831
RH_DorsAttn_Post_1	0.5055	0.3761	0.7954	-0.0072	0.2344	0.1116	0.0373	0.2961	0.3302	0.058	0.5043	0.1795	0.214	0.5543	0.1366	0.0417	0.003	0.2341	0.1275	-0.0783	0.1726	0.1446	-0.2931	-0.2675	0.3269	-0.2752	-0.0585	0.1897	-0.5095	-0.1297	0.4005	0.399	0.4154	0.4038	0.48	0.4746	0.4398	0.6776	-0.0985	0.2671	0.138	-0.0851	0.282	0.3363	0.4178	0.1805	0.0443	0.1694	0.3124	0.1473	-0.152	0.354	0.1645	0.1917	-0.1085	-0.01	-0.0445	-0.2425	-0.2123	0.053	-0.4028	0.0955	0.1192	-0.0905	-0.2855	-0.1544	-0.3901	-0.1253	0.1056	-0.1181	-0.1124	-0.1426	0.0683	-0.4598	-0.3924	-0.0682	-0.2723	-0.1532	-0.1455	-0.2757	-0.1601	-0.4803	-0.0866	-0.1781	0.1047	-0.3451	-0.1176	-0.3423	-0.2297	-0.1312	-0.2768	-0.1991	-0.3774	-0.4833	-0.3164	-0.1789	-0.3865	-0.3685	-0.3223	-0.0731	0.3419	-0.0609	0.4904	0.4525	0.5653	0.0177	0.008	0.2304	0.1069	0.1291	0.4609	0.2661	0.0457	0.2895	0.6715	0.0634	0.0606	-0.2253	0.0093	0.1002	0.2664	-0.0475	0.2319	-0.1879	0.2566	-0.0003	-0.2156	0.2259	-0.1874	0.0014	0.0294	0.0458	-0.4148	-0.1314	1.0	0.5455	0.4062	0.2754	0.3969	0.2885	0.7691	0.6699	0.052	0.3588	0.606	-0.0442	0.4089	-0.0118	0.2673	0.3502	0.4867	-0.0513	0.1533	0.187	0.3436	0.1704	0.1546	0.1227	-0.0639	0.3579	-0.2766	-0.2936	-0.0646	-0.1181	-0.2366	-0.252	0.0477	0.182	-0.2882	-0.0871	-0.1054	0.0868	0.3217	-0.3159	-0.3808	-0.3062	0.1933	0.1084	-0.0919	-0.1682	-0.262	-0.0343	-0.5248	-0.5615	-0.446	-0.1864	-0.0529	-0.3907	-0.1269	-0.0239	-0.1832	-0.0528	0.1627	-0.2727	-0.3622	-0.4811	-0.2835	-0.2096	-0.2851	-0.4609
RH_DorsAttn_Post_2	0.2387	0.349	0.5055	0.1976	0.2105	-0.0498	0.0805	0.6302	0.1156	0.0663	0.4406	0.1535	0.3638	0.4922	0.1434	0.0536	0.1304	0.1866	0.2312	0.071	0.3726	0.1322	-0.1464	-0.0754	0.0865	-0.1033	0.1362	0.3975	-0.367	0.0369	0.1525	0.2416	0.0665	0.2502	0.1883	0.1805	0.2777	0.4271	-0.0338	0.5007	0.3963	0.0454	0.0562	0.3784	0.3321	0.2659	0.1727	0.0756	0.1059	0.19	0.0013	0.284	0.2959	0.2871	-0.3069	0.1576	-0.1457	-0.4063	-0.1275	0.2683	-0.3043	0.0102	0.0554	-0.3543	-0.3845	-0.1424	-0.4625	-0.0642	-0.1599	-0.2538	-0.0966	-0.0306	0.0018	-0.3162	-0.4758	-0.3182	-0.3084	-0.1023	-0.1176	-0.4175	0.0128	-0.597	-0.0749	-0.4219	-0.1184	-0.4777	-0.2284	-0.4713	-0.3746	-0.084	-0.423	-0.244	-0.4051	-0.5726	-0.0351	-0.4656	-0.5775	-0.5703	-0.5273	-0.4048	0.081	-0.3438	0.5277	0.4533	0.432	0.4178	-0.021	0.361	0.0929	0.0649	0.4203	0.3468	0.0765	0.454	0.489	0.1571	-0.0725	0.0607	0.3206	0.1426	0.2496	0.2534	0.2835	0.2664	0.5902	0.3449	0.0861	0.393	0.2365	0.2677	0.4078	-0.0661	-0.3239	-0.0322	0.5455	1.0	0.4244	0.2788	0.4796	0.4057	0.4792	0.5532	0.2232	0.5033	0.6069	0.2882	0.4124	0.4219	0.4968	0.5	0.5495	0.2271	0.0747	0.3138	0.4166	0.361	0.3239	0.4556	-0.1771	0.1998	-0.3375	-0.0857	-0.1637	0.0971	0.2103	-0.0874	-0.1356	-0.0764	-0.1465	-0.122	-0.1675	0.2421	0.0577	0.2829	0.0114	-0.1483	0.2178	0.3185	-0.2732	-0.1537	-0.0943	0.1418	-0.2559	-0.4317	-0.263	-0.3102	0.1509	-0.2181	0.0461	0.0026	-0.2354	-0.2193	0.05	-0.2993	-0.2772	-0.262	-0.1148	-0.4569	-0.4815	-0.4186
RH_DorsAttn_Post_3	0.1293	0.1614	0.3483	-0.2913	0.2084	-0.0293	-0.1576	0.3919	0.1429	-0.1906	0.2216	0.1302	-0.009	0.3613	0.1343	-0.0736	0.2704	0.2031	0.0829	0.3142	0.3594	0.3429	-0.0067	-0.1337	0.1054	0.0356	0.0404	0.1671	-0.1825	0.0998	0.1771	-0.0711	-0.2061	0.357	0.3405	-0.0036	0.0551	0.3863	-0.2734	0.1612	-0.0155	-0.1991	-0.0872	0.1858	0.2698	-0.0354	0.0918	-0.119	0.1435	0.2623	0.0673	0.2041	-0.0696	0.3905	0.0323	-0.2096	0.1361	-0.1012	0.238	0.2479	-0.3524	-0.347	-0.2962	-0.4198	-0.1049	-0.1974	-0.1948	-0.1362	-0.1879	-0.0111	-0.2053	-0.2998	-0.0143	0.0525	-0.3109	0.2268	-0.0969	-0.0185	0.0468	-0.2118	0.2199	-0.1183	0.2518	0.0804	0.1272	0.0994	0.2831	0.1497	0.2618	0.2496	-0.1196	0.0188	-0.1273	-0.0673	0.2874	0.0015	-0.037	-0.333	-0.2634	-0.2047	-0.014	0.0215	0.2226	0.1336	0.2511	0.0221	-0.2073	0.1531	-0.2073	0.0255	0.2933	-0.0721	-0.2154	0.1551	0.4569	0.1229	0.1961	0.0523	0.3447	0.272	0.4702	0.3585	0.0664	0.4276	0.5087	0.2374	0.2647	0.6264	0.4766	0.3451	0.4502	0.0753	0.0231	0.3093	0.4062	0.4244	1.0	-0.2543	0.6952	-0.0384	0.1613	0.2152	-0.0503	0.3551	0.3688	-0.0286	-0.0006	-0.0358	0.2089	0.3223	0.2341	0.0775	-0.1669	0.1288	0.2071	0.1656	-0.0485	0.4633	-0.1163	0.3077	-0.1666	-0.0765	0.1525	0.3107	-0.2754	-0.4085	-0.5706	-0.4586	0.0269	-0.3423	-0.1483	-0.1532	-0.2671	0.0293	-0.1713	-0.2797	-0.0188	-0.1403	-0.2522	-0.0491	0.1465	-0.0478	0.0309	-0.2797	-0.0815	-0.3194	0.1012	-0.0887	0.1308	0.0646	0.1158	0.1784	0.1944	0.2101	-0.0031	0.0204	-0.3627	0.0706	-0.138	-0.3624
RH_DorsAttn_Post_4	0.0334	0.0596	0.1003	0.1265	0.0121	-0.0806	0.1304	-0.012	-0.0502	0.0855	0.0109	-0.0172	0.1373	-0.0	0.3794	0.5252	-0.0185	0.519	0.395	0.0404	0.1389	-0.2192	0.0015	-0.24	0.1974	-0.3128	-0.0779	0.1372	-0.1863	-0.1319	-0.1859	0.5142	0.3842	0.2303	0.0804	0.4097	0.4114	0.212	0.2701	0.2983	0.3456	0.2618	0.4018	0.5127	0.4458	0.5915	0.4183	0.4907	0.2077	0.3936	-0.2029	-0.1879	0.235	-0.103	-0.1186	0.1708	-0.3355	-0.4596	-0.2425	-0.1405	0.1674	0.4949	0.6285	0.191	-0.4409	-0.0132	-0.2015	0.0728	-0.0772	-0.2688	0.1694	0.0845	0.2541	-0.6417	-0.2122	-0.598	-0.2918	-0.2885	-0.1635	-0.0807	-0.1896	-0.5629	-0.5859	-0.614	-0.1018	-0.7044	-0.5132	-0.7593	-0.721	-0.4777	-0.4329	-0.4126	-0.4289	-0.5928	-0.4244	-0.4762	-0.6997	-0.4792	-0.2575	-0.255	0.0049	-0.1519	0.0452	0.1616	-0.0036	-0.0883	0.1332	0.0313	0.0453	0.1286	-0.113	0.1784	0.0759	0.0278	-0.0551	0.2311	0.2701	0.0144	-0.0667	0.2329	-0.033	0.0227	0.1045	-0.1851	0.0159	0.1712	-0.1585	-0.314	-0.3592	-0.2324	-0.0481	-0.2073	-0.3915	-0.2644	0.2754	0.2788	-0.2543	1.0	0.0082	0.6212	0.4848	0.4222	0.4032	0.2049	0.3944	0.3931	0.7268	0.1771	0.4117	0.5266	0.347	0.0407	0.5488	0.4874	0.3845	0.1841	0.4699	-0.0301	0.0912	0.0049	-0.08	-0.3408	-0.3131	-0.3136	0.4702	0.5328	0.6847	0.7606	-0.0571	0.3791	0.1303	0.723	0.5342	0.0572	0.2279	0.0357	0.3109	0.2683	0.0998	0.0242	-0.235	0.3598	-0.2324	-0.0938	-0.3689	0.2278	0.0236	-0.1756	-0.3304	0.147	-0.4425	-0.2122	-0.151	-0.6167	-0.4668	-0.314	0.3466	-0.489	-0.393	-0.0126
RH_DorsAttn_Post_5	0.2518	0.263	0.4212	-0.0765	0.3004	0.1378	0.0764	0.1977	0.276	0.0452	0.3651	0.2267	0.1769	0.5423	0.175	-0.0735	0.1627	0.1637	0.0988	0.0621	0.3876	0.2163	-0.2416	-0.3636	0.1845	-0.2449	0.0105	0.1903	-0.314	0.1703	0.1493	0.0464	-0.128	0.3025	0.3047	0.0808	0.3536	0.5764	0.0586	0.3227	0.2595	0.0286	-0.2302	0.2527	0.3047	0.1834	0.1353	-0.0349	0.1362	0.3227	0.0845	0.1932	0.2104	0.3366	-0.2383	-0.1087	0.2077	-0.0258	0.1996	0.0826	-0.5043	-0.3461	-0.1634	-0.5057	-0.2606	-0.4927	-0.4598	-0.3688	-0.3729	-0.3438	0.01	-0.1443	0.063	-0.0989	-0.4971	0.1233	-0.3192	-0.2341	0.2777	-0.0257	0.2424	-0.27	0.0747	0.0846	-0.0339	-0.0358	0.0719	0.0702	0.0387	0.1046	-0.4354	-0.3726	-0.3447	-0.2054	-0.0024	0.0406	-0.1299	-0.4762	-0.2465	-0.1369	0.144	0.0694	0.2096	0.1892	0.2351	-0.0724	0.0124	0.2293	0.0099	0.1758	0.3492	0.0862	-0.0315	0.1897	0.5518	-0.0013	-0.0367	-0.125	0.1643	0.2336	0.3262	0.0849	0.1869	0.1978	0.4645	0.3306	-0.0258	0.6978	0.2627	0.3819	0.4856	-0.0216	-0.2459	0.0249	0.3969	0.4796	0.6952	0.0082	1.0	0.3136	0.3738	0.4676	0.2745	0.5072	0.5852	0.2145	0.1954	0.2115	0.2197	0.4413	0.2898	0.0548	0.0045	0.2273	0.325	0.2326	0.3001	0.4398	-0.1154	0.2886	-0.1341	-0.0569	0.0693	0.2869	-0.0543	-0.3774	-0.4244	-0.3761	0.0164	-0.4963	-0.2472	-0.0784	-0.2686	0.1222	-0.2766	-0.3151	0.2634	0.0348	-0.1157	-0.0711	-0.1762	0.3197	0.2143	-0.2904	-0.1437	-0.4063	0.3027	-0.2071	-0.0567	0.004	0.1136	0.1586	0.2256	0.1054	-0.2475	0.0511	-0.3825	0.0915	-0.0768	-0.1235
RH_DorsAttn_Post_6	0.4803	0.362	0.3291	0.4705	0.1901	-0.046	0.4751	0.1714	0.1563	0.4258	0.4684	0.203	0.6128	0.4317	0.075	0.3366	-0.1507	0.3062	0.1522	-0.2422	0.2419	-0.0333	-0.3524	-0.4841	0.2094	-0.5416	-0.2333	0.3036	-0.3981	-0.1366	-0.1063	0.4028	0.3173	0.4132	0.1845	0.4462	0.6194	0.5596	0.5102	0.4694	0.5406	0.3483	0.0066	0.5163	0.4796	0.5837	0.3069	0.4001	0.2511	0.2985	0.186	0.0567	0.6126	0.1306	-0.3797	0.0579	-0.2303	-0.3384	-0.2468	-0.2522	-0.213	0.2118	0.3168	-0.2108	-0.6249	-0.489	-0.4819	-0.1037	-0.3803	-0.4126	0.5719	0.3086	0.3217	-0.512	-0.4841	-0.5794	-0.5649	-0.4684	0.0863	0.1265	0.1547	-0.6088	-0.4073	-0.3124	-0.2768	-0.4735	-0.439	-0.449	-0.6428	-0.3563	-0.7259	-0.6005	-0.6696	-0.5455	-0.439	-0.1926	-0.5154	-0.4486	-0.1269	-0.3093	0.0921	0.03	0.3286	0.4839	0.2273	0.1145	0.0857	0.2981	0.3782	0.3514	0.2151	0.5203	0.4425	0.3077	0.2546	0.1051	0.1522	-0.2821	-0.0239	0.2179	-0.0318	-0.1084	0.4556	-0.1457	0.2346	0.2361	-0.4161	0.0065	-0.2012	-0.0395	0.1977	-0.4018	-0.5385	-0.443	0.2885	0.4057	-0.0384	0.6212	0.3136	1.0	0.6415	0.7221	0.727	0.556	0.4233	0.5635	0.4574	0.2889	0.5072	0.5649	0.3717	0.0504	0.3089	0.5315	0.4393	0.2056	0.6921	0.224	-0.0293	0.0461	0.1038	-0.2566	-0.3456	-0.0821	0.3721	0.1278	0.3091	0.2671	-0.0256	-0.2359	-0.1356	0.3746	0.0937	0.2647	-0.0407	-0.239	0.8385	0.5205	0.1352	-0.0813	-0.4124	0.5999	-0.0003	-0.2664	-0.3761	-0.2255	0.349	-0.265	-0.3275	-0.0214	-0.3456	-0.1233	-0.0426	-0.394	-0.5543	-0.0972	0.062	-0.1777	-0.1416	0.2978
RH_DorsAttn_Post_7	0.5649	0.5413	0.7114	0.2854	0.3304	0.1664	0.4406	0.2108	0.4472	0.4422	0.585	0.3457	0.5285	0.6395	0.1108	0.186	-0.1255	0.3171	0.0299	-0.1734	0.3486	0.2195	-0.4792	-0.4751	0.1342	-0.5069	-0.1924	0.1606	-0.6314	-0.1372	0.1499	0.451	0.5124	0.3588	0.4087	0.5219	0.5181	0.7238	0.0486	0.2412	0.2412	-0.037	0.2081	0.5581	0.4705	0.3577	0.0919	0.2303	0.4156	0.1913	-0.2152	0.2392	0.35	0.3232	-0.1876	-0.0418	-0.179	-0.2081	-0.3047	-0.2541	-0.3931	0.2557	0.2165	-0.0997	-0.5168	-0.2655	-0.5913	-0.252	-0.0461	-0.2936	0.1763	0.0987	0.0607	-0.6228	-0.5106	-0.4048	-0.4498	-0.3093	-0.0579	-0.1967	-0.1005	-0.5788	-0.2538	-0.3464	0.04	-0.5113	-0.3136	-0.493	-0.5154	-0.263	-0.4907	-0.4723	-0.561	-0.6582	-0.4877	-0.2799	-0.4823	-0.4222	-0.263	-0.263	0.3226	-0.0749	0.4785	0.6269	0.4789	0.0709	0.0944	0.3312	0.4633	0.3102	0.4668	0.5205	0.3871	0.4446	0.6384	0.1386	0.1935	-0.3886	-0.0059	0.1832	0.1868	-0.0871	0.4968	-0.265	0.3733	0.0444	-0.4738	0.0564	-0.2177	-0.1206	0.0741	-0.2938	-0.5954	-0.4067	0.7691	0.4792	0.1613	0.4848	0.3738	0.6415	1.0	0.8645	0.2451	0.365	0.543	0.0932	0.5581	0.1154	0.5323	0.502	0.6438	-0.09	0.2606	0.3874	0.4731	0.3127	0.3662	0.2704	-0.1288	0.1752	-0.2166	-0.347	-0.1992	-0.2993	-0.0162	-0.1515	0.2718	0.3543	-0.2034	-0.1825	-0.0997	0.2029	0.3797	-0.2165	-0.3183	-0.286	0.5347	0.4022	0.0855	-0.1865	-0.3919	0.1504	-0.4158	-0.5212	-0.5866	-0.2283	0.1099	-0.4648	-0.2123	0.0242	-0.3474	-0.0839	-0.0458	-0.4577	-0.4975	-0.4811	-0.2513	-0.2668	-0.2365	-0.1608
RH_DorsAttn_Post_8	0.7284	0.543	0.6688	0.4087	0.3302	0.1969	0.3702	0.2228	0.3948	0.4645	0.7719	0.4184	0.7004	0.7589	0.0162	0.1105	-0.0569	0.2028	0.0271	-0.2367	0.2724	0.2559	-0.4629	-0.4723	0.1774	-0.4502	-0.1687	0.3412	-0.5342	-0.0528	0.0438	0.357	0.3128	0.3726	0.4789	0.4178	0.6674	0.7539	0.2273	0.3702	0.447	0.1361	0.0056	0.4766	0.4151	0.3719	0.0867	0.1892	0.336	0.1163	0.0574	0.3045	0.4785	0.3369	-0.3876	-0.0956	-0.2355	-0.2898	-0.3346	-0.2777	-0.5529	-0.0458	0.1151	-0.2479	-0.5328	-0.5382	-0.7554	-0.2952	-0.3412	-0.4386	0.1202	-0.029	0.174	-0.5292	-0.5615	-0.4671	-0.6243	-0.5219	-0.1313	-0.1508	-0.0325	-0.6346	-0.2171	-0.2959	-0.2231	-0.4438	-0.3573	-0.3705	-0.472	-0.1575	-0.5737	-0.5508	-0.6737	-0.5399	-0.3045	-0.2215	-0.5106	-0.4831	-0.4251	-0.2806	0.2599	0.0114	0.6559	0.7238	0.5124	0.2277	0.0537	0.4244	0.4664	0.2931	0.6162	0.6225	0.428	0.606	0.7221	0.1638	0.1879	-0.2794	0.1606	0.2372	0.1895	-0.0022	0.5124	-0.1197	0.4425	0.2263	-0.3549	0.1838	-0.0216	0.0517	0.3102	-0.2571	-0.4702	-0.2909	0.6699	0.5532	0.2152	0.4222	0.4676	0.7221	0.8645	1.0	0.4393	0.5488	0.6091	0.4311	0.391	0.0787	0.4558	0.5241	0.4986	-0.0626	0.1689	0.3479	0.4743	0.4036	0.4558	0.4222	-0.2023	0.1047	-0.1818	-0.435	-0.2799	-0.1657	0.0135	-0.2437	0.1213	0.173	-0.3062	-0.3138	-0.4042	0.1069	0.0475	0.0502	-0.2351	-0.402	0.5065	0.288	0.0305	-0.1429	-0.3192	0.3908	-0.3093	-0.5248	-0.5502	-0.3136	0.1466	-0.4612	-0.3081	-0.086	-0.2894	-0.0944	0.022	-0.3632	-0.459	-0.2451	-0.0686	-0.2088	-0.3007	-0.2281
RH_DorsAttn_Post_9	0.4302	-0.073	-0.0144	0.4048	-0.1501	0.1276	0.2911	-0.128	-0.1403	0.407	0.202	0.2598	0.3969	0.1536	0.1602	0.2965	0.0216	0.2898	0.2693	-0.2831	0.1657	-0.0501	-0.1552	-0.3021	0.4145	-0.3192	0.0683	0.4116	-0.1085	0.0537	0.0383	0.3618	0.1044	0.3681	0.1235	0.3556	0.6752	0.378	0.8635	0.6587	0.7195	0.7541	-0.0727	0.3464	0.4579	0.662	0.4161	0.5313	0.3001	0.4008	0.5216	0.1865	0.7868	0.0335	-0.3759	0.0059	0.0191	-0.3003	0.0748	-0.1412	-0.3507	-0.1245	0.3102	-0.2518	-0.4566	-0.6797	-0.3913	0.0322	-0.4438	-0.5117	0.434	0.1945	0.4637	-0.3819	-0.5788	-0.4227	-0.6834	-0.5583	0.2611	0.3771	0.2578	-0.5856	-0.4186	-0.0982	-0.4148	-0.277	-0.2693	-0.1891	-0.4592	-0.1444	-0.7707	-0.5777	-0.7318	-0.2876	-0.3332	0.1429	-0.4103	-0.4227	-0.1225	0.0094	0.151	0.37	0.0795	0.2489	-0.2114	0.0892	0.31	-0.0314	0.268	0.4513	-0.0899	0.1942	0.383	0.0924	-0.0449	0.1549	0.0622	-0.1048	-0.0695	0.1432	-0.0622	-0.1325	0.4258	-0.1158	0.1332	0.3573	-0.1794	0.1161	-0.1788	0.0946	0.246	0.0451	-0.326	-0.2865	0.052	0.2232	-0.0503	0.4032	0.2745	0.727	0.2451	0.4393	1.0	0.5863	0.3776	0.7735	0.3182	0.2287	0.2644	0.4558	0.0881	0.122	0.388	0.5065	0.4065	0.2745	0.8457	0.14	0.0435	0.1218	0.2752	-0.0681	-0.0562	0.1272	0.2891	-0.0531	-0.0058	-0.0237	-0.0818	-0.3985	-0.3908	0.2854	-0.1927	0.3782	-0.0609	-0.4368	0.6328	0.1546	0.2101	0.1345	-0.4552	0.7906	0.139	-0.3515	-0.1847	-0.3865	0.4897	-0.3611	-0.4358	-0.103	-0.2299	-0.1143	0.1305	-0.2209	-0.6421	0.2092	0.0941	0.1046	-0.1684	0.3243
RH_DorsAttn_Post_10	0.4692	0.1476	0.3417	0.4558	0.0801	0.0565	0.2472	0.1954	-0.0123	0.3461	0.4839	0.2711	0.5354	0.4486	0.1656	0.0947	0.0937	0.3871	0.1641	-0.2518	0.19	0.2941	-0.3946	-0.5457	0.4422	-0.4856	0.1772	0.5511	-0.5615	0.0461	0.1559	0.3622	0.0977	0.336	0.2128	0.3378	0.5833	0.5871	0.4554	0.7791	0.5015	0.3444	-0.1481	0.3863	0.6916	0.5986	0.433	0.3086	0.4134	0.49	0.4197	0.4581	0.6056	0.4267	-0.2815	-0.0321	0.0366	-0.1606	-0.0707	0.083	-0.4028	-0.149	0.1689	-0.3149	-0.5518	-0.5909	-0.5195	-0.1813	-0.4289	-0.6275	0.2151	0.1922	0.2054	-0.3203	-0.5758	-0.2441	-0.5055	-0.3282	0.0621	-0.0318	0.2314	-0.6325	-0.2255	-0.1769	-0.1503	-0.2692	-0.1208	-0.2428	-0.3093	-0.2007	-0.6607	-0.534	-0.7074	-0.4892	-0.2078	-0.1282	-0.3944	-0.4404	-0.4194	-0.2559	0.2028	-0.0408	0.2837	0.4839	0.1379	0.3089	-0.0393	0.246	0.2772	0.3461	0.2562	0.3842	0.3466	0.3876	0.3151	0.1186	-0.0151	0.0743	0.3218	0.4839	0.3215	-0.0038	0.4723	-0.0053	0.3158	0.4554	-0.1127	0.4629	0.1156	0.5161	0.6042	-0.1617	-0.5347	-0.1039	0.3588	0.5033	0.3551	0.2049	0.5072	0.556	0.365	0.5488	0.5863	1.0	0.4319	0.5347	0.2704	0.2128	0.447	0.6858	0.3081	0.2734	0.3371	0.4427	0.5827	0.4172	0.6578	0.517	0.068	0.2463	-0.0616	-0.0436	0.0182	0.132	0.1671	-0.2491	-0.2837	-0.1684	-0.0248	-0.4629	-0.3436	0.2231	-0.2401	0.2331	-0.2862	-0.4968	0.4808	0.2931	-0.113	-0.2034	-0.3128	0.3855	-0.1201	-0.5015	-0.3118	-0.4478	0.3319	-0.3669	-0.1426	0.0464	-0.2038	-0.1396	0.2349	-0.1869	-0.5326	-0.1704	-0.2116	-0.1042	-0.1921	-0.1632
RH_DorsAttn_FEF_1	0.3133	0.1546	0.5203	0.069	0.1664	0.2287	0.0049	0.2238	0.1076	0.0503	0.3081	0.2664	0.0943	0.4398	0.2529	0.0957	0.2582	0.2707	0.394	-0.1076	0.2025	0.0613	-0.1124	-0.2623	0.3681	-0.187	0.036	0.3963	-0.1928	0.0236	0.2216	0.2688	0.1691	0.3149	0.4215	0.3018	0.5649	0.5195	0.1986	0.4922	0.454	0.2797	0.0574	0.2309	0.2536	0.2192	0.1255	0.2018	0.2178	0.2289	-0.0096	0.3354	0.2429	0.1427	-0.2818	0.1267	0.0702	-0.1363	0.1694	0.0352	-0.5	-0.0975	0.067	-0.2508	-0.252	-0.3464	-0.3915	-0.0879	-0.2508	-0.2907	-0.0493	-0.1432	0.2666	-0.3958	-0.4769	-0.2416	-0.5035	-0.3771	-0.0935	-0.0031	-0.0891	-0.5022	-0.2855	-0.1417	-0.3185	-0.2867	-0.2497	-0.2727	-0.3705	0.0225	-0.4803	-0.2968	-0.4608	-0.3293	-0.2012	-0.0219	-0.5013	-0.5549	-0.3673	-0.0014	0.2696	0.1446	0.2793	0.221	0.2222	-0.0158	0.2223	0.1259	-0.0297	0.2865	0.1739	-0.0447	-0.06	0.1728	0.4808	0.1629	0.0119	0.0341	0.1112	-0.0376	0.2803	0.0031	0.0803	0.0996	0.2826	0.3784	-0.05	0.4194	-0.0008	0.2007	0.3286	0.1202	-0.1849	0.0869	0.606	0.6069	0.3688	0.3944	0.5852	0.4233	0.543	0.6091	0.3776	0.4319	1.0	0.3838	0.3076	0.0552	0.1768	0.359	0.3036	-0.1232	0.1009	0.2348	0.3234	0.3557	0.414	0.2768	-0.0653	0.1817	-0.1528	-0.2472	-0.0517	0.1504	-0.118	-0.2465	-0.0526	0.0354	-0.3997	-0.2374	-0.2657	0.1569	0.0305	-0.0232	-0.1519	-0.3894	0.2197	0.0007	-0.0593	-0.0515	-0.3414	0.4262	-0.1304	-0.4575	-0.4342	-0.3444	-0.0022	-0.5025	-0.3669	-0.2369	-0.0718	-0.0692	0.1727	-0.2527	-0.5216	-0.077	-0.1403	0.0367	-0.4267	-0.2869
RH_DorsAttn_FEF_2	0.3604	-0.0149	-0.0592	0.3641	-0.088	0.0989	0.1227	-0.0396	-0.241	0.2066	0.2524	0.1559	0.3857	0.1476	0.0709	0.2515	0.1374	0.2122	0.3517	-0.1014	0.1457	-0.0079	0.0688	-0.142	0.2936	-0.1006	0.0607	0.569	0.053	0.1103	-0.1272	0.2284	-0.0874	0.3197	0.2131	0.1224	0.6251	0.2603	0.6899	0.5347	0.727	0.7103	-0.1288	0.265	0.259	0.4953	0.3093	0.2644	0.0599	0.2102	0.4362	0.1373	0.5737	0.1073	-0.5156	0.0227	-0.0759	-0.3393	-0.0482	-0.1196	-0.2438	-0.2465	0.2318	-0.1823	-0.4062	-0.585	-0.3726	0.0621	-0.5245	-0.4625	0.0882	-0.1228	0.4517	-0.2794	-0.3436	-0.5266	-0.5977	-0.6279	-0.0872	0.1729	0.0953	-0.517	-0.4018	-0.2001	-0.5788	-0.3337	-0.4438	-0.2641	-0.4728	-0.1794	-0.5382	-0.4003	-0.5667	-0.1501	-0.017	-0.1104	-0.4588	-0.3931	-0.4008	-0.1161	0.058	0.2479	0.2568	0.2657	-0.1244	0.2666	0.1401	0.0913	0.1559	0.2035	0.0554	0.2319	0.2122	0.2757	0.0337	0.2344	0.2155	0.2215	0.1997	0.1852	0.0558	0.1657	0.1779	0.1698	0.2195	0.4945	0.0882	0.1371	0.1387	0.25	0.4848	0.02	-0.0161	-0.1028	-0.0442	0.2882	-0.0286	0.3931	0.2145	0.5635	0.0932	0.4311	0.7735	0.5347	0.3838	1.0	0.1454	0.0793	0.2475	0.3782	0.0458	0.1466	0.2136	0.3496	0.2518	0.333	0.581	0.3312	-0.0594	-0.0901	0.1326	-0.2265	-0.2427	0.0801	0.3162	0.0674	0.0621	0.0274	-0.1569	-0.1665	-0.3958	0.2534	-0.2713	0.5476	0.2871	-0.225	0.2571	-0.0663	-0.0472	0.0134	-0.0611	0.7866	0.0764	-0.1302	-0.2489	-0.1734	0.2502	-0.1961	-0.3733	-0.143	-0.3358	-0.2468	0.0808	-0.2265	-0.3036	0.3702	0.4594	-0.052	-0.3347	0.0583
RH_DorsAttn_PrCv_1	0.0711	0.142	0.1271	0.0888	-0.0047	0.0354	0.2382	0.1121	0.134	0.2251	0.0941	0.0349	0.2279	0.1245	0.2554	0.2255	-0.078	0.532	0.2318	0.0889	0.3946	0.0099	-0.189	-0.2692	0.0603	-0.3397	-0.0009	0.063	-0.371	0.0013	-0.0128	0.508	0.2736	0.198	-0.1069	0.3556	0.2359	0.3056	0.1402	0.3036	0.3179	0.1034	0.4097	0.5055	0.6677	0.7134	0.4826	0.532	0.4257	0.6048	-0.2092	0.0536	0.344	0.1759	0.0319	0.0326	-0.1981	-0.4297	-0.187	0.0614	0.0204	0.3963	0.5801	-0.0124	-0.3573	-0.006	-0.27	-0.0347	0.0856	-0.2981	-0.0228	0.1005	0.027	-0.6539	-0.4841	-0.4165	-0.2942	-0.2249	0.1209	-0.2352	-0.0425	-0.6959	-0.3635	-0.6561	0.243	-0.7641	-0.2136	-0.7372	-0.575	-0.4235	-0.5259	-0.3938	-0.4833	-0.7691	-0.4538	-0.5642	-0.7064	-0.5935	-0.3905	-0.3464	0.1114	-0.2439	0.0832	0.2938	0.0177	-0.0177	0.1243	-0.0046	0.2497	0.1351	0.0142	0.259	0.1718	0.1176	0.033	0.0412	0.0525	-0.2419	-0.2281	0.3505	-0.0606	-0.0448	0.4114	-0.2639	0.2459	0.0773	-0.2481	-0.2247	-0.2644	-0.1076	0.0193	-0.0906	-0.6138	-0.399	0.4089	0.4124	-0.0006	0.7268	0.1954	0.4574	0.5581	0.391	0.3182	0.2704	0.3076	0.1454	1.0	0.5007	0.5323	0.6911	0.7019	0.2965	0.6005	0.5713	0.69	0.098	0.451	0.143	-0.0264	0.2655	-0.2862	-0.1667	-0.1193	-0.2636	0.5649	0.342	0.3457	0.5134	0.1613	0.2584	0.1312	0.7278	0.6405	0.1009	-0.0047	0.0544	0.2614	0.314	0.1477	-0.0383	-0.1516	0.1481	-0.2916	-0.3426	-0.2835	0.0164	0.3575	-0.216	-0.0206	0.5437	-0.3681	-0.144	-0.1758	-0.5134	-0.459	-0.4803	-0.0017	-0.6031	-0.4648	-0.1503
RH_SalVentAttn_TempOccPar_1	-0.0655	0.072	-0.1102	0.0804	-0.0512	-0.1757	0.1821	0.2661	0.0728	0.0193	0.1145	-0.1514	0.2171	0.1227	-0.0901	-0.2821	-0.2815	-0.0259	-0.1101	-0.0472	0.2242	-0.0872	-0.1907	-0.1364	-0.1608	-0.1028	0.0275	0.0349	-0.19	-0.033	-0.0106	0.1352	-0.1528	-0.0817	-0.4221	0.0035	-0.0805	0.0448	0.0573	0.2599	0.1985	-0.0394	-0.099	-0.0086	0.2333	0.4077	0.1352	0.0834	-0.022	0.3199	0.0446	-0.0144	0.2218	0.1349	-0.0832	0.1158	-0.0461	-0.1589	0.0374	0.3118	0.0102	0.0944	0.1437	-0.2365	-0.1584	-0.0038	-0.1937	-0.2423	-0.0212	-0.2748	-0.0138	0.2439	-0.1969	-0.057	-0.3218	-0.0951	0.0207	0.1041	0.4294	-0.106	0.3514	-0.3412	0.0588	-0.429	0.2375	-0.3607	0.1557	-0.2398	-0.0978	-0.2552	-0.347	-0.1424	-0.1863	-0.4236	-0.1737	-0.3549	-0.3364	-0.4042	-0.1889	-0.3201	0.1793	-0.239	0.0496	0.082	0.0068	0.0964	0.0073	0.0172	0.0983	-0.1769	0.0338	0.2242	0.0809	0.094	-0.0227	-0.3277	-0.4215	-0.333	-0.1982	0.0784	-0.2257	-0.1025	0.2326	-0.0343	0.1645	0.122	-0.1086	0.0058	0.0622	0.0305	0.181	-0.1065	-0.2977	-0.2026	-0.0118	0.4219	-0.0358	0.1771	0.2115	0.2889	0.1154	0.0787	0.2287	0.2128	0.0552	0.0793	0.5007	1.0	0.272	0.3515	0.5234	0.4326	0.0508	0.1675	0.359	-0.0945	0.2749	0.2397	-0.0071	0.2465	-0.2552	0.344	0.1535	0.0679	0.6652	0.1836	0.0234	-0.0016	0.2421	0.045	0.0901	0.232	0.2257	0.4645	0.0181	0.2454	0.182	0.3397	0.0036	-0.1136	0.0149	0.2534	0.2686	-0.0561	0.2529	-0.0757	0.6159	0.1097	0.4746	0.4648	-0.0356	-0.1188	-0.2608	-0.027	-0.0764	-0.0675	-0.1219	-0.4176	-0.1687	0.116
RH_SalVentAttn_TempOccPar_2	0.1953	0.3041	0.2335	0.3557	0.0756	-0.181	0.2582	0.3838	0.1054	0.3245	0.2849	0.1994	0.5227	0.2752	0.2402	0.4953	-0.0039	0.5995	0.1473	0.1289	0.5423	0.3009	-0.2634	-0.3304	0.0177	-0.3003	0.072	0.2204	-0.6002	-0.1102	-0.0866	0.4478	0.3159	0.3317	0.1405	0.3291	0.3188	0.3784	0.0602	0.3341	0.3733	0.1099	0.2204	0.8093	0.6548	0.598	0.4376	0.326	0.4356	0.4203	-0.096	0.0839	0.3536	0.4656	0.0292	-0.0063	-0.3102	-0.4122	-0.2911	-0.1185	-0.012	0.3739	0.3714	0.0379	-0.508	-0.0869	-0.3156	0.0584	-0.0828	-0.2748	0.161	0.2186	0.106	-0.6005	-0.333	-0.5706	-0.292	-0.0686	0.0567	-0.1971	0.1163	-0.5481	-0.2309	-0.5583	0.0832	-0.6251	-0.3954	-0.618	-0.6325	-0.384	-0.4311	-0.3925	-0.4605	-0.6097	-0.3128	-0.5469	-0.5413	-0.2995	-0.3116	-0.5299	-0.0053	-0.3029	0.2723	0.5427	0.0887	0.2673	-0.0064	0.188	0.3234	0.1178	0.1886	0.4743	0.3705	0.4011	0.1788	0.3745	0.4239	0.0031	0.3817	0.5683	0.4506	0.3585	0.5497	0.1484	0.5301	0.1736	-0.1427	0.0213	0.1737	0.0877	0.3384	-0.4102	-0.5241	-0.3604	0.2673	0.4968	0.2089	0.4117	0.2197	0.5072	0.5323	0.4558	0.2644	0.447	0.1768	0.2475	0.5323	0.272	1.0	0.7633	0.5549	0.3245	0.4751	0.6421	0.5737	0.3917	0.4513	0.4554	-0.136	0.0521	-0.2055	-0.2541	-0.1788	-0.3845	0.3025	0.0352	0.1097	0.2459	0.2496	-0.069	0.0364	0.505	0.178	0.0829	0.0095	-0.1675	0.4203	0.4233	0.1179	-0.1412	-0.2095	0.1443	-0.3158	-0.4114	-0.5285	-0.2412	0.268	-0.3738	-0.0803	0.1515	-0.5617	-0.2729	0.0007	-0.6157	-0.4393	-0.2874	-0.0831	-0.5127	-0.3675	-0.1384
RH_SalVentAttn_TempOccPar_3	0.3001	0.2024	0.2188	0.2808	0.1293	-0.0382	0.1715	0.2439	0.1286	0.2989	0.3343	0.1923	0.4769	0.3584	0.323	0.3647	0.0574	0.6776	0.2858	0.0017	0.4161	0.3018	-0.3657	-0.5335	0.092	-0.4151	0.0678	0.2716	-0.6063	-0.0132	-0.0229	0.5007	0.1875	0.3013	0.0044	0.2925	0.4178	0.4575	0.2292	0.5739	0.4815	0.2022	0.1669	0.6957	0.8729	0.8069	0.6794	0.5266	0.5646	0.6944	0.029	0.1866	0.4848	0.4653	-0.0216	-0.0159	-0.243	-0.3811	-0.2044	-0.0083	-0.1822	0.1627	0.453	-0.1074	-0.5132	-0.3167	-0.4648	-0.1203	-0.2289	-0.4919	0.1015	0.1837	0.1678	-0.6595	-0.5444	-0.454	-0.4789	-0.3319	0.1026	-0.1209	0.165	-0.6963	-0.3822	-0.5626	0.057	-0.6245	-0.2182	-0.5866	-0.5333	-0.3579	-0.6407	-0.5502	-0.6539	-0.664	-0.3239	-0.4542	-0.6539	-0.5522	-0.4897	-0.5306	0.1492	-0.1871	0.232	0.4585	0.0613	0.1299	0.0164	0.1983	0.2402	0.2443	0.1855	0.3799	0.276	0.3142	0.2096	0.295	0.2688	-0.0554	0.2993	0.7571	0.3857	0.198	0.5596	0.0038	0.4735	0.3496	-0.1331	0.109	0.1034	0.3062	0.4769	-0.2918	-0.6537	-0.2794	0.3502	0.5	0.3223	0.5266	0.4413	0.5649	0.502	0.5241	0.4558	0.6858	0.359	0.3782	0.6911	0.3515	0.7633	1.0	0.5594	0.3811	0.6097	0.7009	0.8201	0.4117	0.6275	0.5146	-0.139	0.2084	-0.3579	-0.2268	-0.0554	-0.1437	0.4051	0.0097	0.0102	0.2026	0.1413	-0.1551	-0.1828	0.5656	0.1314	0.1273	-0.1702	-0.3086	0.4001	0.3277	0.0967	-0.1848	-0.2664	0.3334	-0.1939	-0.496	-0.4892	-0.2429	0.342	-0.4201	-0.1864	0.3113	-0.3397	-0.1577	0.0519	-0.5117	-0.59	-0.3167	-0.0958	-0.4309	-0.4136	-0.2079
RH_SalVentAttn_PrC_1	0.2127	0.3493	0.3782	0.1424	0.1433	0.0619	0.3262	0.2599	0.2146	0.3077	0.38	0.2039	0.4087	0.3975	-0.1046	-0.1107	-0.2114	0.3018	0.001	0.031	0.4781	0.3122	-0.3461	-0.3486	-0.1372	-0.3468	-0.1903	0.2328	-0.528	0.0269	0.1531	0.3021	0.1575	0.1228	-0.0186	0.2428	0.1221	0.4285	-0.1505	0.2435	0.2292	-0.1435	0.1531	0.3447	0.5062	0.4024	0.2447	0.1878	0.359	0.4368	-0.1223	0.2228	0.3029	0.5768	-0.0935	-0.0595	-0.1362	-0.2673	-0.1876	0.0318	-0.1993	0.1751	0.1688	-0.2492	-0.3676	-0.023	-0.4515	-0.1969	0.03	-0.2423	-0.1807	0.0357	-0.0969	-0.3917	-0.5209	-0.3755	-0.2077	-0.1913	-0.0425	-0.4912	0.0117	-0.6747	-0.0786	-0.6626	0.3364	-0.6343	0.0471	-0.598	-0.4156	-0.2025	-0.4684	-0.1868	-0.4354	-0.7427	-0.1929	-0.6035	-0.6334	-0.5973	-0.5653	-0.4686	0.2749	-0.3248	0.3641	0.4839	0.312	0.2639	-0.1004	0.2133	0.4386	0.1028	0.3273	0.3857	0.2155	0.4156	0.3869	-0.0381	-0.0793	-0.3613	-0.0148	0.2171	-0.0237	0.0768	0.4831	-0.1628	0.4521	0.1429	-0.2335	-0.0454	0.0664	-0.0325	0.3036	-0.2874	-0.5448	-0.2566	0.4867	0.5495	0.2341	0.347	0.2898	0.3717	0.6438	0.4986	0.0881	0.3081	0.3036	0.0458	0.7019	0.5234	0.5549	0.5594	1.0	0.3277	0.1875	0.3852	0.6243	0.1605	0.2386	0.5601	-0.2291	0.2655	-0.3683	-0.0218	-0.048	-0.1874	0.3822	0.0433	0.0768	0.1781	0.1217	-0.0087	0.0312	0.3252	0.4671	0.1987	-0.0422	0.0885	0.2178	0.2736	-0.0805	-0.276	0.1126	0.0116	-0.244	-0.401	-0.2986	-0.2129	0.3857	-0.1985	0.3451	0.564	-0.4183	-0.2359	-0.1634	-0.3913	-0.237	-0.4073	-0.1674	-0.5335	-0.4699	-0.277
RH_SalVentAttn_FrOperIns_1	-0.0842	0.1694	0.0052	0.0183	-0.0055	-0.1828	-0.1273	0.2235	0.0812	-0.054	0.1928	-0.1389	0.2319	0.1097	-0.0218	-0.006	-0.2707	0.1849	0.073	0.0346	0.2078	0.2057	-0.1599	-0.0228	-0.1224	-0.034	0.0128	0.2072	-0.1516	0.1858	0.0883	0.1324	-0.2007	-0.0314	-0.2253	-0.1097	-0.1023	0.1441	-0.0094	0.2639	0.0818	-0.0621	-0.0846	0.1726	0.3897	0.4362	0.3934	0.0927	0.2319	0.4525	0.2109	-0.04	0.2103	0.3265	0.1133	0.3248	-0.1462	-0.2738	-0.1625	0.575	0.1325	0.04	0.1307	-0.1066	0.0418	0.0432	0.0179	-0.0728	-0.1155	-0.2349	-0.1617	0.1045	-0.0168	-0.1177	-0.1234	0.0298	0.092	0.1415	0.1177	-0.279	0.2698	-0.3133	0.1364	-0.3265	0.3245	-0.2641	0.1544	-0.2015	-0.0604	-0.145	-0.1837	-0.0358	-0.1527	-0.2862	-0.0044	-0.3845	-0.2677	-0.3151	-0.3191	-0.365	0.1055	-0.2829	0.0718	0.0861	0.0274	0.06	-0.1727	0.0663	0.0146	-0.2007	0.1374	0.2084	0.0731	0.1613	-0.0457	-0.1907	-0.2603	0.0	0.0753	0.4362	0.0054	0.0979	0.1025	0.0809	0.1504	0.1337	0.3341	-0.0327	0.3007	0.27	0.3419	-0.1378	-0.2661	-0.0861	-0.0513	0.2271	0.0775	0.0407	0.0548	0.0504	-0.09	-0.0626	0.122	0.2734	-0.1232	0.1466	0.2965	0.4326	0.3245	0.3811	0.3277	1.0	0.1611	0.0555	0.3631	-0.0773	0.2281	0.3023	-0.0662	0.2328	-0.2151	0.1307	0.2006	0.0584	0.517	0.1366	-0.1803	-0.0943	0.3885	0.0374	0.0812	0.2171	0.0208	0.33	-0.0014	0.1265	-0.037	0.128	-0.1576	-0.3531	0.1621	0.0459	-0.0616	-0.1324	0.0723	-0.0219	0.4575	0.117	0.3531	0.4581	-0.1756	-0.2044	0.1102	-0.03	-0.0727	-0.108	-0.065	-0.3651	-0.1586	-0.1734
RH_SalVentAttn_FrOperIns_2	0.0874	-0.1093	-0.0392	0.2704	-0.0854	-0.0365	0.189	-0.0294	-0.0392	0.2784	-0.1165	0.0941	0.1338	-0.0919	0.4518	0.556	0.1218	0.7474	0.3746	0.0912	0.1412	0.0177	-0.1001	-0.2271	0.2696	-0.2315	0.2481	0.0955	-0.335	-0.0619	-0.058	0.4488	0.326	0.2361	-0.1	0.3018	0.3136	0.1212	0.4114	0.3967	0.3566	0.3358	0.3297	0.5883	0.6944	0.6677	0.6685	0.5784	0.5982	0.4945	-0.1085	0.0876	0.439	0.007	0.1287	0.0513	-0.1786	-0.2972	-0.1143	-0.1676	0.0972	0.3212	0.5833	0.2075	-0.3526	-0.1407	-0.1065	0.1353	0.0168	-0.3683	0.1535	0.2487	0.2028	-0.6463	-0.3095	-0.3474	-0.3564	-0.25	0.1012	0.089	-0.0254	-0.4103	-0.5326	-0.3447	-0.0187	-0.49	-0.414	-0.5363	-0.5556	-0.4715	-0.401	-0.5469	-0.4252	-0.4372	-0.5553	-0.2387	-0.367	-0.1291	-0.1187	-0.1815	-0.0014	0.0047	-0.1291	0.1929	-0.2291	0.0308	0.2688	-0.0387	0.1558	0.2738	-0.2068	0.1252	0.2435	-0.0811	-0.2225	0.3312	0.2671	0.1286	-0.1199	0.448	0.1891	-0.0473	0.3443	-0.274	0.0171	-0.0441	-0.2573	-0.2282	-0.3957	0.0068	-0.1334	-0.0038	-0.5891	-0.4194	0.1533	0.0747	-0.1669	0.5488	0.0045	0.3089	0.2606	0.1689	0.388	0.3371	0.1009	0.2136	0.6005	0.0508	0.4751	0.6097	0.1875	0.1611	1.0	0.6407	0.5649	0.2858	0.573	-0.0846	0.1042	0.0573	-0.0376	-0.2468	-0.0386	-0.3786	0.333	0.25	0.2376	0.4229	0.1462	0.1253	0.0612	0.7056	0.3355	-0.1394	-0.0896	-0.1611	0.2766	0.2107	0.1955	-0.0067	-0.3991	0.1375	-0.3116	-0.2454	-0.3551	0.0441	0.1552	-0.3093	-0.3902	0.1806	-0.2941	-0.0806	0.0321	-0.4616	-0.5263	-0.3656	0.0697	-0.3317	-0.2208	0.0354
RH_SalVentAttn_FrOperIns_3	0.1631	-0.0784	0.0652	0.3056	-0.0772	-0.0695	0.2992	0.0656	-0.1518	0.407	-0.0194	0.2187	0.2655	-0.0046	0.3203	0.5441	0.1543	0.6296	0.3681	0.0573	0.4326	0.0602	-0.1302	-0.4065	0.2204	-0.3638	0.1213	0.2511	-0.3443	-0.0116	0.0125	0.4754	0.3315	0.4625	0.082	0.4003	0.3913	0.3029	0.3551	0.4927	0.4556	0.3817	0.3466	0.7034	0.6593	0.606	0.564	0.7074	0.5248	0.5483	0.1186	0.1723	0.5504	0.2647	0.0488	0.0027	0.0035	-0.349	-0.0761	-0.2713	-0.0667	0.2666	0.4382	-0.0621	-0.5368	-0.2591	-0.2698	0.2378	-0.121	-0.2529	0.2945	0.2646	0.2707	-0.5589	-0.4971	-0.5333	-0.4694	-0.377	-0.0217	-0.0049	-0.0361	-0.5889	-0.4474	-0.3582	-0.0225	-0.4738	-0.2659	-0.5315	-0.6091	-0.2362	-0.6173	-0.4546	-0.6082	-0.5457	-0.3624	-0.2655	-0.532	-0.3492	-0.2014	-0.2611	-0.0354	-0.0148	-0.0765	0.3373	-0.2463	0.1864	0.2026	-0.0268	0.279	0.4525	-0.2293	0.1047	0.2327	0.0049	-0.1293	0.4482	0.347	-0.0419	0.1151	0.3171	0.2692	0.167	0.5629	-0.024	0.3675	0.3082	-0.2036	-0.0157	-0.077	0.055	0.1897	-0.1837	-0.5308	-0.3369	0.187	0.3138	0.1288	0.4874	0.2273	0.5315	0.3874	0.3479	0.5065	0.4427	0.2348	0.3496	0.5713	0.1675	0.6421	0.7009	0.3852	0.0555	0.6407	1.0	0.5617	0.3188	0.6787	0.2734	0.0627	0.158	0.0838	-0.1986	-0.0372	-0.1586	0.2472	0.1216	0.1223	0.2382	0.2101	-0.1254	0.0116	0.6803	0.2089	0.1252	0.0263	-0.247	0.5183	0.2701	0.1549	0.1854	-0.2801	0.2433	-0.1825	-0.3683	-0.4409	-0.2445	0.1844	-0.362	-0.3604	0.1853	-0.4486	-0.1535	0.0795	-0.505	-0.5583	-0.1343	0.0131	-0.2456	-0.2941	0.0846
RH_SalVentAttn_FrOperIns_4	0.357	0.1881	0.2125	0.3153	0.0659	0.1097	0.2003	0.1689	0.1891	0.4067	0.3836	0.3509	0.5156	0.3685	0.2071	0.1412	-0.0626	0.5703	0.1045	-0.1417	0.3774	0.3023	-0.4071	-0.3898	0.0877	-0.4092	-0.0363	0.1775	-0.5574	0.0193	0.0184	0.388	0.1318	0.108	-0.1271	0.2683	0.3029	0.4142	0.2383	0.455	0.4427	0.1471	0.1043	0.4425	0.7841	0.7226	0.618	0.5048	0.6107	0.5871	0.0714	0.3284	0.5266	0.4374	0.0282	-0.0585	-0.2302	-0.3164	-0.2113	0.0123	-0.2605	0.0401	0.3717	-0.1409	-0.3481	-0.305	-0.4165	-0.1643	-0.1407	-0.5	-0.0213	0.1072	0.2108	-0.573	-0.561	-0.3038	-0.4713	-0.3871	0.1267	-0.1085	0.1571	-0.7056	-0.2449	-0.5106	0.0931	-0.568	-0.0853	-0.4983	-0.4484	-0.2657	-0.6048	-0.4773	-0.6204	-0.6188	-0.3739	-0.3493	-0.6126	-0.5315	-0.4884	-0.3679	0.1707	-0.1444	0.2646	0.4699	0.0939	0.2004	0.0672	0.1432	0.3597	0.2911	0.2293	0.3994	0.3622	0.3921	0.2152	0.1252	0.0467	-0.1796	0.0597	0.6237	0.1243	0.0217	0.6206	-0.2318	0.3549	0.1852	-0.2017	-0.0431	-0.0384	0.2416	0.3144	-0.1641	-0.6783	-0.2869	0.3436	0.4166	0.2071	0.3845	0.325	0.4393	0.4731	0.4743	0.4065	0.5827	0.3234	0.2518	0.69	0.359	0.5737	0.8201	0.6243	0.3631	0.5649	0.5617	1.0	0.3081	0.5863	0.4506	-0.1686	0.2508	-0.3007	-0.1123	-0.0293	-0.1093	0.4107	-0.0447	-0.1119	0.1059	0.1622	-0.1641	-0.3153	0.4912	0.1585	0.121	-0.2463	-0.2925	0.31	0.2812	0.2342	-0.1804	-0.2346	0.2293	-0.2508	-0.5808	-0.3113	-0.2911	0.4437	-0.4275	-0.0411	0.432	-0.2479	-0.1327	0.0788	-0.4484	-0.5871	-0.3689	-0.1645	-0.3938	-0.4552	-0.2351
RH_SalVentAttn_Med_1	0.2591	0.1281	0.1999	0.3817	0.1734	0.1042	0.2387	0.0764	0.071	0.3705	0.1563	0.4678	0.27	0.2515	0.3076	0.276	0.3257	0.3886	0.247	-0.0378	0.199	0.4254	-0.1498	-0.2851	0.1144	-0.1085	0.3144	0.4287	-0.3369	0.0657	0.0135	0.2184	0.1068	0.0375	0.2659	0.1708	0.3466	0.2004	0.2095	0.4024	0.3662	0.2506	-0.0894	0.3975	0.29	0.2215	0.2279	0.1907	0.38	0.1969	0.147	0.3822	0.263	0.4378	-0.2349	-0.0641	-0.0704	-0.0221	-0.0068	-0.2256	-0.46	-0.175	0.0414	-0.0796	-0.3696	-0.4073	-0.5483	-0.0408	-0.3874	-0.4789	0.0056	0.1335	0.0842	-0.3761	-0.4484	-0.4008	-0.5212	-0.371	-0.2292	-0.1621	0.009	-0.378	-0.3156	-0.2267	-0.3901	-0.1601	-0.244	-0.2443	-0.3032	0.1178	-0.3199	-0.4289	-0.4769	-0.2346	0.073	-0.1283	-0.2797	-0.2557	-0.3543	-0.255	0.0359	-0.0477	0.1728	0.3304	-0.0423	0.3118	0.0518	0.2359	0.2465	0.3714	0.1126	0.1322	0.2548	0.3069	0.2401	0.5301	0.3536	0.2283	0.5539	0.2641	0.4846	0.3227	0.3136	0.2091	0.3834	0.453	0.0557	0.3481	0.2231	0.3081	0.4474	-0.0355	-0.2256	0.0804	0.1704	0.361	0.1656	0.1841	0.2326	0.2056	0.3127	0.4036	0.2745	0.4172	0.3557	0.333	0.098	-0.0945	0.3917	0.4117	0.1605	-0.0773	0.2858	0.3188	0.3081	1.0	0.4197	0.5015	-0.108	-0.1369	-0.1681	-0.1041	0.0136	-0.1282	-0.1285	-0.377	-0.1662	-0.0028	-0.357	-0.3694	-0.4588	0.0715	-0.2806	0.0171	-0.1267	-0.5782	0.1754	0.1117	-0.1307	0.1098	-0.2045	0.1469	-0.2116	-0.4548	-0.5083	-0.3575	0.0406	-0.5069	-0.2698	-0.2754	-0.2707	-0.2225	0.0605	-0.2855	-0.3657	-0.1153	-0.0192	-0.0736	-0.3182	-0.2625
RH_SalVentAttn_Med_2	0.3483	-0.0059	0.1223	0.5567	-0.0296	0.091	0.4001	-0.0549	0.0073	0.5549	0.2046	0.4193	0.4425	0.2359	0.325	0.4036	0.0664	0.5183	0.338	-0.2564	0.3171	0.1484	-0.2745	-0.4197	0.4208	-0.4506	0.1903	0.426	-0.3081	0.1422	0.0692	0.394	0.1728	0.2916	0.086	0.347	0.5837	0.4476	0.7311	0.755	0.5926	0.583	-0.0609	0.496	0.6319	0.7259	0.5964	0.6372	0.5653	0.5737	0.4445	0.3162	0.8141	0.2427	-0.2278	0.1363	-0.0131	-0.2636	-0.0262	-0.1394	-0.3363	-0.0176	0.3043	-0.2599	-0.5603	-0.6005	-0.4283	-0.0186	-0.4267	-0.6458	0.4271	0.391	0.3902	-0.4846	-0.6648	-0.4404	-0.6653	-0.4588	0.1104	0.1659	0.1295	-0.6973	-0.4183	-0.2235	-0.2513	-0.3167	-0.2793	-0.3461	-0.57	-0.1777	-0.8414	-0.6815	-0.8117	-0.5238	-0.5087	0.0137	-0.4963	-0.4612	-0.1986	-0.1197	0.1943	0.1786	0.0029	0.3594	-0.1736	0.1245	0.3319	0.061	0.3698	0.5897	-0.0938	0.2199	0.5057	0.1586	0.0009	0.2459	0.0314	-0.0744	0.0281	0.2586	0.0653	-0.0446	0.5471	-0.142	0.2235	0.4041	-0.1748	0.167	-0.1497	0.181	0.2664	-0.0522	-0.5574	-0.2492	0.1546	0.3239	-0.0485	0.4699	0.3001	0.6921	0.3662	0.4558	0.8457	0.6578	0.414	0.581	0.451	0.2749	0.4513	0.6275	0.2386	0.2281	0.573	0.6787	0.5863	0.4197	1.0	0.2606	0.0832	0.1696	0.1878	0.026	0.0463	0.0334	0.3291	-0.0442	-0.0341	0.0291	0.0196	-0.439	-0.2794	0.4978	-0.0416	0.2513	-0.1877	-0.4552	0.6832	0.3118	0.2013	0.1511	-0.5629	0.5532	0.0198	-0.4707	-0.2973	-0.466	0.4372	-0.4699	-0.429	-0.0043	-0.3118	-0.11	0.2315	-0.3408	-0.7775	-0.0216	-0.0712	-0.026	-0.175	0.2222
RH_SalVentAttn_Med_3	0.2625	0.3511	0.2564	0.3021	0.3293	0.1237	0.226	0.2045	0.2077	0.3324	0.462	0.3805	0.4986	0.5212	-0.0885	-0.1456	0.0633	0.1927	0.0714	0.025	0.532	0.6688	-0.19	-0.3347	-0.1062	-0.1439	0.0151	0.4826	-0.3404	0.3289	-0.0702	-0.0483	-0.2851	0.0065	0.1147	-0.1343	0.1298	0.3673	-0.0988	0.3597	0.2402	-0.0557	-0.3185	0.2245	0.3138	0.2082	0.226	-0.0044	0.2339	0.3171	0.2785	0.3702	0.2902	0.8743	-0.252	-0.1623	0.0224	-0.0711	-0.0271	0.044	-0.436	-0.3515	-0.2432	-0.4803	-0.3742	-0.3332	-0.5676	-0.3062	-0.4796	-0.4254	-0.2575	-0.0746	-0.0778	-0.0679	-0.4808	-0.2837	-0.3271	-0.2925	-0.2143	-0.4495	0.1119	-0.5287	0.0335	-0.4018	-0.0012	-0.2489	0.0958	-0.2091	-0.1692	0.1451	-0.4509	-0.188	-0.4692	-0.413	0.2552	-0.3803	-0.4311	-0.5216	-0.6839	-0.5464	0.0689	-0.2049	0.357	0.4244	0.1945	0.399	-0.3033	0.4126	0.3386	0.2255	0.4083	0.3003	0.2475	0.621	0.4525	0.1948	0.1	-0.0259	0.569	0.3493	0.2481	0.4252	0.4307	0.3312	0.6595	0.5768	0.1822	0.417	0.6879	0.4738	0.8191	-0.2851	-0.1746	0.182	0.1227	0.4556	0.4633	-0.0301	0.4398	0.224	0.2704	0.4222	0.14	0.517	0.2768	0.3312	0.143	0.2397	0.4554	0.5146	0.5601	0.3023	-0.0846	0.2734	0.4506	0.5015	0.2606	1.0	-0.3203	0.0152	-0.331	0.0289	0.0055	0.0964	0.1632	-0.2922	-0.4215	-0.2916	-0.0392	-0.4311	-0.3545	0.011	-0.2625	0.402	0.0062	-0.2256	0.0969	0.0319	-0.2481	-0.1783	0.2124	0.1412	0.0091	-0.3752	-0.2995	-0.4819	0.3167	-0.2151	0.2112	0.2281	-0.2855	-0.2324	0.0276	-0.152	-0.1368	0.0015	-0.1304	-0.1745	-0.393	-0.365
RH_Limbic_OFC_1	-0.295	-0.3065	-0.1938	-0.1227	-0.1052	-0.145	-0.0249	-0.0603	-0.2546	-0.1641	-0.3113	-0.1905	-0.276	-0.3118	0.171	0.1799	0.1815	0.0735	0.0308	-0.0026	-0.122	-0.3164	0.2487	0.0083	0.3116	0.0374	0.2641	-0.2209	0.1454	-0.1179	0.0812	0.0965	0.1767	0.0549	-0.0158	0.2039	-0.0511	-0.0345	0.1156	0.0544	-0.2165	-0.0666	0.0572	-0.0709	-0.002	0.0587	-0.0398	0.0373	0.0223	0.0983	-0.0524	-0.1391	-0.106	-0.3846	0.292	0.4699	0.2659	0.1281	0.2115	0.2155	0.1913	0.1701	0.1258	0.2125	-0.0085	0.1265	0.1943	-0.0358	0.1366	-0.1322	0.0908	0.0221	0.0272	0.124	0.0638	0.1911	0.2554	0.2026	0.0109	0.1215	0.0368	0.0865	0.0851	0.1692	0.2799	0.1694	0.1389	0.1778	0.1707	-0.1273	0.0984	-0.0047	0.0209	-0.0517	-0.2941	0.1505	0.0666	0.0101	0.215	0.2752	0.0684	0.0093	-0.4099	-0.2952	-0.2593	-0.2167	-0.0227	-0.1764	-0.29	0.0869	-0.3797	-0.2692	-0.2704	-0.411	-0.3156	-0.108	-0.1812	0.2094	-0.2143	-0.0774	0.0289	-0.1504	-0.2149	-0.1766	-0.2403	0.1013	0.0372	-0.0446	-0.2342	-0.1859	-0.2785	0.1462	0.0712	0.0551	-0.0639	-0.1771	-0.1163	0.0912	-0.1154	-0.0293	-0.1288	-0.2023	0.0435	0.068	-0.0653	-0.0594	-0.0264	-0.0071	-0.136	-0.139	-0.2291	-0.0662	0.1042	0.0627	-0.1686	-0.108	0.0832	-0.3203	1.0	0.489	0.3547	0.1694	0.3664	0.1826	-0.0008	0.1187	0.1003	0.1362	0.3095	0.187	0.3038	0.1591	0.1085	-0.1045	-0.1098	-0.0053	0.0464	0.0209	-0.0945	0.1158	-0.0143	-0.0052	-0.0086	0.1082	0.2855	0.222	-0.0953	0.1885	0.0525	0.2076	0.0419	0.1068	0.1676	0.2218	-0.0217	-0.1644	-0.1515	0.001	0.1956	0.1124
RH_Limbic_OFC_2	0.0305	-0.0444	0.1515	-0.2317	0.0724	0.0204	-0.1178	0.1051	0.0482	-0.1162	0.1132	0.0084	-0.0419	0.1358	0.0567	0.0221	0.2441	0.1164	-0.0239	-0.0814	0.1178	-0.0091	-0.0346	-0.1728	0.2143	-0.1041	0.0386	-0.1062	-0.1869	0.0388	0.328	0.1616	0.1164	0.1813	0.0272	0.1851	-0.0064	0.3393	-0.0392	0.2341	-0.0495	-0.1632	0.0645	0.0716	0.2837	0.2109	0.0888	0.1391	0.2692	0.3269	-0.0544	0.0664	0.2068	0.0021	0.2365	0.4107	0.1682	-0.0834	0.1812	0.4165	-0.2279	-0.0569	0.0139	-0.1417	0.0999	-0.0778	-0.1831	-0.2659	0.0944	-0.2727	-0.1411	-0.0746	0.0802	-0.0999	-0.325	0.2748	0.0436	0.0025	0.1244	-0.0495	0.0827	-0.2655	0.2902	0.0388	0.5083	-0.0169	0.3954	0.142	0.2019	-0.0689	-0.1921	-0.068	-0.2636	-0.286	-0.3657	0.0754	-0.1895	-0.2801	-0.1932	0.0518	0.3611	-0.0129	0.0613	0.061	0.0956	-0.0763	0.0153	0.0565	-0.147	0.1461	0.0622	-0.0593	-0.2078	-0.1332	0.1466	-0.128	-0.3262	-0.1488	-0.1959	0.1528	0.0811	-0.1314	0.1273	-0.2559	0.0848	0.2079	0.0015	0.1047	-0.1159	-0.0691	0.0211	0.1956	-0.1692	-0.0123	0.3579	0.1998	0.3077	0.0049	0.2886	0.0461	0.1752	0.1047	0.1218	0.2463	0.1817	-0.0901	0.2655	0.2465	0.0521	0.2084	0.2655	0.2328	0.0573	0.158	0.2508	-0.1369	0.1696	0.0152	0.489	1.0	0.0251	0.0914	0.3941	0.321	-0.0052	-0.2087	-0.226	-0.1418	0.2869	-0.0787	-0.0067	0.0611	0.1263	-0.0697	-0.4586	-0.1651	0.1161	0.0185	-0.025	-0.0443	-0.0916	0.0638	-0.1107	-0.3419	0.1253	-0.0669	0.193	-0.0757	0.1266	0.4042	0.1017	0.2713	0.3797	0.2255	-0.1725	-0.1858	-0.4099	-0.0949	0.0481	-0.1902
RH_Limbic_OFC_3	-0.1732	-0.2772	-0.2191	0.083	-0.2138	-0.1537	0.2492	-0.2414	-0.247	0.1357	-0.2927	0.1448	-0.1294	-0.3472	-0.0074	0.176	0.0706	-0.1093	-0.035	-0.0579	-0.0355	-0.1793	0.2707	0.0874	0.3871	-0.1194	0.1091	0.0421	0.2837	0.0557	-0.1406	-0.1688	0.0272	0.2953	0.2443	0.1624	0.0908	-0.0504	0.4065	-0.0656	0.0025	0.2465	-0.1119	-0.1059	-0.2094	-0.1394	-0.1741	0.0299	-0.1005	-0.1065	0.3683	-0.1314	0.131	-0.262	-0.1657	0.1001	0.1701	0.0518	0.1006	-0.1886	0.1272	-0.043	-0.1069	-0.1253	-0.1387	-0.1908	0.1884	0.2304	-0.1822	0.0393	0.4874	0.1928	0.1789	0.237	-0.0407	0.0105	-0.0444	-0.0802	-0.0393	0.2532	-0.1107	0.1571	0.0099	0.4427	-0.1546	0.4138	-0.0724	0.2959	0.0638	0.0383	-0.0457	-0.0659	-0.0193	0.1853	-0.1181	0.4005	0.3056	0.2215	0.4625	0.3179	-0.1996	0.3004	-0.3627	-0.0987	-0.2748	-0.0042	0.0391	-0.1804	0.0614	0.2218	-0.3886	-0.2026	0.094	-0.2941	-0.3738	0.0697	0.0748	-0.0251	-0.202	-0.3547	-0.2734	-0.0566	-0.065	-0.0485	-0.2318	-0.0062	-0.0779	0.005	-0.2222	-0.277	-0.2448	0.0752	0.1336	0.0035	-0.2766	-0.3375	-0.1666	-0.08	-0.1341	0.1038	-0.2166	-0.1818	0.2752	-0.0616	-0.1528	0.1326	-0.2862	-0.2552	-0.2055	-0.3579	-0.3683	-0.2151	-0.0376	0.0838	-0.3007	-0.1681	0.1878	-0.331	0.3547	0.0251	1.0	0.0998	0.0187	0.0438	-0.0681	0.1401	0.0186	-0.1562	0.2671	-0.1186	0.2012	0.0141	-0.1745	0.1701	0.2247	-0.0122	0.293	0.021	0.0766	0.4194	-0.0887	0.0575	0.2459	0.255	0.2895	-0.101	-0.0424	0.2064	-0.1966	-0.171	-0.1226	0.2128	0.2256	0.2349	0.0695	0.3277	0.1085	0.3604	0.4183	0.5385
RH_Limbic_TempPole_1	-0.2548	-0.2313	-0.2891	-0.0527	-0.1637	0.0031	0.0962	-0.2241	-0.1384	0.0739	-0.2641	0.1097	-0.1483	-0.1942	-0.0127	-0.3175	-0.0825	-0.2568	-0.1253	0.0328	0.1041	0.1097	0.0721	0.2025	-0.0126	0.1343	0.3156	-0.0675	0.161	0.438	0.1896	-0.2707	-0.3122	-0.3799	-0.3539	-0.3243	-0.3399	-0.2766	-0.0237	0.0558	-0.3053	-0.0584	-0.3369	-0.3188	-0.2289	-0.1398	-0.078	-0.1029	-0.1501	0.0828	0.2412	0.1825	0.0519	0.0518	0.0531	0.0746	0.3375	0.2073	0.3297	0.217	-0.0698	-0.2031	-0.3496	-0.2677	0.0811	0.0866	0.1155	-0.1741	0.0824	-0.0498	0.0233	0.2156	-0.1862	0.4874	-0.0665	0.3557	0.2518	0.3245	0.2055	-0.0546	0.0276	0.0957	0.3262	0.1291	0.246	0.2953	0.4815	0.2846	0.3635	0.2114	-0.0415	0.1971	0.0913	0.0097	0.0374	0.2065	0.1863	0.0015	0.1236	0.2242	0.1076	-0.0323	-0.3444	-0.2831	-0.2546	-0.0366	0.0023	-0.1918	0.0555	0.0777	-0.2376	-0.1907	0.0863	-0.0955	-0.2272	-0.3128	-0.4534	-0.0325	-0.0357	-0.2889	-0.282	0.0267	0.0639	0.0222	-0.0123	0.1113	0.1924	0.1928	0.1256	0.1161	0.0272	0.2711	0.1369	0.2162	-0.2936	-0.0857	-0.0765	-0.3408	-0.0569	-0.2566	-0.347	-0.435	-0.0681	-0.0436	-0.2472	-0.2265	-0.1667	0.344	-0.2541	-0.2268	-0.0218	0.1307	-0.2468	-0.1986	-0.1123	-0.1041	0.026	0.0289	0.1694	0.0914	0.0998	1.0	0.4766	0.2263	0.067	-0.1353	-0.3604	-0.4525	0.1165	-0.2801	0.0237	-0.2534	-0.0953	0.1508	-0.0586	0.0742	-0.0285	-0.011	-0.1421	0.1504	0.083	-0.1433	0.394	0.0186	0.5113	-0.2871	0.2346	0.1682	0.413	0.1664	0.1384	-0.0097	0.0477	0.3185	0.0844	0.0915	-0.2936	0.1325	0.1807	0.1919
RH_Limbic_TempPole_2	-0.179	-0.3153	-0.1053	-0.259	-0.1542	0.1079	-0.0772	-0.1574	-0.0976	-0.0184	-0.222	0.0521	-0.252	-0.1433	0.2098	-0.1337	0.0077	-0.003	-0.0563	0.0354	-0.0396	0.051	-0.1047	-0.0075	-0.0211	0.0452	0.2891	-0.167	0.0797	0.1108	0.4225	0.0704	-0.0129	-0.1746	-0.1504	-0.0093	-0.1412	-0.0401	-0.0826	0.0857	-0.2826	-0.0848	-0.0896	-0.103	-0.0183	-0.0368	-0.0528	0.055	0.2198	0.2047	0.0566	0.1167	-0.089	-0.0262	0.445	0.2323	0.4014	0.3306	0.3927	0.2666	-0.2003	-0.1546	-0.1343	0.0113	0.2397	0.04	0.075	-0.1408	0.1789	-0.0843	-0.153	0.0557	-0.0775	0.207	-0.0967	0.4151	0.1552	0.2083	0.2434	0.1231	0.1772	0.1386	0.3183	0.1804	0.3957	0.2707	0.5556	0.3543	0.4382	0.2793	0.0728	0.1465	0.0082	0.0943	-0.0458	0.2829	0.1435	-0.1011	0.0986	0.3021	0.4561	0.2173	-0.4378	-0.2918	-0.3765	-0.2953	0.099	-0.3084	-0.1444	0.0222	-0.2941	-0.4219	-0.1641	-0.3107	-0.1349	-0.2234	-0.3185	0.0099	-0.0357	-0.0797	0.2104	-0.011	-0.065	0.0359	-0.0221	0.1126	0.2513	0.2184	0.1421	0.096	0.0299	0.3369	0.0905	0.2156	-0.0646	-0.1637	0.1525	-0.3131	0.0693	-0.3456	-0.1992	-0.2799	-0.0562	0.0182	-0.0517	-0.2427	-0.1193	0.1535	-0.1788	-0.0554	-0.048	0.2006	-0.0386	-0.0372	-0.0293	0.0136	0.0463	0.0055	0.3664	0.3941	0.0187	0.4766	1.0	0.2688	-0.2479	-0.412	-0.3547	-0.2794	0.1176	-0.2444	-0.0765	-0.2262	-0.101	-0.2213	-0.3828	-0.2552	-0.1843	-0.2308	-0.0907	0.0267	-0.0527	-0.0402	0.1124	-0.2357	0.2161	-0.1643	0.0627	-0.138	0.1914	0.176	0.2683	0.0054	0.1501	0.2989	-0.1076	-0.0493	-0.5035	0.2298	0.0607	-0.1205
RH_Limbic_TempPole_3	-0.1273	-0.0479	0.0049	-0.154	0.2584	0.1378	-0.1265	-0.0032	0.0283	-0.1588	0.0403	0.0379	-0.1743	0.1057	0.0816	-0.2538	0.1963	-0.2534	-0.0147	-0.1112	-0.0796	-0.081	0.0857	0.0506	-0.0097	0.0481	-0.1357	0.0203	0.2475	0.2167	0.187	-0.2182	-0.3522	-0.1508	-0.1108	-0.2319	-0.1526	0.0364	-0.0154	0.1671	-0.085	-0.0306	-0.3771	-0.3638	-0.1669	-0.1803	-0.0195	-0.1064	-0.165	0.0148	0.2716	0.1078	0.0302	-0.0737	-0.0035	0.1547	0.3236	0.2026	0.3575	0.4001	-0.3077	-0.4922	-0.3136	-0.3921	0.2595	-0.2414	-0.061	-0.2293	-0.2564	-0.1159	-0.0317	-0.1019	-0.0894	0.4085	-0.0654	0.407	-0.0085	-0.0474	0.0375	0.0604	0.2413	0.0225	0.3332	0.338	-0.0413	0.3286	0.4437	0.4158	0.3934	0.4808	-0.1026	0.0756	-0.0586	0.1849	0.277	0.3217	0.1107	-0.19	-0.103	0.1487	0.1221	0.15	-0.053	-0.2793	0.0308	-0.1694	-0.1209	0.1456	-0.2407	0.1873	0.0192	-0.265	-0.2019	-0.0801	0.0951	-0.225	-0.4338	0.016	-0.0243	-0.157	-0.0471	-0.0517	-0.1427	0.1543	-0.0066	0.335	0.3585	0.4211	0.212	0.3289	0.2116	0.2059	0.1981	0.29	-0.1181	0.0971	0.3107	-0.3136	0.2869	-0.0821	-0.2993	-0.1657	0.1272	0.132	0.1504	0.0801	-0.2636	0.0679	-0.3845	-0.1437	-0.1874	0.0584	-0.3786	-0.1586	-0.1093	-0.1282	0.0334	0.0964	0.1826	0.321	0.0438	0.2263	0.2688	1.0	-0.1348	-0.2911	-0.4495	-0.4668	0.0249	-0.3043	-0.2591	-0.2918	-0.3778	0.2028	-0.2191	-0.1843	0.002	-0.1384	-0.0162	0.0318	0.0253	0.1689	0.3337	-0.0027	0.2961	-0.1185	0.0762	0.1608	0.0743	0.0032	0.4874	0.238	0.2584	0.4823	0.0043	0.2846	-0.2675	0.3459	0.1374	0.0071
RH_Cont_Par_1	-0.1748	0.0707	-0.2598	0.1667	-0.0026	-0.2293	0.1698	0.1887	-0.0026	0.0424	0.0382	-0.1851	0.2408	-0.0291	-0.0707	0.0095	-0.2454	0.178	0.0471	0.1	0.2184	-0.1068	0.0484	-0.0527	-0.0954	-0.1012	-0.0907	0.1053	-0.0595	0.0579	-0.4138	0.0184	-0.2657	-0.033	-0.4151	-0.1164	-0.0893	-0.0495	0.2168	0.1584	0.2398	0.0594	-0.0927	0.0828	0.3176	0.5476	0.4244	0.1492	0.0015	0.3717	0.0876	-0.2326	0.2891	0.0832	-0.1728	0.151	-0.2666	-0.3696	-0.24	0.2472	0.3901	0.1694	0.2962	-0.1525	-0.325	0.0452	-0.0237	-0.1263	-0.1866	-0.3061	0.0209	0.1367	-0.0352	-0.1527	-0.1759	-0.3003	0.0158	-0.0669	0.1456	-0.2101	0.2084	-0.3776	-0.1773	-0.5784	0.108	-0.464	-0.1889	-0.4484	-0.3414	-0.4815	-0.344	-0.2266	-0.1599	-0.4621	-0.1929	-0.5546	-0.4319	-0.3688	-0.2534	-0.4594	-0.1416	-0.3258	0.0088	0.045	-0.015	0.1684	-0.0742	0.1249	0.0974	-0.1329	-0.0009	0.3153	0.1346	0.1392	-0.2496	-0.1671	-0.1493	-0.1173	-0.2041	0.2907	-0.3967	-0.0089	0.1229	-0.1102	0.0432	0.0501	-0.0448	-0.3346	-0.0299	-0.0438	0.1149	-0.2513	-0.3018	-0.2603	-0.2366	0.2103	-0.2754	0.4702	-0.0543	0.3721	-0.0162	0.0135	0.2891	0.1671	-0.118	0.3162	0.5649	0.6652	0.3025	0.4051	0.3822	0.517	0.333	0.2472	0.4107	-0.1285	0.3291	0.1632	-0.0008	-0.0052	-0.0681	0.067	-0.2479	-0.1348	1.0	0.6803	0.2472	0.2346	0.416	0.3451	0.2491	0.5913	0.2989	0.6304	0.4176	0.4975	0.1384	0.3481	-0.0722	-0.1121	0.1859	0.2257	0.1838	0.236	0.2406	0.1954	0.5028	0.3657	0.2871	0.592	-0.2646	-0.1495	-0.2911	-0.1619	0.0123	-0.106	0.3038	-0.575	-0.1788	0.1985
RH_Cont_Par_2	-0.4442	-0.152	-0.3429	-0.0976	-0.1528	-0.3389	-0.0618	0.0313	-0.2655	-0.2684	-0.3326	-0.4577	-0.1908	-0.4217	0.0139	0.2041	-0.1761	0.1629	0.1976	0.244	-0.05	-0.4302	0.3573	0.1633	0.006	0.0356	-0.1718	-0.0972	0.2329	-0.1364	-0.4773	-0.052	-0.0899	0.0652	-0.2599	-0.055	-0.238	-0.3082	0.0111	-0.1363	-0.0768	-0.052	0.2468	0.0179	0.0339	0.1666	0.2283	0.0773	-0.2247	0.0999	-0.1381	-0.5596	-0.1092	-0.3124	-0.0558	0.1484	-0.2701	-0.367	-0.24	0.087	0.7818	0.4495	0.3412	0.1827	-0.2178	0.4342	0.3938	0.2129	0.11	0.18	0.0431	0.0026	-0.0477	-0.0207	0.2754	-0.2385	0.3334	0.1586	-0.1624	-0.1903	-0.0937	-0.0056	-0.3082	-0.3946	0.1182	-0.3175	-0.2891	-0.4386	-0.2973	-0.4526	0.0725	0.0715	0.2329	-0.1905	-0.0814	-0.4625	-0.2068	-0.0406	0.0618	-0.2821	-0.4045	-0.2985	-0.1868	-0.2304	-0.0702	0.0311	-0.084	-0.0854	-0.1992	-0.2623	-0.2867	0.0164	-0.1585	-0.2157	-0.4781	0.0254	0.1046	0.1135	-0.2826	0.0086	-0.4364	-0.0184	-0.2806	-0.1487	-0.2826	-0.2179	-0.0232	-0.5673	-0.3043	-0.3641	-0.3284	-0.2606	-0.0246	-0.1285	-0.252	-0.0874	-0.4085	0.5328	-0.3774	0.1278	-0.1515	-0.2437	-0.0531	-0.2491	-0.2465	0.0674	0.342	0.1836	0.0352	0.0097	0.0433	0.1366	0.25	0.1216	-0.0447	-0.377	-0.0442	-0.2922	0.1187	-0.2087	0.1401	-0.1353	-0.412	-0.2911	0.6803	1.0	0.6264	0.5649	0.3004	0.7491	0.6234	0.6138	0.5402	0.3082	0.6942	0.7372	-0.0816	0.1486	-0.0766	0.0065	0.2972	-0.0828	0.0573	0.614	0.2803	0.62	-0.0258	0.5922	0.1527	0.3472	-0.2707	-0.0713	-0.3549	-0.187	0.255	-0.0809	0.5777	-0.4676	-0.034	0.2657
RH_Cont_Par_3	-0.0998	-0.0318	-0.0936	0.0291	-0.1543	-0.1855	0.0826	-0.1518	-0.13	-0.0827	-0.1582	-0.3033	-0.0447	-0.2788	0.069	0.3167	-0.2534	0.1233	0.1096	-0.0549	-0.2364	-0.4588	0.0147	-0.0894	-0.0922	-0.1961	-0.2403	-0.1641	0.0014	-0.437	-0.1704	0.4041	0.4867	0.1027	-0.0312	0.3577	0.1306	-0.1297	0.0671	-0.1804	0.0338	0.05	0.4892	0.1855	0.0263	0.1918	-0.0346	0.1763	-0.106	-0.0633	-0.3936	-0.4176	-0.1433	-0.3941	-0.0153	0.1151	-0.3946	-0.2004	-0.3293	-0.3257	0.4692	0.6771	0.583	0.5474	-0.1536	0.2851	0.1138	0.2051	0.2562	0.1526	0.2278	0.1384	0.0352	-0.3745	0.2575	-0.4466	0.07	-0.0318	-0.1595	0.0785	-0.2309	-0.0216	-0.4758	-0.3389	-0.05	-0.426	-0.4561	-0.519	-0.472	-0.4417	0.0834	-0.0888	0.0676	-0.1591	-0.2886	-0.3086	-0.2124	0.0517	0.1638	-0.0837	-0.0052	-0.0916	-0.0355	0.027	-0.0384	-0.1479	0.0973	-0.1547	0.0114	-0.1759	-0.2157	0.1348	-0.016	-0.1902	-0.2356	0.092	0.2484	-0.0778	-0.2849	-0.0292	-0.1692	-0.1562	-0.1681	-0.3076	-0.3651	-0.2356	-0.2938	-0.6198	-0.5106	-0.4963	-0.4342	-0.3138	-0.1368	-0.3529	0.0477	-0.1356	-0.5706	0.6847	-0.4244	0.3091	0.2718	0.1213	-0.0058	-0.2837	-0.0526	0.0621	0.3457	0.0234	0.1097	0.0102	0.0768	-0.1803	0.2376	0.1223	-0.1119	-0.1662	-0.0341	-0.4215	0.1003	-0.226	0.0186	-0.3604	-0.3547	-0.4495	0.2472	0.6264	1.0	0.9048	-0.0445	0.6314	0.4087	0.3925	0.6455	-0.1602	0.3069	0.354	0.1	0.2155	0.2015	-0.0374	-0.0858	0.1157	-0.1678	0.3371	-0.2079	0.5863	-0.2449	0.0929	-0.1788	-0.0012	-0.2998	-0.1137	-0.3393	-0.4312	-0.0163	-0.1469	0.508	-0.3328	-0.0249	0.2397
RH_Cont_Temp_1	-0.0998	-0.0009	-0.0369	0.0143	-0.0758	-0.1481	0.0144	-0.0974	-0.0686	-0.0695	-0.1369	-0.2677	-0.0439	-0.2249	0.236	0.3791	-0.1452	0.3601	0.2144	-0.0041	-0.1591	-0.342	-0.0158	-0.1595	-0.0152	-0.2014	-0.1747	-0.1467	-0.1204	-0.4034	-0.1866	0.4841	0.4978	0.0877	-0.0354	0.3969	0.1255	-0.0628	-0.0082	-0.0832	0.0341	-0.0002	0.568	0.3093	0.2287	0.3089	0.1234	0.3265	0.1037	0.0868	-0.4215	-0.321	-0.1375	-0.2614	0.1224	0.0923	-0.3917	-0.2536	-0.3082	-0.2508	0.4014	0.6718	0.659	0.5902	-0.1596	0.2952	0.0664	0.1838	0.2522	0.0445	0.052	0.0829	0.0123	-0.5065	0.1877	-0.4413	0.0272	-0.0558	-0.2031	-0.0408	-0.181	-0.176	-0.5098	-0.4882	0.0432	-0.575	-0.4156	-0.6372	-0.5198	-0.4342	0.0256	-0.1455	-0.045	-0.2959	-0.3012	-0.4388	-0.3808	-0.0777	-0.0222	-0.1913	-0.035	-0.1919	-0.0227	0.0425	-0.0396	-0.1584	0.0249	-0.1176	-0.026	-0.122	-0.1938	0.1028	-0.0374	-0.1389	-0.1891	0.206	0.3243	-0.0069	-0.1826	0.146	-0.0133	-0.0849	-0.0696	-0.3252	-0.279	-0.1849	-0.2618	-0.5986	-0.4796	-0.3952	-0.3685	-0.2904	-0.262	-0.3248	0.182	-0.0764	-0.4586	0.7606	-0.3761	0.2671	0.3543	0.173	-0.0237	-0.1684	0.0354	0.0274	0.5134	-0.0016	0.2459	0.2026	0.1781	-0.0943	0.4229	0.2382	0.1059	-0.0028	0.0291	-0.2916	0.1362	-0.1418	-0.1562	-0.4525	-0.2794	-0.4668	0.2346	0.5649	0.9048	1.0	-0.0422	0.6712	0.3312	0.5406	0.6878	-0.239	0.2154	0.2046	0.0311	0.1687	0.2283	-0.073	-0.082	0.0407	-0.3616	0.1313	-0.3334	0.5883	-0.2093	-0.0292	-0.1713	0.123	-0.3271	-0.1884	-0.3269	-0.5382	-0.1588	-0.344	0.4153	-0.4629	-0.2427	-0.0046
RH_Cont_PFCv_1	-0.3907	-0.0875	-0.2557	-0.0977	-0.1144	-0.3041	0.0239	0.0245	-0.0428	-0.0442	-0.2078	-0.1266	-0.0617	-0.2745	-0.131	0.0639	-0.1975	0.1095	-0.232	0.1514	0.1607	-0.0478	0.0639	-0.0983	-0.0294	-0.0745	-0.0761	-0.1825	-0.1085	0.01	-0.0858	0.0049	-0.0386	0.08	-0.2369	0.0233	-0.3113	-0.0829	-0.0503	-0.1704	-0.1273	-0.1643	0.0567	0.031	0.1928	0.223	0.1969	0.1016	0.1155	0.3093	0.0337	-0.2115	-0.0069	0.0422	0.388	0.2727	0.062	-0.102	-0.0974	0.1522	0.4625	0.2114	0.1752	0.0968	0.0587	0.206	0.3427	0.0443	0.1138	0.047	0.1273	0.1809	-0.0164	0.0912	0.125	0.119	0.3778	0.2451	0.2422	-0.0327	0.2308	0.0937	0.255	0.0136	0.4743	0.0422	0.1938	0.0543	0.0741	-0.1435	0.0798	0.0954	0.1834	-0.0711	-0.1285	-0.1752	0.0835	0.0692	0.1735	-0.0918	-0.1368	-0.2534	-0.3277	-0.1267	-0.2092	-0.1353	-0.1878	-0.1859	-0.0336	-0.1056	-0.2017	-0.0205	-0.0739	-0.2202	-0.3675	-0.2003	-0.1179	-0.1471	-0.1887	0.2803	-0.0976	0.0589	0.0583	-0.088	-0.0353	-0.1798	-0.0195	-0.1565	0.0603	-0.0656	0.0077	-0.2382	-0.2292	-0.241	-0.2882	-0.1465	0.0269	-0.0571	0.0164	-0.0256	-0.2034	-0.3062	-0.0818	-0.0248	-0.3997	-0.1569	0.1613	0.2421	0.2496	0.1413	0.1217	0.3885	0.1462	0.2101	0.1622	-0.357	0.0196	-0.0392	0.3095	0.2869	0.2671	0.1165	0.1176	0.0249	0.416	0.3004	-0.0445	-0.0422	1.0	0.154	0.4561	0.2794	0.0957	0.1955	0.0911	0.3253	0.0782	0.234	0.1065	-0.0102	0.2165	-0.1524	0.1764	0.2039	0.2972	0.1144	0.238	0.3481	0.3275	0.5635	-0.138	0.0748	0.1119	0.0848	0.1369	-0.0405	-0.0945	-0.2308	0.1795	0.2489
RH_Cont_PFCl_1	-0.4945	-0.1785	-0.3047	-0.383	-0.1601	-0.3072	-0.3397	0.1292	-0.2439	-0.5183	-0.3584	-0.5957	-0.3823	-0.4671	0.0436	0.0779	-0.0451	0.0503	0.062	0.2936	-0.2603	-0.5148	0.3714	0.3277	-0.1564	0.2338	-0.1338	-0.3023	0.2515	-0.2959	-0.3339	0.0323	0.0477	-0.0717	-0.2421	-0.035	-0.3461	-0.4142	-0.321	-0.3936	-0.2225	-0.244	0.4161	-0.0875	-0.1412	-0.0587	-0.0604	-0.0857	-0.2962	-0.1429	-0.4904	-0.5326	-0.4912	-0.4723	0.197	0.1422	-0.3171	-0.2508	-0.193	0.1766	0.7031	0.4699	0.3594	0.4668	0.1684	0.6527	0.4548	0.2247	0.4107	0.3492	-0.3158	-0.2331	-0.1536	-0.0348	0.4848	-0.0653	0.4686	0.255	-0.1903	-0.2009	-0.1607	0.1845	-0.0989	-0.3696	0.2138	-0.3234	-0.1809	-0.3597	-0.0867	-0.3925	0.4525	0.3047	0.4552	-0.0003	0.0336	-0.4694	-0.1312	0.0975	0.0082	-0.11	-0.2593	-0.3459	-0.1051	-0.3061	-0.0057	-0.0739	-0.1486	-0.1526	-0.4028	-0.5469	-0.2188	-0.1294	-0.4561	-0.282	-0.3731	-0.053	0.0958	0.2129	-0.246	-0.0209	-0.2059	-0.0018	-0.4637	-0.0891	-0.3505	-0.3142	0.0469	-0.6204	-0.2904	-0.4116	-0.4494	-0.0283	0.1635	-0.0356	-0.0871	-0.122	-0.3423	0.3791	-0.4963	-0.2359	-0.1825	-0.3138	-0.3985	-0.4629	-0.2374	-0.1665	0.2584	0.045	-0.069	-0.1551	-0.0087	0.0374	0.1253	-0.1254	-0.1641	-0.3694	-0.439	-0.4311	0.187	-0.0787	-0.1186	-0.2801	-0.2444	-0.3043	0.3451	0.7491	0.6314	0.6712	0.154	1.0	0.545	0.4145	0.5973	0.0046	0.5441	0.6699	-0.4808	-0.0659	-0.0597	-0.1042	0.4146	-0.258	-0.2168	0.5083	0.1901	0.8268	-0.288	0.4848	0.2208	0.3226	-0.0714	-0.0765	-0.3729	-0.1408	0.4095	-0.1983	0.4922	-0.5363	-0.1699	-0.1288
RH_Cont_PFCl_2	-0.5977	-0.1357	-0.1643	-0.2844	-0.1023	-0.3312	-0.0106	0.1271	-0.1287	-0.326	-0.4915	-0.5127	-0.4566	-0.4433	-0.0819	0.1064	-0.1007	0.0947	0.0617	0.3053	-0.0207	-0.3113	0.2627	0.0474	0.0128	0.0348	-0.0477	-0.1589	0.0899	-0.1605	-0.1037	-0.0794	0.1162	0.1103	-0.1088	0.0275	-0.3717	-0.2356	-0.2846	-0.2593	-0.4089	-0.3029	0.2806	-0.0062	-0.0585	-0.124	0.0102	-0.0946	-0.164	0.0865	-0.3399	-0.3944	-0.3849	-0.2081	0.2518	0.2444	0.1002	-0.0332	-0.0732	0.173	0.7273	0.5719	0.102	0.1903	-0.059	0.6152	0.5948	0.2197	0.3745	0.4427	0.1731	0.2073	-0.1955	0.1259	0.3191	0.1021	0.5784	0.5161	0.0411	-0.1654	-0.1197	0.2993	-0.0292	-0.0352	0.4275	0.0373	-0.0558	-0.1648	-0.0296	-0.3324	0.2972	0.2986	0.4728	-0.079	-0.1319	-0.1838	0.1961	0.1987	0.4154	-0.0505	-0.2256	-0.2454	-0.438	-0.3618	-0.0782	-0.2107	-0.0903	-0.2031	-0.2627	-0.2749	-0.3817	-0.2696	-0.3554	-0.4856	-0.4095	-0.1184	-0.0087	0.0596	-0.3236	-0.1364	-0.1424	-0.0698	-0.3727	-0.0717	-0.2508	-0.3577	-0.086	-0.2666	-0.1908	-0.4244	-0.3653	-0.2356	-0.0149	-0.0418	-0.1054	-0.1675	-0.1483	0.1303	-0.2472	-0.1356	-0.0997	-0.4042	-0.3908	-0.3436	-0.2657	-0.3958	0.1312	0.0901	0.0364	-0.1828	0.0312	0.0812	0.0612	0.0116	-0.3153	-0.4588	-0.2794	-0.3545	0.3038	-0.0067	0.2012	0.0237	-0.0765	-0.2591	0.2491	0.6234	0.4087	0.3312	0.4561	0.545	1.0	0.335	0.5518	-0.0751	0.3466	0.6883	-0.0464	0.2001	-0.1746	-0.0694	0.2119	-0.4038	0.0825	0.5549	0.2403	0.4251	-0.1258	0.5134	0.2777	0.2876	-0.1871	0.0469	-0.2454	0.0056	0.3138	-0.1736	0.0321	-0.166	0.2833	0.3072
RH_Cont_PFCl_3	-0.1607	-0.1141	-0.0979	0.2391	-0.1193	-0.153	0.1703	0.1577	-0.1546	0.1389	-0.1943	-0.0818	0.0555	-0.1839	0.3347	0.5273	0.1454	0.6839	0.4236	0.1743	0.288	-0.1304	0.1094	-0.1263	0.2193	-0.2274	0.1326	0.158	-0.1127	-0.0571	-0.2205	0.3666	0.2013	0.293	-0.1094	0.2432	0.1558	0.0861	0.262	0.326	0.3158	0.2346	0.4038	0.4978	0.5869	0.6175	0.6204	0.5804	0.4186	0.528	-0.1003	-0.0823	0.2797	0.0353	0.0709	0.1708	-0.1996	-0.407	-0.2123	-0.0176	0.357	0.4542	0.579	0.1093	-0.4003	0.1053	0.0684	0.293	0.013	-0.2097	0.0983	0.1608	0.2125	-0.5395	-0.2308	-0.5203	-0.2275	-0.1839	-0.1367	-0.1216	-0.1549	-0.5154	-0.4919	-0.5471	0.0342	-0.568	-0.4429	-0.7122	-0.6839	-0.4971	-0.3751	-0.3111	-0.3435	-0.5717	-0.417	-0.5013	-0.598	-0.3203	-0.2267	-0.2952	-0.1259	-0.2014	-0.1851	0.1282	-0.1927	0.074	0.1741	-0.0485	0.0495	0.1696	-0.3089	0.0327	0.0842	-0.082	-0.3223	0.2444	0.227	0.1465	-0.1302	0.3056	-0.0174	0.0724	0.1773	-0.0833	0.0961	0.1019	-0.1121	-0.3109	-0.2339	-0.0872	-0.0729	-0.1119	-0.4106	-0.2299	0.0868	0.2421	-0.1532	0.723	-0.0784	0.3746	0.2029	0.1069	0.2854	0.2231	0.1569	0.2534	0.7278	0.232	0.505	0.5656	0.3252	0.2171	0.7056	0.6803	0.4912	0.0715	0.4978	0.011	0.1591	0.0611	0.0141	-0.2534	-0.2262	-0.2918	0.5913	0.6138	0.3925	0.5406	0.2794	0.4145	0.335	1.0	0.5205	0.1939	0.2831	0.1857	0.2216	0.2448	0.0801	0.1037	-0.0855	0.084	-0.2298	-0.0489	-0.2383	0.1559	0.1183	-0.0744	-0.2305	0.3748	-0.4146	-0.1332	-0.0695	-0.5095	-0.3644	-0.2871	0.2862	-0.499	-0.3526	0.0234
RH_Cont_PFCl_4	-0.1464	-0.0384	0.0475	-0.1331	-0.1	-0.1504	0.1142	-0.0195	0.0105	-0.0185	-0.1689	-0.1928	-0.1132	-0.1718	0.0988	0.1086	-0.1779	0.3291	0.2041	0.1934	0.0975	-0.146	0.0426	0.0292	-0.0491	-0.128	-0.1563	-0.2182	-0.0839	-0.1551	0.0224	0.3378	0.3886	0.1007	-0.1151	0.284	-0.0663	-0.0005	-0.1972	-0.1293	-0.1633	-0.1934	0.5615	0.2034	0.2468	0.2428	0.1441	0.2646	0.136	0.2636	-0.4839	-0.0812	-0.0766	-0.1518	0.2404	0.1194	-0.1364	-0.2854	-0.1822	0.0187	0.3849	0.6322	0.4522	0.2794	-0.1554	0.4854	0.1716	0.1125	0.5216	0.18	-0.0999	0.057	-0.1369	-0.3389	-0.02	-0.2152	0.1712	0.1433	-0.1203	-0.2409	-0.2608	-0.2425	-0.2586	-0.4922	0.426	-0.5437	-0.1586	-0.6025	-0.3874	-0.4244	-0.0347	0.073	0.0192	-0.5022	-0.4542	-0.4579	-0.3811	-0.1777	-0.0618	-0.1516	0.0698	-0.2803	-0.0891	0.0526	0.0414	-0.1211	0.0406	-0.1588	0.1041	-0.0208	-0.1586	0.0661	-0.0358	-0.1101	-0.1385	-0.0497	0.0361	-0.1707	-0.4464	-0.0607	-0.2124	-0.1068	-0.0073	-0.338	-0.126	-0.3138	-0.2293	-0.4678	-0.4656	-0.4089	-0.4421	-0.0568	-0.2772	-0.2296	0.3217	0.0577	-0.2671	0.5342	-0.2686	0.0937	0.3797	0.0475	-0.1927	-0.2401	0.0305	-0.2713	0.6405	0.2257	0.178	0.1314	0.4671	0.0208	0.3355	0.2089	0.1585	-0.2806	-0.0416	-0.2625	0.1085	0.1263	-0.1745	-0.0953	-0.101	-0.3778	0.2989	0.5402	0.6455	0.6878	0.0957	0.5973	0.5518	0.5205	1.0	-0.2459	0.1259	0.438	-0.0198	0.1619	0.1675	-0.1446	0.0314	-0.2481	-0.3618	0.0536	-0.1151	0.3563	-0.1148	0.0894	0.1459	0.4372	-0.2785	-0.1075	-0.2599	-0.3696	-0.0693	-0.5124	0.0732	-0.5106	-0.204	-0.0479
RH_Cont_PFCl_5	-0.1037	0.0222	-0.2696	0.1977	-0.0286	-0.0939	0.1144	0.1743	-0.1672	0.0765	0.1121	-0.0073	0.2465	0.0361	-0.2757	-0.2197	-0.0024	-0.1403	0.0181	0.0947	0.2277	-0.0253	0.1427	0.0342	0.0002	0.0343	-0.0137	0.3662	0.1736	0.2874	-0.3702	-0.3001	-0.5999	0.0246	-0.1994	-0.3069	-0.0835	-0.0786	0.2632	0.2432	0.3217	0.1992	-0.4309	-0.1215	-0.0089	0.1518	0.1141	-0.0784	-0.2355	0.0941	0.5174	-0.0969	0.3321	0.2128	-0.519	-0.0537	-0.0646	-0.3147	-0.0576	0.1605	-0.0038	-0.383	-0.1898	-0.5328	-0.2862	-0.3131	-0.2034	-0.0825	-0.5567	-0.2749	-0.0556	-0.055	-0.0139	0.2505	-0.2909	-0.2443	-0.149	-0.2566	-0.0181	-0.2745	0.218	-0.3133	0.0541	-0.2749	-0.2115	-0.094	-0.0133	-0.0708	-0.0714	0.0174	-0.3582	-0.1216	-0.2165	-0.1562	0.3159	-0.2781	-0.2591	-0.367	-0.3611	-0.3358	-0.2223	-0.1142	0.161	0.0737	0.0063	0.44	-0.1245	0.1752	0.1222	-0.0627	0.0914	0.1707	0.0955	0.2369	-0.0854	-0.0642	-0.1525	0.0035	0.079	-0.0139	-0.3227	0.2137	0.1083	0.178	0.2228	0.3265	0.1435	0.0588	0.3436	0.1081	0.3997	-0.0868	0.0617	0.0808	-0.3159	0.2829	0.0293	0.0572	0.1222	0.2647	-0.2165	0.0502	0.3782	0.2331	-0.0232	0.5476	0.1009	0.4645	0.0829	0.1273	0.1987	0.33	-0.1394	0.1252	0.121	0.0171	0.2513	0.402	-0.1045	-0.0697	0.1701	0.1508	-0.2213	0.2028	0.6304	0.3082	-0.1602	-0.239	0.1955	0.0046	-0.0751	0.1939	-0.2459	1.0	0.562	0.2849	0.0859	0.041	-0.2659	0.1575	0.4222	0.3293	0.4194	0.2246	0.35	-0.0609	0.5163	0.4041	0.292	0.2909	-0.1661	-0.0647	-0.1068	0.1556	0.2313	0.3917	0.3978	-0.2289	-0.1778	0.1532
RH_Cont_PFCl_6	-0.4515	-0.2143	-0.412	-0.1687	-0.2102	-0.281	-0.1518	0.0591	-0.436	-0.2564	-0.3201	-0.2895	-0.1919	-0.4235	-0.0675	0.0388	0.0112	-0.0723	0.1809	0.4134	0.0521	-0.2743	0.493	0.3493	-0.0543	0.2763	-0.0498	0.1286	0.3944	0.091	-0.5295	-0.2907	-0.3532	0.0432	-0.0667	-0.244	-0.2006	-0.4233	-0.0486	-0.1877	0.0295	0.0963	0.0265	-0.0653	-0.2983	-0.1448	-0.0592	-0.1533	-0.4735	-0.16	0.0782	-0.4333	-0.1788	-0.1354	-0.2632	-0.0964	-0.1719	-0.3681	-0.0461	-0.0328	0.5308	0.0771	-0.0138	-0.0285	-0.2044	0.2978	0.2854	0.2986	-0.0919	0.3021	-0.1438	-0.2125	-0.0636	0.2593	0.2546	-0.2768	0.2386	0.0728	-0.2625	-0.2956	-0.0935	0.0699	-0.1356	-0.3389	-0.1676	-0.1902	-0.2513	-0.2696	-0.16	-0.114	0.1207	0.2346	0.292	0.037	0.402	-0.407	-0.1511	-0.0652	-0.0712	-0.2369	-0.5522	-0.2314	-0.0728	-0.243	-0.1402	0.2732	-0.1897	-0.1	-0.1724	-0.3435	-0.2205	-0.102	-0.2118	-0.0383	-0.3733	0.1796	0.2788	0.3118	0.1387	-0.2077	-0.2775	0.3822	-0.263	0.2862	-0.0118	0.017	0.2171	-0.2729	0.1366	-0.2324	0.0083	-0.1374	0.3343	0.1324	-0.3808	0.0114	-0.1713	0.2279	-0.2766	-0.0407	-0.3183	-0.2351	-0.0609	-0.2862	-0.1519	0.2871	-0.0047	0.0181	0.0095	-0.1702	-0.0422	-0.0014	-0.0896	0.0263	-0.2463	-0.1267	-0.1877	0.0062	-0.1098	-0.4586	0.2247	-0.0586	-0.3828	-0.2191	0.4176	0.6942	0.3069	0.2154	0.0911	0.5441	0.3466	0.2831	0.1259	0.562	1.0	0.6119	-0.284	-0.1172	-0.2392	0.1329	0.5587	-0.0252	0.173	0.5768	0.2766	0.3651	-0.1015	0.5608	0.1932	0.0937	-0.325	-0.2351	-0.3846	-0.1119	0.456	0.2698	0.6642	-0.3366	-0.2413	0.1008
RH_Cont_PFCl_7	-0.5013	-0.0921	-0.3056	-0.2854	-0.0768	-0.2024	-0.1238	0.1037	-0.1366	-0.3536	-0.2671	-0.5109	-0.2952	-0.3194	-0.3404	-0.218	-0.2114	-0.2136	-0.1681	0.2595	-0.1015	-0.3492	0.3153	0.2815	-0.2481	0.2137	-0.2673	-0.2056	0.276	-0.0427	-0.3176	-0.388	-0.3124	-0.1601	-0.3136	-0.367	-0.5117	-0.3717	-0.336	-0.4283	-0.3295	-0.3326	-0.0109	-0.3018	-0.3109	-0.2414	-0.0929	-0.3755	-0.4201	-0.1652	-0.279	-0.5241	-0.3493	-0.2267	-0.0116	0.053	-0.0922	-0.0972	-0.1519	0.1757	0.6844	0.2098	-0.088	0.0172	0.0484	0.582	0.4498	-0.009	0.2734	0.3919	-0.1993	-0.1605	-0.2851	0.3551	0.4102	0.0954	0.598	0.3683	-0.0107	-0.2666	-0.0714	0.314	0.1465	-0.1959	0.3347	-0.029	0.0221	-0.0961	0.0805	-0.2647	0.3451	0.3886	0.569	0.0576	0.1136	-0.3056	0.1243	0.1709	0.1203	-0.1109	-0.2304	-0.2729	-0.1411	-0.3515	0.089	0.016	-0.0984	-0.0438	-0.2116	-0.4811	-0.0851	-0.0646	-0.314	-0.1886	-0.2768	-0.2947	-0.1833	0.0386	-0.3397	-0.1923	-0.493	-0.0927	-0.3936	-0.0741	-0.2568	-0.3575	-0.0074	-0.4613	-0.0779	-0.3845	-0.3018	-0.1832	0.2141	-0.003	-0.3062	-0.1483	-0.2797	0.0357	-0.3151	-0.239	-0.286	-0.402	-0.4368	-0.4968	-0.3894	-0.225	0.0544	0.2454	-0.1675	-0.3086	0.0885	0.1265	-0.1611	-0.247	-0.2925	-0.5782	-0.4552	-0.2256	-0.0053	-0.1651	-0.0122	0.0742	-0.2552	-0.1843	0.4975	0.7372	0.354	0.2046	0.3253	0.6699	0.6883	0.1857	0.438	0.2849	0.6119	1.0	-0.3531	-0.0269	-0.2236	-0.1541	0.5301	-0.2824	0.2511	0.7533	0.4956	0.5656	-0.0086	0.7306	0.4707	0.423	-0.0128	0.0306	-0.4307	0.1352	0.6157	0.0686	0.3355	-0.2941	0.1619	0.2166
RH_Cont_pCun_1	0.3913	0.2895	0.2962	0.5183	0.1829	-0.0207	0.5863	0.0834	0.2178	0.5474	0.3102	0.3107	0.5	0.338	0.0767	0.321	-0.0915	0.2439	0.0076	-0.2978	0.227	0.0576	-0.424	-0.5174	0.2403	-0.5797	-0.1147	0.2139	-0.4422	-0.0592	0.0257	0.2815	0.3468	0.3643	0.1457	0.402	0.4393	0.4874	0.4863	0.4329	0.3241	0.2591	-0.0801	0.4613	0.4186	0.4126	0.2568	0.3927	0.3643	0.2723	0.2492	0.1564	0.6316	0.1646	-0.2219	0.0349	-0.089	-0.1237	-0.1054	-0.3069	-0.2696	0.1803	0.1241	-0.2785	-0.5266	-0.5035	-0.383	-0.0854	-0.3315	-0.3496	0.8079	0.5852	0.241	-0.3627	-0.4998	-0.3457	-0.5005	-0.2983	0.2188	0.2239	0.1735	-0.4073	-0.2506	0.0028	-0.1699	-0.1379	-0.2355	-0.1864	-0.445	-0.1946	-0.6745	-0.5982	-0.6025	-0.426	-0.4884	0.13	-0.171	-0.1945	0.1848	-0.1444	0.087	0.1202	0.1227	0.426	0.1322	0.0552	0.1503	0.2388	0.4393	0.5174	0.0711	0.3738	0.5323	0.132	0.1503	0.0829	0.0587	-0.3474	-0.0895	0.1034	-0.012	-0.2038	0.5567	-0.2039	0.1756	0.1238	-0.5025	0.0989	-0.2564	-0.069	0.0561	-0.35	-0.5897	-0.4478	0.1933	0.2178	-0.0188	0.3109	0.2634	0.8385	0.5347	0.5065	0.6328	0.4808	0.2197	0.2571	0.2614	0.182	0.4203	0.4001	0.2178	-0.037	0.2766	0.5183	0.31	0.1754	0.6832	0.0969	0.0464	0.1161	0.293	-0.0285	-0.1843	0.002	0.1384	-0.0816	0.1	0.0311	0.0782	-0.4808	-0.0464	0.2216	-0.0198	0.0859	-0.284	-0.3531	1.0	0.6302	0.2107	0.058	-0.5744	0.3622	0.1127	-0.2821	-0.2865	-0.3825	0.3616	-0.2918	-0.3452	-0.1122	-0.1969	0.1022	0.0792	-0.1959	-0.5633	-0.0611	-0.2159	0.1025	0.2039	0.5241
RH_Cont_Cing_1	0.065	0.3564	0.2366	0.3511	0.2046	-0.2424	0.4668	0.3371	0.2736	0.3142	0.2515	0.0316	0.3995	0.2199	0.0595	0.1054	-0.2172	0.0229	-0.2345	-0.1818	0.0734	-0.0091	-0.4311	-0.3636	-0.0747	-0.4488	-0.1099	0.0934	-0.561	-0.1391	-0.1121	0.2646	0.3354	0.0658	-0.1235	0.3159	0.0638	0.1974	0.0791	0.1684	0.0755	-0.1119	0.0216	0.297	0.2641	0.3023	0.039	0.1427	0.1677	0.0902	-0.0881	0.0429	0.2472	0.1206	0.0276	0.1693	-0.2772	-0.0831	-0.2788	-0.0495	0.1172	0.4441	0.2225	0.0021	-0.328	-0.0439	-0.1656	-0.0756	-0.0623	-0.1857	0.6012	0.7155	-0.0848	-0.2922	-0.1687	-0.2265	-0.084	0.1067	0.1369	-0.1129	0.1325	-0.1891	-0.1126	-0.2302	-0.0126	-0.2443	-0.259	-0.3401	-0.3304	-0.3828	-0.2582	-0.3765	-0.1728	-0.4785	-0.3366	-0.2821	-0.1149	-0.0718	0.1735	-0.3375	-0.0388	-0.419	0.1455	0.3524	0.2241	0.1597	-0.1123	0.2603	0.3253	0.0523	0.1422	0.4676	0.3771	0.1723	0.0511	-0.0803	-0.0404	-0.2985	0.0004	0.19	0.011	-0.1199	0.3876	-0.1215	0.088	-0.0298	-0.4189	-0.0535	-0.2062	-0.0357	0.0422	-0.4833	-0.6351	-0.4833	0.1084	0.3185	-0.1403	0.2683	0.0348	0.5205	0.4022	0.288	0.1546	0.2931	0.0007	-0.0663	0.314	0.3397	0.4233	0.3277	0.2736	0.128	0.2107	0.2701	0.2812	0.1117	0.3118	0.0319	0.0209	0.0185	0.021	-0.011	-0.2308	-0.1384	0.3481	0.1486	0.2155	0.1687	0.234	-0.0659	0.2001	0.2448	0.1619	0.041	-0.1172	-0.0269	0.6302	1.0	0.0359	-0.1524	-0.3384	-0.0843	-0.1144	-0.1167	-0.151	-0.0658	0.1187	-0.0202	0.0084	0.0631	-0.1575	-0.0279	-0.2091	-0.2236	-0.2286	-0.4289	-0.2203	-0.3511	0.1429	0.233
RH_Cont_Cing_2	0.1022	-0.2136	-0.2144	0.1449	-0.2404	-0.0139	0.0021	-0.4075	0.0196	0.2513	-0.0413	0.2115	0.1247	-0.1312	0.0845	0.1186	-0.1354	0.1562	-0.0581	-0.2851	-0.085	-0.026	-0.1803	-0.0839	0.0051	-0.1687	-0.1815	-0.3122	-0.105	-0.203	-0.0304	0.2763	0.3295	-0.0477	-0.1045	0.3013	0.1661	-0.0751	0.2279	-0.0664	0.2006	0.2267	0.2801	0.0675	0.157	0.2627	0.1586	0.4233	0.1704	0.111	-0.0049	0.0478	0.1445	-0.1675	0.2713	-0.1412	-0.1072	-0.1069	-0.0226	-0.3243	-0.0032	0.2134	0.3938	0.3091	0.1205	-0.0465	0.0568	0.1371	0.215	0.0734	0.2299	0.227	0.1184	-0.2147	0.0594	-0.1294	-0.1437	-0.0294	0.2895	0.4544	0.1102	-0.0528	-0.1613	0.0077	-0.0	-0.1829	-0.0359	-0.0431	-0.2154	-0.0003	-0.1261	-0.1047	-0.0963	0.0356	-0.3306	0.1933	-0.0564	0.1433	0.2191	0.1349	-0.0054	0.1121	-0.1136	0.0536	-0.2575	-0.2224	0.1788	-0.3065	0.2554	0.2529	-0.1764	0.0768	0.3003	-0.0334	-0.1896	0.1018	0.0727	-0.2235	-0.1913	0.0933	-0.0748	-0.1622	0.3212	-0.2831	-0.1729	-0.2076	-0.2895	-0.2237	-0.3468	-0.1346	-0.227	-0.0904	-0.2198	-0.2724	-0.0919	-0.2732	-0.2522	0.0998	-0.1157	0.1352	0.0855	0.0305	0.2101	-0.113	-0.0593	-0.0472	0.1477	0.0036	0.1179	0.0967	-0.0805	-0.1576	0.1955	0.1549	0.2342	-0.1307	0.2013	-0.2481	-0.0945	-0.025	0.0766	-0.1421	-0.0907	-0.0162	-0.0722	-0.0766	0.2015	0.2283	0.1065	-0.0597	-0.1746	0.0801	0.1675	-0.2659	-0.2392	-0.2236	0.2107	0.0359	1.0	0.0587	-0.4038	0.1624	-0.0229	-0.194	-0.127	-0.0936	0.0202	-0.3321	-0.2481	-0.0666	0.0123	0.0198	0.0806	-0.3159	-0.3901	0.0578	-0.0524	0.0753	-0.0311	0.2352
RH_Cont_PFCmp_1	-0.1546	-0.1917	-0.223	0.102	-0.2112	0.1488	0.1045	-0.2541	-0.0767	0.125	-0.3438	0.3369	-0.1891	-0.2598	0.1586	0.2029	0.2097	-0.0546	0.0515	0.1192	0.1898	-0.0532	0.2961	0.1017	0.1949	0.088	0.2505	-0.0692	0.3613	0.1767	-0.1119	-0.1678	-0.1783	0.0137	0.1115	-0.0894	-0.0876	-0.2261	0.188	-0.0502	-0.0564	0.1836	-0.0559	-0.0115	-0.1736	-0.1409	-0.0415	0.2156	0.0019	-0.0224	0.2684	-0.0176	0.0408	-0.1602	-0.039	-0.1234	0.1469	-0.014	0.096	-0.2534	-0.1443	-0.2308	-0.1305	-0.1358	0.0495	-0.238	-0.0195	0.2133	-0.2515	-0.0332	0.1015	-0.0441	0.0862	0.0446	-0.1437	-0.0759	-0.1612	-0.1363	-0.1229	0.0496	-0.2942	-0.0007	0.0294	0.2564	-0.2182	0.3179	-0.0205	0.1637	0.0414	0.3736	-0.0648	-0.1022	-0.0989	0.1582	0.0636	0.2704	0.0774	0.0531	0.1196	0.2983	-0.2326	0.3438	-0.2661	-0.0361	-0.3291	-0.0884	0.2487	-0.244	0.0212	0.243	-0.333	-0.2355	0.1076	-0.2038	-0.2348	0.1597	0.178	-0.1006	-0.0772	-0.2779	-0.0879	0.1197	-0.0183	0.0666	-0.0571	0.0894	0.1342	0.0531	0.0045	-0.1602	-0.1585	0.3435	0.2349	0.2086	-0.1682	-0.1537	-0.0491	0.0242	-0.0711	-0.0813	-0.1865	-0.1429	0.1345	-0.2034	-0.0515	0.0134	-0.0383	-0.1136	-0.1412	-0.1848	-0.276	-0.3531	-0.0067	0.1854	-0.1804	0.1098	0.1511	-0.1783	0.1158	-0.0443	0.4194	0.1504	0.0267	0.0318	-0.1121	0.0065	-0.0374	-0.073	-0.0102	-0.1042	-0.0694	0.1037	-0.1446	0.1575	0.1329	-0.1541	0.058	-0.1524	0.0587	1.0	-0.05	0.0142	0.2383	0.0068	0.1375	-0.1368	0.0815	-0.0334	-0.2419	-0.1907	0.0342	0.2855	0.2257	0.146	-0.0246	0.3664	0.2134	0.2481	0.0955	0.2015
RH_Cont_PFCmp_2	-0.3384	-0.0244	-0.2983	-0.3397	-0.0194	-0.1473	-0.2268	0.1169	-0.1652	-0.3452	-0.1641	-0.2831	-0.2171	-0.2263	-0.4024	-0.3817	-0.0185	-0.2288	-0.036	0.424	0.0179	0.0623	0.3641	0.3104	-0.3351	0.448	-0.1574	-0.0384	0.3689	0.1641	-0.2218	-0.4146	-0.4927	-0.1793	-0.1822	-0.4215	-0.5181	-0.3738	-0.426	-0.3757	-0.2913	-0.3479	-0.0729	-0.3635	-0.3354	-0.3529	-0.1762	-0.3459	-0.3456	-0.1015	0.0121	-0.182	-0.413	0.1091	0.0106	-0.0535	0.0397	-0.0559	-0.0077	0.2026	0.3038	-0.2015	-0.2536	-0.0656	0.1896	0.3417	0.2599	0.0899	0.0602	0.3315	-0.5508	-0.4268	-0.2339	0.4509	0.2785	0.1141	0.4138	0.0998	-0.3351	-0.462	-0.0034	0.1901	0.2435	-0.1547	0.2054	0.0522	0.3053	0.0653	0.328	0.133	0.4342	0.5416	0.4258	0.1799	0.6466	-0.3774	0.0323	-0.0465	-0.2716	-0.2201	-0.277	-0.2831	0.0151	-0.207	0.0457	0.1287	-0.5033	-0.0116	-0.1681	-0.4102	0.0338	-0.1313	-0.38	0.0133	-0.1299	-0.1677	0.0228	0.1511	0.0915	-0.1228	-0.1928	0.3472	-0.3302	0.2668	0.1179	-0.0012	0.3149	-0.111	0.4247	-0.0491	0.1666	0.0041	0.4558	0.3111	-0.262	-0.0943	0.1465	-0.235	-0.1762	-0.4124	-0.3919	-0.3192	-0.4552	-0.3128	-0.3414	-0.0611	-0.1516	0.0149	-0.2095	-0.2664	0.1126	0.1621	-0.3991	-0.2801	-0.2346	-0.2045	-0.5629	0.2124	-0.0143	-0.0916	-0.0887	0.083	-0.0527	0.0253	0.1859	0.2972	-0.0858	-0.082	0.2165	0.4146	0.2119	-0.0855	0.0314	0.4222	0.5587	0.5301	-0.5744	-0.3384	-0.4038	-0.05	1.0	-0.3234	0.074	0.3991	0.3328	0.3477	-0.0618	0.6054	0.6194	0.4388	-0.0858	-0.1178	-0.1937	0.2759	0.75	0.1343	0.3941	-0.2688	-0.2293	-0.2508
RH_Default_Par_1	0.3805	-0.033	-0.069	0.2049	-0.0742	0.1665	0.0489	-0.0972	-0.1014	0.098	0.2201	0.0865	0.2696	0.1886	0.0745	0.1933	0.0209	0.13	0.2077	-0.2641	0.056	-0.1891	-0.0787	-0.2538	0.1908	-0.1519	-0.0768	0.2846	0.0418	-0.076	0.0014	0.2707	-0.0048	0.2296	0.0761	0.1503	0.5993	0.2768	0.657	0.437	0.6446	0.6297	-0.1599	0.1773	0.214	0.4848	0.2256	0.2479	0.0495	0.1843	0.2603	0.0041	0.464	-0.0709	-0.3694	0.0065	-0.0448	-0.1727	0.1078	-0.1589	-0.3364	-0.1918	0.2218	-0.1152	-0.2118	-0.5948	-0.344	-0.12	-0.4268	-0.4437	0.2154	-0.0727	0.4867	-0.2916	-0.314	-0.3319	-0.5444	-0.5569	0.3084	0.5139	0.2727	-0.3517	-0.312	-0.0604	-0.464	-0.222	-0.2734	-0.0674	-0.33	-0.1421	-0.5328	-0.4172	-0.5048	-0.0136	-0.2207	0.187	-0.3185	-0.3449	-0.1464	0.087	0.3038	0.4884	0.1473	0.099	-0.1588	-0.0885	0.342	-0.0249	0.0004	0.1508	-0.0097	0.0943	0.104	0.0563	0.0651	0.0374	0.0619	-0.0753	-0.0679	0.1504	0.0393	-0.0995	0.1146	-0.0077	0.048	0.3405	-0.0745	0.0765	-0.0152	0.0918	0.2833	0.0492	-0.0172	-0.1657	-0.0343	0.1418	-0.0478	0.3598	0.3197	0.5999	0.1504	0.3908	0.7906	0.3855	0.4262	0.7866	0.1481	0.2534	0.1443	0.3334	0.0116	0.0459	0.1375	0.2433	0.2293	0.1469	0.5532	0.1412	-0.0052	0.0638	0.0575	-0.1433	-0.0402	0.1689	0.2257	-0.0828	0.1157	0.0407	-0.1524	-0.258	-0.4038	0.084	-0.2481	0.3293	-0.0252	-0.2824	0.3622	-0.0843	0.1624	0.0142	-0.3234	1.0	0.3302	-0.1354	-0.1705	-0.1716	0.4225	-0.3077	-0.3799	-0.1689	-0.0488	-0.0766	0.0743	-0.1286	-0.437	0.4421	0.2124	0.1863	-0.1472	0.2748
RH_Default_Par_2	-0.3007	-0.2273	-0.411	-0.0947	-0.0502	0.0236	0.0176	-0.187	-0.0526	-0.1126	-0.2396	-0.0333	-0.2252	-0.144	-0.146	-0.2826	-0.0399	-0.2683	-0.1918	-0.0146	-0.0485	-0.159	0.0678	-0.1084	-0.0748	0.0375	-0.0485	-0.0932	0.3113	0.1473	-0.1918	-0.4915	-0.5693	-0.1873	-0.274	-0.4422	-0.2559	-0.2684	0.1437	-0.0692	-0.1162	0.0128	-0.5732	-0.3938	-0.286	-0.1884	-0.0356	-0.2571	-0.2815	0.0215	0.2647	-0.3061	-0.0447	-0.0876	-0.1945	-0.1408	0.0905	0.2244	0.3857	-0.0672	-0.0168	-0.4003	-0.4124	-0.4071	0.0322	-0.2376	0.0575	-0.2846	-0.4126	-0.072	0.237	0.0818	-0.0455	0.5072	-0.016	0.2938	0.0939	0.0163	0.4142	0.2973	0.3269	0.3328	0.182	0.2871	-0.1	0.4758	0.3144	0.4684	0.3579	0.2286	-0.1056	-0.0781	0.1476	0.3622	0.2336	0.4427	0.3845	0.0149	0.312	0.1319	-0.059	0.3647	-0.3144	-0.4001	-0.2113	-0.2071	0.0971	-0.1077	-0.193	-0.0436	-0.2165	-0.3068	-0.1174	-0.2927	-0.1777	-0.2562	-0.2294	-0.0908	-0.1606	-0.1519	-0.2927	-0.0928	-0.2043	0.0839	-0.1769	0.0389	0.0387	0.1331	0.1739	-0.0494	0.0633	-0.0335	0.2527	0.2459	-0.5248	-0.2559	0.0309	-0.2324	0.2143	-0.0003	-0.4158	-0.3093	0.139	-0.1201	-0.1304	0.0764	-0.2916	0.2686	-0.3158	-0.1939	-0.244	-0.0616	-0.3116	-0.1825	-0.2508	-0.2116	0.0198	0.0091	-0.0086	-0.1107	0.2459	0.394	0.1124	0.3337	0.1838	0.0573	-0.1678	-0.3616	0.1764	-0.2168	0.0825	-0.2298	-0.3618	0.4194	0.173	0.2511	0.1127	-0.1144	-0.0229	0.2383	0.074	0.3302	1.0	0.5248	0.5448	-0.0102	0.4117	0.3517	0.1513	0.0131	0.4067	0.3978	-0.1006	0.5048	0.2252	0.6729	0.0634	0.4486	0.439	0.644
RH_Default_Par_3	-0.5589	-0.2134	-0.4705	-0.3004	-0.0353	-0.2497	-0.1576	-0.0678	-0.2045	-0.4686	-0.4189	-0.5106	-0.446	-0.4425	-0.1716	-0.1432	-0.0628	-0.2844	-0.1422	0.2505	-0.3273	-0.4568	0.389	0.2287	-0.1887	0.2151	-0.1836	-0.2538	0.4533	-0.1227	-0.4637	-0.5033	-0.3983	-0.1304	-0.2322	-0.4244	-0.493	-0.5139	-0.1751	-0.4735	-0.3979	-0.2586	-0.2161	-0.4272	-0.4861	-0.4092	-0.2168	-0.5146	-0.5693	-0.3341	-0.1434	-0.6481	-0.4569	-0.417	-0.1139	-0.0304	-0.1203	0.1331	0.0587	0.0111	0.6275	0.015	-0.1986	0.0594	0.1046	0.3203	0.4558	-0.0407	-0.0276	0.3029	0.0455	-0.0969	-0.2634	0.5292	0.5326	0.2444	0.5287	0.2671	0.0129	0.0473	0.085	0.6372	0.0932	0.1916	0.0071	0.3524	0.0109	0.2605	0.3199	-0.0949	0.4521	0.2294	0.6198	0.4581	0.297	0.0744	0.5106	0.3861	0.4065	-0.0078	-0.3679	-0.0008	-0.2815	-0.5022	-0.0639	-0.0992	-0.0986	-0.0515	-0.4028	-0.4348	-0.2354	-0.2412	-0.365	-0.3816	-0.3809	-0.1467	-0.0258	0.2123	-0.2391	-0.2123	-0.3419	-0.072	-0.5926	0.0435	-0.4507	-0.3076	0.0641	-0.3013	-0.0795	-0.2895	-0.3363	-0.1674	0.4136	0.1181	-0.5615	-0.4317	-0.2797	-0.0938	-0.2904	-0.2664	-0.5212	-0.5248	-0.3515	-0.5015	-0.4575	-0.1302	-0.3426	-0.0561	-0.4114	-0.496	-0.401	-0.1324	-0.2454	-0.3683	-0.5808	-0.4548	-0.4707	-0.3752	0.1082	-0.3419	0.255	0.0186	-0.2357	-0.0027	0.236	0.614	0.3371	0.1313	0.2039	0.5083	0.5549	-0.0489	0.0536	0.2246	0.5768	0.7533	-0.2821	-0.1167	-0.194	0.0068	0.3991	-0.1354	0.5248	1.0	0.5549	0.6683	-0.1346	0.7954	0.2341	0.0467	0.238	0.3061	-0.3624	0.4197	0.7017	0.3902	0.4482	0.0759	0.4867	0.4861
RH_Default_Temp_1	-0.48	-0.3312	-0.4777	-0.3851	-0.1626	-0.1633	-0.2324	-0.0866	-0.1873	-0.3566	-0.2993	-0.2858	-0.3569	-0.3258	-0.1574	-0.4276	-0.0851	-0.4249	-0.3208	0.1444	-0.2135	-0.3436	0.3144	0.3656	0.0181	0.2918	0.0216	-0.3262	0.4338	0.1469	-0.2304	-0.597	-0.5706	-0.3098	-0.3751	-0.4317	-0.5762	-0.432	-0.1313	-0.2627	-0.456	-0.2727	-0.3771	-0.5951	-0.4287	-0.3468	-0.212	-0.4045	-0.4785	-0.2025	0.1774	-0.3852	-0.2252	-0.3934	0.0351	0.0298	0.1459	0.023	0.227	0.384	0.3069	-0.2891	-0.4151	-0.246	0.197	0.2287	0.3511	-0.2335	0.0259	0.1484	-0.1141	-0.1236	-0.2487	0.7624	0.2459	0.602	0.5833	0.4322	0.2799	-0.0391	0.2632	0.4344	0.4941	0.2307	0.3076	0.447	0.4884	0.5224	0.6481	0.1348	0.2644	0.2959	0.4513	0.292	0.2102	0.2562	0.4189	0.1343	0.3111	0.1815	-0.2557	-0.0271	-0.2646	-0.5457	-0.0882	-0.0179	-0.0874	-0.1557	-0.3585	-0.3142	-0.1457	-0.2391	-0.2711	-0.2806	-0.3175	-0.3535	-0.451	0.0459	-0.3059	-0.2797	-0.5252	-0.1116	-0.3234	-0.1184	-0.3171	-0.2593	0.1996	-0.0921	-0.0493	-0.2529	-0.3016	0.1607	0.3511	0.2876	-0.446	-0.263	-0.0815	-0.3689	-0.1437	-0.3761	-0.5866	-0.5502	-0.1847	-0.3118	-0.4342	-0.2489	-0.2835	0.2529	-0.5285	-0.4892	-0.2986	0.0723	-0.3551	-0.4409	-0.3113	-0.5083	-0.2973	-0.2995	0.2855	0.1253	0.2895	0.5113	0.2161	0.2961	0.2406	0.2803	-0.2079	-0.3334	0.2972	0.1901	0.2403	-0.2383	-0.1151	0.35	0.2766	0.4956	-0.2865	-0.151	-0.127	0.1375	0.3328	-0.1705	0.5448	0.5549	1.0	0.2777	0.2054	0.7309	0.5474	0.2885	0.3913	0.2788	-0.1853	0.6132	0.5117	0.2362	-0.0183	0.0669	0.3767	0.2851
RH_Default_Temp_2	-0.418	-0.0781	-0.3032	-0.3946	0.0259	-0.2157	-0.3286	0.0363	-0.1145	-0.5423	-0.2904	-0.5732	-0.3803	-0.3622	0.0681	0.0468	-0.0557	-0.0354	-0.0568	0.226	-0.4132	-0.5608	0.2546	0.1792	-0.1976	0.2082	-0.247	-0.4001	0.2463	-0.325	-0.35	-0.1041	-0.0646	-0.132	-0.2752	-0.1726	-0.4362	-0.4106	-0.2945	-0.403	-0.389	-0.35	0.1727	-0.1745	-0.2256	-0.1869	-0.1126	-0.2605	-0.314	-0.2575	-0.4629	-0.6607	-0.4731	-0.5375	0.1569	0.1341	-0.3481	-0.0495	-0.1111	0.0949	0.5814	0.2541	0.1854	0.4338	0.2385	0.4221	0.3536	-0.0274	0.2109	0.2179	-0.2009	-0.1823	-0.1908	0.0918	0.569	0.158	0.4785	0.1873	-0.1245	-0.0491	0.0327	0.411	-0.0277	-0.0919	0.1471	-0.0609	-0.0446	-0.05	0.1694	-0.3061	0.5134	0.1417	0.4653	0.2472	0.0994	-0.2105	0.173	0.2459	0.1569	-0.095	-0.2045	-0.1465	-0.0575	-0.3483	0.0681	-0.1631	-0.1042	-0.0209	-0.472	-0.5234	-0.1203	-0.1041	-0.4161	-0.331	-0.272	-0.0753	0.0683	0.2191	-0.2666	0.034	-0.1305	-0.1125	-0.5183	-0.1726	-0.4605	-0.3635	-0.0059	-0.5556	-0.3266	-0.3564	-0.4645	-0.1011	0.1879	-0.0997	-0.1864	-0.3102	-0.3194	0.2278	-0.4063	-0.2255	-0.2283	-0.3136	-0.3865	-0.4478	-0.3444	-0.1734	0.0164	-0.0757	-0.2412	-0.2429	-0.2129	-0.0219	0.0441	-0.2445	-0.2911	-0.3575	-0.466	-0.4819	0.222	-0.0669	-0.101	-0.2871	-0.1643	-0.1185	0.1954	0.62	0.5863	0.5883	0.1144	0.8268	0.4251	0.1559	0.3563	-0.0609	0.3651	0.5656	-0.3825	-0.0658	-0.0936	-0.1368	0.3477	-0.1716	-0.0102	0.6683	0.2777	1.0	-0.2527	0.5797	0.1681	0.1898	0.1994	0.2102	-0.35	0.1727	0.5077	-0.0122	0.4777	-0.3086	0.1586	0.0638
RH_Default_Temp_3	0.1811	0.1345	-0.0648	0.2228	-0.048	0.1164	0.2234	0.0654	0.1568	0.2318	0.213	0.1356	0.323	0.2299	-0.1402	-0.1591	-0.2171	0.145	-0.1165	-0.112	0.3511	0.1231	-0.2491	-0.2684	0.0735	-0.1838	-0.0594	0.1494	-0.1611	0.1206	-0.0133	-0.0335	-0.356	0.0271	-0.232	-0.0895	0.0407	0.218	0.3302	0.297	0.241	0.1383	-0.3874	0.0813	0.3885	0.4374	0.3355	0.1164	0.2412	0.4048	0.3905	0.0414	0.4877	0.3095	-0.2242	-0.1876	-0.0194	-0.1812	0.0764	0.127	-0.2564	-0.2748	-0.0682	-0.439	-0.2099	-0.4486	-0.2891	-0.3086	-0.4219	-0.4713	0.0827	0.0823	0.0502	-0.0675	-0.5	-0.0042	-0.2352	-0.1773	0.5315	0.0381	0.5013	-0.3852	0.0877	-0.1646	0.0888	-0.1165	0.1815	-0.0086	-0.06	-0.028	-0.5536	-0.3842	-0.4154	-0.2354	-0.12	0.0094	-0.1586	-0.3647	-0.1618	-0.1657	0.1035	0.1885	0.0912	0.156	-0.0314	0.082	0.1492	0.0282	0.2204	0.0946	0.1168	0.2333	0.2909	0.1526	0.0624	-0.2402	-0.2166	-0.3556	-0.2652	0.224	-0.1921	-0.1718	0.3447	-0.1902	0.1091	0.0202	-0.1201	0.0197	0.09	0.0646	0.1986	-0.026	-0.3012	-0.1661	-0.0529	0.1509	0.1012	0.0236	0.3027	0.349	0.1099	0.1466	0.4897	0.3319	-0.0022	0.2502	0.3575	0.6159	0.268	0.342	0.3857	0.4575	0.1552	0.1844	0.4437	0.0406	0.4372	0.3167	-0.0953	0.193	-0.0424	0.2346	0.0627	0.0762	0.5028	-0.0258	-0.2449	-0.2093	0.238	-0.288	-0.1258	0.1183	-0.1148	0.5163	-0.1015	-0.0086	0.3616	0.1187	0.0202	0.0815	-0.0618	0.4225	0.4117	-0.1346	0.2054	-0.2527	1.0	0.0118	0.2986	0.3664	-0.0093	0.0847	-0.0331	0.1288	-0.2151	0.2007	-0.1106	-0.0213	-0.0068	0.3102
RH_Default_Temp_4	-0.5363	-0.0575	-0.3373	-0.4011	0.1102	-0.3539	-0.1881	0.0975	-0.0978	-0.4699	-0.2318	-0.4975	-0.3192	-0.2831	-0.2015	-0.3098	-0.1104	-0.3493	-0.1488	0.3573	-0.1624	-0.3111	0.3917	0.3243	-0.1671	0.2611	-0.2226	-0.2402	0.3694	0.0893	-0.4575	-0.573	-0.5399	-0.1307	-0.272	-0.455	-0.6198	-0.3934	-0.3309	-0.4148	-0.519	-0.4478	-0.2727	-0.4239	-0.4048	-0.38	-0.2119	-0.4869	-0.5932	-0.2541	0.0216	-0.5198	-0.3607	-0.2886	-0.0795	0.0379	-0.0291	-0.1056	-0.021	0.3381	0.5546	-0.0966	-0.3208	-0.1683	0.0434	0.3371	0.3722	-0.1538	-0.0379	0.2675	-0.122	-0.1665	-0.3905	0.6539	0.3793	0.3994	0.6369	0.3742	-0.0393	-0.3275	0.1841	0.4193	0.3373	0.0567	0.2723	0.2454	0.2308	0.2352	0.4645	-0.024	0.3577	0.3173	0.5388	0.1921	0.3598	-0.139	0.3405	0.1253	0.1768	-0.1902	-0.456	-0.2941	-0.1107	-0.4276	0.1361	0.0276	-0.4203	0.1073	-0.3505	-0.4366	-0.0128	-0.075	-0.3507	-0.1831	-0.2591	-0.2465	-0.1633	0.0687	-0.1924	-0.1883	-0.4211	0.0714	-0.4411	0.0268	-0.241	-0.2575	0.194	-0.1937	0.0387	-0.2246	-0.2382	-0.1194	0.3113	0.1564	-0.3907	-0.2181	-0.0887	-0.1756	-0.2071	-0.265	-0.4648	-0.4612	-0.3611	-0.3669	-0.5025	-0.1961	-0.216	0.1097	-0.3738	-0.4201	-0.1985	0.117	-0.3093	-0.362	-0.4275	-0.5069	-0.4699	-0.2151	0.1885	-0.0757	0.2064	0.1682	-0.138	0.1608	0.3657	0.5922	0.0929	-0.0292	0.3481	0.4848	0.5134	-0.0744	0.0894	0.4041	0.5608	0.7306	-0.2918	-0.0202	-0.3321	-0.0334	0.6054	-0.3077	0.3517	0.7954	0.7309	0.5797	0.0118	1.0	0.5633	0.3399	0.1662	0.1953	-0.2962	0.5062	0.7658	0.13	0.2639	-0.1891	0.3271	0.2317
RH_Default_Temp_5	-0.3218	0.0108	-0.1495	-0.3191	-0.0468	-0.2554	-0.1249	0.1773	-0.0288	-0.2904	-0.0281	-0.2647	-0.0981	-0.0742	-0.3468	-0.6056	-0.336	-0.2639	-0.3025	0.2172	0.0326	0.0622	0.0038	0.1245	-0.305	0.1821	-0.1732	-0.1654	-0.0093	0.0026	-0.0207	-0.2867	-0.3689	-0.3265	-0.3651	-0.2255	-0.5603	-0.2335	-0.4968	-0.2543	-0.4247	-0.5285	-0.1837	-0.402	-0.1493	-0.2059	-0.189	-0.3973	-0.3131	0.022	0.0196	-0.1118	-0.3217	0.1666	0.1308	-0.0646	0.0708	0.0022	0.0666	0.4146	0.25	-0.0489	-0.2598	-0.1236	0.1047	0.3819	0.1775	-0.2017	0.1691	0.1666	-0.3784	-0.097	-0.4175	0.5132	0.153	0.3641	0.6173	0.4945	0.1223	-0.462	0.3481	0.1309	0.4544	-0.2381	0.5395	0.0105	0.5522	0.0942	0.4376	0.0627	0.2598	0.4197	0.3733	-0.06	0.3683	-0.3241	0.0921	-0.121	-0.1102	-0.2518	-0.1221	-0.4437	0.0125	-0.1789	0.1353	0.133	-0.4746	-0.0393	-0.08	-0.4354	0.1173	0.0465	-0.2119	0.0751	-0.0256	-0.4048	-0.3551	-0.1416	-0.0604	-0.0726	-0.2369	0.0978	-0.1497	-0.0053	-0.013	-0.1965	0.1651	-0.0177	0.2505	-0.0663	0.0861	-0.1543	0.0837	0.2119	-0.1269	0.0461	0.1308	-0.3304	-0.0567	-0.3275	-0.2123	-0.3081	-0.4358	-0.1426	-0.3669	-0.3733	-0.0206	0.4746	-0.0803	-0.1864	0.3451	0.3531	-0.3902	-0.3604	-0.0411	-0.2698	-0.429	0.2112	0.0525	0.1266	-0.1966	0.413	0.1914	0.0743	0.2871	0.1527	-0.1788	-0.1713	0.3275	0.2208	0.2777	-0.2305	0.1459	0.292	0.1932	0.4707	-0.3452	0.0084	-0.2481	-0.2419	0.6194	-0.3799	0.1513	0.2341	0.5474	0.1681	0.2986	0.5633	1.0	0.5502	0.0157	-0.1433	-0.2611	0.2833	0.5227	-0.146	-0.1439	-0.3449	-0.0631	-0.1397
RH_Default_PFCv_1	-0.2481	0.0185	-0.1869	-0.1842	0.0508	-0.0595	0.0618	0.0581	0.0666	0.0329	-0.0009	-0.13	0.0609	-0.0373	-0.15	-0.2181	-0.127	0.1911	-0.1461	0.1879	0.241	0.0776	-0.0412	-0.1244	-0.1959	-0.1181	-0.1459	-0.1628	-0.1275	0.1639	-0.1338	-0.0277	-0.1922	-0.1342	-0.3969	-0.1103	-0.3358	0.0216	-0.2088	-0.0688	-0.1747	-0.3417	0.0229	-0.0032	0.3289	0.3182	0.2947	0.1065	0.205	0.459	-0.0866	-0.0902	0.039	0.2192	0.2484	0.0554	-0.0081	-0.167	-0.0947	0.3061	0.2198	0.0765	0.1087	-0.159	-0.0576	0.2213	0.0026	-0.2777	0.1358	-0.1286	-0.2938	-0.0708	-0.247	0.0216	-0.1996	0.0633	0.2218	0.0227	0.1006	-0.3799	0.15	-0.2818	0.2128	-0.4476	0.6799	-0.3082	0.3863	-0.2155	0.0522	-0.1948	-0.1524	0.0441	-0.0734	-0.4476	-0.121	-0.4398	-0.3091	-0.3828	-0.3332	-0.2995	0.0527	-0.349	-0.086	-0.039	0.0235	-0.0164	-0.2736	0.0191	0.0986	-0.0819	0.0327	0.0937	-0.0787	0.0275	-0.1187	-0.2895	-0.2586	-0.2043	-0.2647	0.3133	-0.2977	-0.028	0.1868	-0.2578	0.1121	-0.0063	-0.0483	-0.3098	0.0255	-0.1291	0.0392	-0.1391	-0.2775	-0.1169	-0.0239	0.0026	0.0646	0.147	0.004	-0.0214	0.0242	-0.086	-0.103	0.0464	-0.2369	-0.143	0.5437	0.4648	0.1515	0.3113	0.564	0.4581	0.1806	0.1853	0.432	-0.2754	-0.0043	0.2281	0.2076	0.4042	-0.171	0.1664	0.176	0.0032	0.592	0.3472	-0.0012	0.123	0.5635	0.3226	0.2876	0.3748	0.4372	0.2909	0.0937	0.423	-0.1122	0.0631	-0.0666	-0.1907	0.4388	-0.1689	0.0131	0.0467	0.2885	0.1898	0.3664	0.3399	0.5502	1.0	-0.0892	0.0073	-0.2081	0.0482	0.1186	-0.3239	-0.1107	-0.4848	-0.1662	-0.121
RH_Default_PFCdPFCm_1	-0.1061	-0.0661	-0.0624	-0.2692	0.1592	0.1272	-0.2034	0.0104	0.1767	-0.2434	-0.0002	-0.0827	-0.2554	0.0728	0.0964	-0.362	0.1222	-0.3457	-0.341	-0.1076	-0.3326	-0.194	-0.0971	0.1052	-0.1839	0.0784	-0.0962	-0.4211	0.2779	0.0083	0.0174	-0.3594	-0.3689	-0.2772	-0.2214	-0.4153	-0.3378	-0.1519	-0.2079	-0.2749	-0.3664	-0.3218	-0.4055	-0.4392	-0.3351	-0.3946	-0.2849	-0.3739	-0.1387	-0.2686	-0.1249	-0.1475	-0.2812	-0.3676	0.1591	-0.1017	0.0314	0.438	0.3689	0.1691	-0.2006	-0.4102	-0.3886	-0.1724	0.5219	-0.0836	0.0541	-0.3763	-0.0721	-0.0169	-0.0901	-0.1381	-0.2412	0.3776	0.1443	0.6357	0.1156	0.0863	0.2711	0.3138	0.2301	0.4927	0.435	0.4819	0.0032	0.5212	0.4085	0.6173	0.5989	0.3223	0.2385	0.0012	0.2606	0.4992	0.1266	0.4983	0.4796	0.24	0.231	0.3147	0.1219	0.2641	-0.0876	-0.3289	0.0925	-0.2877	0.0953	0.0535	-0.3426	-0.1109	0.0688	-0.2489	-0.2044	-0.2161	0.111	-0.3696	-0.3676	-0.0572	-0.247	-0.1186	-0.0798	-0.3685	-0.3185	0.0133	-0.3321	-0.1689	0.0695	0.0987	-0.0467	0.1585	-0.2568	0.2995	0.2677	0.218	-0.1832	-0.2354	0.1158	-0.4425	0.1136	-0.3456	-0.3474	-0.2894	-0.2299	-0.2038	-0.0718	-0.3358	-0.3681	-0.0356	-0.5617	-0.3397	-0.4183	-0.1756	-0.2941	-0.4486	-0.2479	-0.2707	-0.3118	-0.2855	0.0419	0.1017	-0.1226	0.1384	0.2683	0.4874	-0.2646	-0.2707	-0.2998	-0.3271	-0.138	-0.0714	-0.1871	-0.4146	-0.2785	-0.1661	-0.325	-0.0128	-0.1969	-0.1575	0.0123	0.0342	-0.0858	-0.0488	0.4067	0.238	0.3913	0.1994	-0.0093	0.1662	0.0157	-0.0892	1.0	0.6027	0.0106	0.6924	0.2146	0.2489	-0.2657	0.412	0.4502	0.1099
RH_Default_PFCdPFCm_2	-0.1017	0.0849	-0.0515	-0.0812	0.2278	0.1571	0.0584	-0.0047	0.2961	-0.0625	-0.0301	0.1401	-0.1215	0.0944	0.0692	-0.0882	0.2472	-0.0828	-0.2417	0.057	0.0111	-0.0124	0.0398	-0.0539	0.0091	-0.038	0.0238	-0.3624	0.1391	0.1147	-0.2055	-0.3986	-0.3133	0.0354	-0.0238	-0.3507	-0.3289	-0.0311	-0.0772	-0.1928	-0.3644	-0.3714	-0.3628	-0.1675	-0.1066	-0.2345	-0.111	-0.326	0.0366	-0.08	-0.1341	-0.2173	-0.0388	-0.1811	-0.0478	-0.0366	-0.1971	0.2162	0.2191	0.0021	-0.1847	-0.347	-0.3638	-0.3073	0.2015	-0.272	-0.1321	-0.4366	-0.2947	-0.2057	0.097	-0.0443	-0.2435	0.1526	-0.1411	0.3855	-0.0553	-0.0901	0.0918	0.1515	0.0046	0.293	0.2983	0.4846	0.0815	0.4941	0.226	0.4983	0.424	0.1314	0.044	-0.3144	-0.0047	0.2465	-0.1044	0.4398	0.4482	0.1987	0.1934	0.0627	0.007	0.3386	0.0151	0.0384	0.1809	-0.1428	0.1625	0.1747	-0.1245	0.0921	0.091	-0.0721	0.0094	-0.1494	0.1349	-0.1053	-0.1006	-0.0628	-0.2927	0.0275	-0.0572	-0.2122	-0.0852	-0.0872	-0.1285	-0.1259	-0.1141	0.0117	-0.1228	-0.0706	-0.2941	0.1886	0.1066	0.04	-0.0528	-0.2193	0.1784	-0.2122	0.1586	-0.1233	-0.0839	-0.0944	-0.1143	-0.1396	-0.0692	-0.2468	-0.144	-0.1188	-0.2729	-0.1577	-0.2359	-0.2044	-0.0806	-0.1535	-0.1327	-0.2225	-0.11	-0.2324	0.1068	0.2713	0.2128	-0.0097	0.0054	0.238	-0.1495	-0.0713	-0.1137	-0.1884	0.0748	-0.0765	0.0469	-0.1332	-0.1075	-0.0647	-0.2351	0.0306	0.1022	-0.0279	0.0198	0.2855	-0.1178	-0.0766	0.3978	0.3061	0.2788	0.2102	0.0847	0.1953	-0.1433	0.0073	0.6027	1.0	0.1839	0.6469	0.2207	0.3109	-0.0649	0.3236	0.6218	0.3093
RH_Default_PFCdPFCm_3	0.1804	0.0052	0.2256	0.186	0.0022	0.1226	-0.1167	-0.1134	0.0327	0.1146	0.0864	0.4279	0.0893	0.1215	0.0494	0.2224	0.1845	0.104	0.2298	-0.166	0.1887	0.2959	0.0361	0.0496	0.2657	-0.0031	0.193	0.0022	0.0182	0.222	0.3577	0.0962	0.062	0.1197	0.1955	0.0377	0.1622	0.2015	0.1669	0.2073	0.1132	0.1241	-0.0667	0.0934	0.139	0.0451	0.1537	0.1294	0.1841	0.1704	0.2025	0.2693	0.2096	0.092	-0.0095	0.3107	0.2051	0.0404	-0.0254	0.1223	-0.3275	-0.2084	-0.0347	-0.0606	0.1379	-0.3192	-0.102	0.0703	-0.1574	-0.2065	-0.0113	-0.0961	0.3127	-0.1435	-0.2012	0.0907	-0.2276	-0.1401	-0.1912	0.1085	-0.265	-0.1677	0.0541	0.3375	-0.0564	0.2096	-0.0036	0.1786	0.0025	0.2155	-0.1087	-0.1103	-0.2627	0.0601	-0.1672	0.233	-0.0317	-0.0017	-0.1655	0.2208	0.2007	0.1914	-0.0201	0.2077	-0.0194	-0.037	0.0783	0.0253	0.0675	0.4441	0.031	-0.0374	0.1	0.0633	0.1278	0.0546	-0.0991	0.0331	0.1058	0.0982	0.2546	0.0736	-0.0193	0.0314	0.0792	0.2437	0.2508	0.3505	0.1533	0.3689	0.1396	0.2766	0.0105	0.1798	0.1627	0.05	0.1944	-0.151	0.2256	-0.0426	-0.0458	0.022	0.1305	0.2349	0.1727	0.0808	-0.1758	-0.2608	0.0007	0.0519	-0.1634	0.1102	0.0321	0.0795	0.0788	0.0605	0.2315	0.0276	0.1676	0.3797	0.2256	0.0477	0.1501	0.2584	-0.2911	-0.3549	-0.3393	-0.3269	0.1119	-0.3729	-0.2454	-0.0695	-0.2599	-0.1068	-0.3846	-0.4307	0.0792	-0.2091	0.0806	0.2257	-0.1937	0.0743	-0.1006	-0.3624	-0.1853	-0.35	-0.0331	-0.2962	-0.2611	-0.2081	0.0106	0.1839	1.0	0.0817	-0.2305	0.1387	-0.1175	0.2754	0.0832	-0.1446
RH_Default_PFCdPFCm_4	-0.175	-0.021	-0.1614	-0.2962	0.1727	-0.0013	-0.0707	0.0131	0.1403	-0.2806	-0.0723	-0.0786	-0.2833	0.0024	-0.1623	-0.4625	0.1416	-0.4421	-0.323	0.1188	-0.1705	-0.0361	0.1889	0.1818	-0.0437	0.2608	0.0099	-0.1994	0.4103	0.2178	-0.0525	-0.5945	-0.6031	-0.0947	-0.0656	-0.5072	-0.4602	-0.149	-0.1441	-0.2821	-0.4803	-0.3705	-0.5866	-0.5726	-0.4413	-0.4826	-0.3834	-0.566	-0.2522	-0.2444	0.1527	-0.1062	-0.2028	-0.1834	-0.0379	0.0069	0.1778	0.3767	0.3851	0.2886	-0.1334	-0.6079	-0.6331	-0.3771	0.3736	-0.1758	0.087	-0.3954	-0.2527	-0.06	-0.1315	-0.1683	-0.2968	0.6322	0.0603	0.6899	0.2445	0.0944	0.1269	0.0778	0.2541	0.5072	0.5804	0.61	0.0886	0.7447	0.5161	0.8114	0.8114	0.3212	0.2833	0.1159	0.2835	0.5139	0.2736	0.4738	0.6411	0.2422	0.222	0.2023	-0.0117	0.2763	-0.1073	-0.2812	0.0832	-0.1324	-0.0933	0.0942	-0.2961	-0.1408	0.062	-0.2314	-0.215	-0.2019	0.0353	-0.3846	-0.3328	-0.0329	-0.2568	-0.2562	-0.179	-0.1557	-0.3657	0.1099	-0.2224	-0.0839	0.1942	0.2272	0.1475	0.0941	-0.1101	0.3487	0.4507	0.2874	-0.2727	-0.2993	0.2101	-0.6167	0.1054	-0.394	-0.4577	-0.3632	-0.2209	-0.1869	-0.2527	-0.2265	-0.5134	-0.027	-0.6157	-0.5117	-0.3913	-0.03	-0.4616	-0.505	-0.4484	-0.2855	-0.3408	-0.152	0.2218	0.2255	0.2349	0.3185	0.2989	0.4823	-0.1619	-0.187	-0.4312	-0.5382	0.0848	-0.1408	0.0056	-0.5095	-0.3696	0.1556	-0.1119	0.1352	-0.1959	-0.2236	-0.3159	0.146	0.2759	-0.1286	0.5048	0.4197	0.6132	0.1727	0.1288	0.5062	0.2833	0.0482	0.6924	0.6469	0.0817	1.0	0.5686	0.4102	-0.1318	0.4028	0.6031	0.2277
RH_Default_PFCdPFCm_5	-0.3913	0.005	-0.3069	-0.3849	0.0726	-0.2345	-0.2001	0.126	-0.0387	-0.4731	-0.204	-0.3979	-0.3227	-0.2382	-0.402	-0.4648	-0.021	-0.5292	-0.2704	0.3761	-0.211	-0.1068	0.3708	0.4239	-0.3868	0.4713	-0.0959	-0.2571	0.4048	0.0357	-0.321	-0.6088	-0.5022	-0.2006	-0.1809	-0.5363	-0.6501	-0.4968	-0.4956	-0.6251	-0.5022	-0.5102	-0.2423	-0.5508	-0.6297	-0.6444	-0.5308	-0.7109	-0.6215	-0.5146	-0.1596	-0.3522	-0.5693	-0.1574	-0.0789	-0.0765	-0.06	0.1771	0.0185	0.1503	0.3719	-0.2157	-0.4362	-0.0164	0.3053	0.3449	0.3133	-0.062	0.0751	0.384	-0.3643	-0.297	-0.4153	0.6308	0.4839	0.37	0.5673	0.2882	-0.1763	-0.2797	-0.0065	0.6225	0.3957	0.2002	0.1186	0.3874	0.2176	0.3898	0.5989	0.0679	0.6745	0.4815	0.6895	0.4715	0.5669	-0.0955	0.5203	0.3823	0.1289	-0.1092	-0.3258	-0.1868	0.0167	-0.2593	0.1395	0.1249	-0.3793	0.0878	-0.2675	-0.5649	0.0933	-0.1036	-0.37	-0.0927	-0.105	-0.2346	-0.0452	0.1165	-0.0371	-0.2793	-0.2084	0.1834	-0.4963	0.2256	-0.1324	-0.2534	0.1898	-0.1014	0.2472	-0.1158	-0.1373	0.0384	0.5633	0.2263	-0.3622	-0.2772	-0.0031	-0.4668	-0.2475	-0.5543	-0.4975	-0.459	-0.6421	-0.5326	-0.5216	-0.3036	-0.459	-0.0764	-0.4393	-0.59	-0.237	-0.0727	-0.5263	-0.5583	-0.5871	-0.3657	-0.7775	-0.1368	-0.0217	-0.1725	0.0695	0.0844	-0.1076	0.0043	0.0123	0.255	-0.0163	-0.1588	0.1369	0.4095	0.3138	-0.3644	-0.0693	0.2313	0.456	0.6157	-0.5633	-0.2286	-0.3901	-0.0246	0.75	-0.437	0.2252	0.7017	0.5117	0.5077	-0.2151	0.7658	0.5227	0.1186	0.2146	0.2207	-0.2305	0.5686	1.0	0.2506	0.3315	-0.0768	0.2815	0.0071
RH_Default_PFCdPFCm_6	-0.0672	-0.2333	-0.3888	0.014	-0.2093	0.1004	-0.1573	-0.24	-0.2307	-0.1421	-0.173	0.0433	-0.1546	-0.1992	-0.1848	-0.0776	0.1155	-0.2732	-0.0272	-0.0666	-0.061	-0.1258	0.2729	0.1086	0.0187	0.2283	-0.0351	0.1175	0.493	0.1057	-0.1063	-0.367	-0.4803	0.0378	0.0391	-0.3834	-0.05	-0.246	0.2724	-0.047	0.1466	0.3084	-0.3861	-0.2962	-0.3791	-0.2513	-0.1308	-0.1927	-0.2766	-0.1897	0.3816	-0.1752	0.0435	-0.0958	-0.3076	-0.1508	0.0499	0.1073	0.2998	-0.1853	-0.1408	-0.5113	-0.33	-0.2207	0.2207	-0.3573	0.0509	0.0624	-0.4057	0.0187	0.0428	-0.1875	0.1692	0.3427	0.0933	0.0638	-0.121	-0.235	0.0986	0.4022	0.1136	0.2743	0.106	0.445	-0.4078	0.4478	0.0963	0.4678	0.2151	0.3366	0.0152	0.0414	0.0778	0.6245	0.3566	0.4781	0.3343	0.2182	0.1444	0.2475	-0.0715	0.5617	-0.083	-0.1887	-0.2668	-0.0274	0.2019	-0.1761	-0.168	-0.0391	-0.198	-0.2683	-0.077	-0.176	-0.1657	0.0192	0.0389	0.1009	-0.0028	-0.2198	-0.108	0.0396	-0.2146	0.2754	-0.1413	0.1701	0.2081	0.1012	0.2646	0.0783	0.1451	0.1742	0.5224	0.1964	-0.4811	-0.262	0.0204	-0.314	0.0511	-0.0972	-0.4811	-0.2451	0.2092	-0.1704	-0.077	0.3702	-0.4803	-0.0675	-0.2874	-0.3167	-0.4073	-0.108	-0.3656	-0.1343	-0.3689	-0.1153	-0.0216	0.0015	-0.1644	-0.1858	0.3277	0.0915	-0.0493	0.2846	-0.106	-0.0809	-0.1469	-0.344	-0.0405	-0.1983	-0.1736	-0.2871	-0.5124	0.3917	0.2698	0.0686	-0.0611	-0.4289	0.0578	0.3664	0.1343	0.4421	0.6729	0.3902	0.2362	-0.0122	0.2007	0.13	-0.146	-0.3239	0.2489	0.3109	0.1387	0.4102	0.2506	1.0	0.4081	0.5402	0.2858	0.4534
RH_Default_PFCdPFCm_7	-0.0788	-0.1438	-0.3803	0.1346	-0.2661	-0.1292	-0.1364	-0.1298	-0.336	-0.1828	-0.2004	-0.1821	-0.0513	-0.3502	-0.1401	0.1621	-0.0114	0.0158	0.2788	0.1337	-0.1528	-0.24	0.3767	0.2192	-0.0408	0.2562	-0.0332	0.1297	0.4001	-0.1017	-0.3529	-0.036	-0.1742	0.0822	-0.0733	-0.1347	-0.0171	-0.3931	0.2468	-0.079	0.2546	0.2766	0.1422	-0.08	-0.1492	0.0339	0.0534	0.036	-0.2416	-0.1359	0.0974	-0.3018	-0.0096	-0.2098	-0.3443	-0.0131	-0.393	-0.2909	-0.1823	-0.2683	0.3389	0.0236	0.2584	0.2472	-0.0379	-0.009	0.1141	0.3644	-0.1743	0.0668	-0.133	-0.2152	0.1793	-0.0848	0.2398	-0.4392	-0.0861	-0.3052	-0.4047	-0.0001	-0.1964	-0.0022	-0.437	-0.1876	-0.454	-0.1792	-0.3997	-0.2591	-0.2749	-0.1638	0.1375	0.0128	0.0848	0.2091	0.2781	-0.268	-0.146	0.0765	-0.15	-0.1654	-0.3032	0.0686	0.1015	0.0381	-0.1465	0.2099	0.0062	-0.1108	-0.0756	-0.2131	-0.1702	0.0422	-0.0495	-0.0411	-0.3153	0.2208	0.3373	0.2616	-0.001	-0.0423	-0.2089	0.1931	-0.2605	0.0782	-0.1709	0.0055	0.0972	-0.4114	-0.03	-0.116	-0.0603	-0.0143	0.2909	-0.0214	-0.2835	-0.1148	-0.3627	0.3466	-0.3825	0.062	-0.2513	-0.0686	0.0941	-0.2116	-0.1403	0.4594	-0.0017	-0.1219	-0.0831	-0.0958	-0.1674	-0.065	0.0697	0.0131	-0.1645	-0.0192	-0.0712	-0.1304	-0.1515	-0.4099	0.1085	-0.2936	-0.5035	-0.2675	0.3038	0.5777	0.508	0.4153	-0.0945	0.4922	0.0321	0.2862	0.0732	0.3978	0.6642	0.3355	-0.2159	-0.2203	-0.0524	0.2134	0.3941	0.2124	0.0634	0.4482	-0.0183	0.4777	-0.1106	0.2639	-0.1439	-0.1107	-0.2657	-0.0649	-0.1175	-0.1318	0.3315	0.4081	1.0	-0.2156	-0.2026	0.1291
RH_Default_pCunPCC_1	0.1166	-0.1902	-0.0311	0.0337	-0.052	0.4077	0.0106	-0.3461	-0.0081	0.0689	-0.147	0.1633	-0.2527	-0.043	-0.1343	-0.0933	0.1131	-0.25	-0.0857	-0.3515	-0.2313	-0.0082	-0.0034	-0.084	0.1691	-0.0181	-0.0161	0.0172	0.3001	0.0295	0.2564	-0.2766	-0.1053	-0.0317	0.1911	-0.126	0.0888	0.0114	0.2481	-0.0238	-0.0737	0.2182	-0.3131	-0.3326	-0.3072	-0.3778	-0.1547	-0.0923	-0.0072	-0.1843	0.279	0.1116	-0.0375	-0.1023	-0.0834	-0.146	0.4398	0.5522	0.3162	-0.1815	-0.326	-0.3946	-0.3957	-0.1724	0.2397	-0.3159	0.1278	0.0105	-0.1552	0.1079	0.3036	-0.0098	0.1896	0.2956	0.0302	0.3355	-0.1467	-0.1351	0.1916	0.575	0.0072	0.4018	0.0802	0.7864	-0.2603	0.738	0.2235	0.6595	0.3408	0.4754	0.067	0.0828	0.0791	0.6126	0.1053	0.8925	0.581	0.3366	0.4617	0.6037	0.2055	0.7184	-0.3082	-0.281	-0.2064	-0.3339	0.2986	-0.1745	-0.0911	0.3093	-0.2207	-0.4462	-0.0438	-0.3304	-0.0276	-0.0889	-0.1132	-0.056	-0.149	-0.3215	-0.0197	-0.3517	-0.1999	-0.0122	-0.2497	-0.0016	-0.0221	0.2815	0.0069	0.0667	-0.0542	0.2226	0.3306	0.2505	-0.2096	-0.4569	0.0706	-0.489	0.0915	-0.1777	-0.2668	-0.2088	0.1046	-0.1042	0.0367	-0.052	-0.6031	-0.4176	-0.5127	-0.4309	-0.5335	-0.3651	-0.3317	-0.2456	-0.3938	-0.0736	-0.026	-0.1745	0.001	-0.0949	0.3604	0.1325	0.2298	0.3459	-0.575	-0.4676	-0.3328	-0.4629	-0.2308	-0.5363	-0.166	-0.499	-0.5106	-0.2289	-0.3366	-0.2941	0.1025	-0.3511	0.0753	0.2481	-0.2688	0.1863	0.4486	0.0759	0.0669	-0.3086	-0.0213	-0.1891	-0.3449	-0.4848	0.412	0.3236	0.2754	0.4028	-0.0768	0.5402	-0.2156	1.0	0.5176	0.4153
RH_Default_pCunPCC_2	-0.1134	0.0003	-0.0816	-0.0212	0.128	-0.0558	0.1368	-0.1753	0.157	-0.028	-0.0997	-0.0718	-0.1454	-0.0723	-0.1091	-0.0585	-0.0432	-0.3102	-0.432	-0.2118	-0.282	-0.1304	-0.0133	-0.0831	0.0647	-0.143	-0.0748	-0.2263	0.0715	-0.038	-0.0676	-0.3426	-0.0985	0.0015	0.0432	-0.1959	-0.2468	-0.0429	0.0004	-0.2785	-0.4333	-0.2527	-0.3613	-0.25	-0.268	-0.3319	-0.2584	-0.3738	-0.1432	-0.2639	0.0106	-0.252	-0.1127	-0.2333	-0.0166	0.0133	0.0802	0.3952	-0.0026	-0.0199	0.1088	-0.1038	-0.3575	-0.1064	0.1363	-0.0837	0.1416	-0.2898	-0.0826	0.0195	0.4513	0.2608	-0.1736	0.3554	0.1792	0.4609	0.2429	0.2072	0.232	0.3059	0.0579	0.5663	0.3321	0.6636	0.1187	0.7054	0.1747	0.6181	0.4571	0.0403	0.218	-0.0625	0.2529	0.4085	-0.1477	0.5896	0.7637	0.57	0.6285	0.2732	0.0063	0.2518	-0.2361	-0.1847	0.0511	-0.1836	0.1175	0.0842	-0.0912	0.0318	-0.047	-0.0545	0.0437	-0.2871	-0.0897	-0.1969	-0.1838	-0.1408	-0.2913	-0.1032	-0.1762	-0.3948	-0.1916	-0.1849	-0.4165	-0.2732	-0.1623	-0.0123	-0.2135	-0.1258	-0.3399	-0.0684	0.0916	-0.06	-0.2851	-0.4815	-0.138	-0.393	-0.0768	-0.1416	-0.2365	-0.3007	-0.1684	-0.1921	-0.4267	-0.3347	-0.4648	-0.1687	-0.3675	-0.4136	-0.4699	-0.1586	-0.2208	-0.2941	-0.4552	-0.3182	-0.175	-0.393	0.1956	0.0481	0.4183	0.1807	0.0607	0.1374	-0.1788	-0.034	-0.0249	-0.2427	0.1795	-0.1699	0.2833	-0.3526	-0.204	-0.1778	-0.2413	0.1619	0.2039	0.1429	-0.0311	0.0955	-0.2293	-0.1472	0.439	0.4867	0.3767	0.1586	-0.0068	0.3271	-0.0631	-0.1662	0.4502	0.6218	0.0832	0.6031	0.2815	0.2858	-0.2026	0.5176	1.0	0.6088
RH_Default_pCunPCC_3	-0.1121	-0.193	-0.3468	0.1778	-0.1713	-0.1216	0.336	-0.2568	-0.0986	0.143	-0.2882	-0.0811	-0.0845	-0.2885	-0.1214	0.0958	-0.193	-0.0811	-0.1412	-0.191	-0.1233	-0.3212	-0.0038	-0.1556	0.0721	-0.1862	-0.1454	-0.0942	0.171	-0.1486	-0.1531	-0.1389	-0.0345	0.1304	-0.1602	-0.0009	-0.0245	-0.1511	0.4533	-0.0761	0.0255	0.2249	-0.198	-0.1126	-0.1044	0.0324	0.0332	0.0535	-0.0616	-0.0005	0.2056	-0.2922	0.1982	-0.2632	-0.1475	-0.0353	0.0174	0.1582	0.1437	-0.3269	0.2253	0.0912	-0.0097	-0.0706	-0.1381	-0.1783	0.2071	0.0474	-0.1486	0.026	0.7027	0.432	0.114	0.1504	0.0215	0.0019	-0.0224	-0.0379	0.4103	0.5368	0.2513	0.2842	-0.1487	0.3466	-0.1664	0.3315	-0.0488	0.2444	-0.0257	-0.1037	-0.1475	-0.2026	0.0544	0.25	-0.2139	0.4548	0.4059	0.2977	0.6652	0.1866	-0.0909	0.3907	-0.3786	-0.2133	-0.2858	-0.1864	0.2641	-0.1866	0.0691	0.1607	-0.4008	-0.0992	0.1767	-0.4032	-0.4107	-0.1186	-0.03	-0.2356	-0.4596	-0.2139	-0.3876	-0.3688	-0.0156	-0.2225	-0.3689	-0.2391	-0.3664	-0.2205	-0.3547	-0.3043	-0.3321	-0.1803	-0.0417	-0.2831	-0.4609	-0.4186	-0.3624	-0.0126	-0.1235	0.2978	-0.1608	-0.2281	0.3243	-0.1632	-0.2869	0.0583	-0.1503	0.116	-0.1384	-0.2079	-0.277	-0.1734	0.0354	0.0846	-0.2351	-0.2625	0.2222	-0.365	0.1124	-0.1902	0.5385	0.1919	-0.1205	0.0071	0.1985	0.2657	0.2397	-0.0046	0.2489	-0.1288	0.3072	0.0234	-0.0479	0.1532	0.1008	0.2166	0.5241	0.233	0.2352	0.2015	-0.2508	0.2748	0.644	0.4861	0.2851	0.0638	0.3102	0.2317	-0.1397	-0.121	0.1099	0.3093	-0.1446	0.2277	0.0071	0.4534	0.1291	0.4153	0.6088	1.0
